id,true_class,pred_class,true_score,pred_score,p_negative,p_neutral,p_positive
-3g5yACwYnA$_$4,Positive,Positive,1.0,1.1383154392242432,0.004330458119511604,0.14582684636116028,0.8498427271842957
-HwX2H8Z4hY$_$3,Positive,Positive,0.3333333432674408,0.6154999136924744,0.11482463032007217,0.27149906754493713,0.6136763095855713
-HwX2H8Z4hY$_$9,Negative,Negative,-0.3333333432674408,-0.48527926206588745,0.558375358581543,0.36915725469589233,0.0724673792719841
-NFrJFQijFE$_$0,Neutral,Neutral,0.0,-0.003114691935479641,0.1598924994468689,0.6923677325248718,0.14773984253406525
-THoVjtIkeU$_$2,Positive,Positive,1.3333333730697632,1.285088062286377,0.025305980816483498,0.08293957263231277,0.8917543888092041
-UuX1xuaiiE$_$9,Positive,Positive,0.6666666865348816,0.644934892654419,0.06809474527835846,0.23619596660137177,0.6957092881202698
-WXXTNIJcVM$_$0,Positive,Positive,2.0,1.3562846183776855,0.02922321856021881,0.151992067694664,0.8187847137451172
-a55Q6RWvTA$_$3,Positive,Positive,0.6666666865348816,0.7436498403549194,0.16393530368804932,0.15001779794692993,0.6860469579696655
-aNfi7CP8vM$_$10,Neutral,Positive,0.0,0.6287512183189392,0.2229781150817871,0.16424618661403656,0.6127756834030151
-aqamKhZ1Ec$_$1,Negative,Negative,-0.6666666865348816,-0.6337922811508179,0.7360447645187378,0.13483953475952148,0.1291157305240631
-aqamKhZ1Ec$_$0,Negative,Negative,-2.0,-1.7161247730255127,0.9390308856964111,0.05299719050526619,0.007971929386258125
-dxfTGcXJoc$_$0,Positive,Positive,1.0,0.8040241003036499,0.020920399576425552,0.23798604309558868,0.7410935163497925
-dxfTGcXJoc$_$6,Positive,Positive,0.6666666865348816,1.1168841123580933,0.0066109527833759785,0.16494183242321014,0.8284472227096558
-egA8-b7-3M$_$3,Positive,Positive,0.6666666865348816,0.7383006811141968,0.040797214955091476,0.2682160437107086,0.6909867525100708
-lqc32Zpr7M$_$18,Negative,Positive,-0.6666666865348816,0.5083903074264526,0.18987084925174713,0.19836722314357758,0.6117619276046753
-lzEya4AM_4$_$6,Negative,Negative,-0.3333333432674408,-0.4487776458263397,0.725549578666687,0.22378166019916534,0.05066879093647003
-mJ2ud6oKI8$_$9,Neutral,Negative,0.0,0.009330011904239655,0.4071810245513916,0.2188604176044464,0.373958557844162
-mqbVkbCndg$_$1,Neutral,Neutral,0.0,0.10348425805568695,0.23755890130996704,0.5707083344459534,0.19173280894756317
-mqbVkbCndg$_$4,Positive,Negative,0.3333333432674408,0.43357086181640625,0.3945561945438385,0.32151293754577637,0.28393086791038513
-tPCytz4rww$_$16,Neutral,Neutral,0.0,-0.387189120054245,0.32745620608329773,0.530401349067688,0.1421423852443695
-vxjVxOeScU$_$2,Positive,Positive,0.6666666865348816,1.5876450538635254,0.009820745326578617,0.09855455160140991,0.8916246294975281
-wny0OAz3g8$_$0,Positive,Negative,0.3333333432674408,0.13020935654640198,0.48617127537727356,0.28867319226264954,0.2251555323600769
-wny0OAz3g8$_$5,Positive,Positive,1.0,0.6423377990722656,0.021679960191249847,0.4643961191177368,0.5139238834381104
03X1FwF6udc$_$22,Positive,Positive,0.6666666865348816,0.8315872550010681,0.05135137215256691,0.2617645561695099,0.6868841052055359
07Z16yRBFUQ$_$5,Neutral,Negative,0.0,-0.7144960761070251,0.4644256830215454,0.4445596933364868,0.09101459383964539
0BVed2nBq1g$_$0,Neutral,Neutral,0.0,0.2204664647579193,0.11278685182332993,0.451190710067749,0.43602249026298523
0BVed2nBq1g$_$3,Negative,Negative,-0.6666666865348816,-0.30288073420524597,0.5561651587486267,0.3448825776576996,0.0989522635936737
0BVed2nBq1g$_$2,Negative,Negative,-0.3333333432674408,-0.43692710995674133,0.7593607902526855,0.13213194906711578,0.10850723832845688
0DBfvvIVmqY$_$13,Positive,Positive,0.3333333432674408,0.9501319527626038,0.02811942808330059,0.12773993611335754,0.8441406488418579
0DBfvvIVmqY$_$14,Positive,Positive,0.6666666865348816,0.6732313632965088,0.055030785501003265,0.42854705452919006,0.5164221525192261
0DBfvvIVmqY$_$4,Positive,Neutral,0.3333333432674408,0.04042418673634529,0.22006085515022278,0.4697760045528412,0.31016314029693604
0DBfvvIVmqY$_$8,Positive,Positive,2.3333332538604736,0.8747332692146301,0.02321796491742134,0.26014742255210876,0.7166346311569214
0EphpADwdPg$_$6,Positive,Positive,0.6666666865348816,0.9160611629486084,0.019521335139870644,0.35893765091896057,0.6215409636497498
0FA32bEZ6xI$_$24,Neutral,Positive,0.0,0.7912980318069458,0.04618852213025093,0.40125250816345215,0.5525588989257812
0FA32bEZ6xI$_$25,Positive,Positive,0.6666666865348816,1.209085464477539,0.013215150684118271,0.2095809131860733,0.7772039771080017
0FA32bEZ6xI$_$28,Neutral,Neutral,0.0,0.49773406982421875,0.02139786258339882,0.5943241715431213,0.38427796959877014
0FA32bEZ6xI$_$3,Neutral,Neutral,0.0,-0.02815999835729599,0.20431990921497345,0.6460410356521606,0.14963896572589874
0FA32bEZ6xI$_$6,Neutral,Neutral,0.0,0.44672542810440063,0.0139285484328866,0.5005529522895813,0.4855184555053711
0FA32bEZ6xI$_$15,Neutral,Positive,0.0,1.074275255203247,0.014357161708176136,0.27139273285865784,0.7142501473426819
0FA32bEZ6xI$_$14,Positive,Positive,0.3333333432674408,0.3998998999595642,0.22667810320854187,0.25402379035949707,0.5192981362342834
0FA32bEZ6xI$_$18,Neutral,Neutral,0.0,-0.002471386920660734,0.04426867887377739,0.7000911831855774,0.2556401193141937
0JuRmhhgMw8$_$0,Positive,Positive,1.0,1.2283523082733154,0.0034398611169308424,0.09658677875995636,0.8999733924865723
0OC3wf9x3zQ$_$7,Neutral,Neutral,0.0,-0.05116266757249832,0.0985729992389679,0.6338956356048584,0.2675313651561737
0OC3wf9x3zQ$_$6,Neutral,Positive,0.0,0.3038546144962311,0.022830383852124214,0.48842549324035645,0.4887440800666809
0OXeN3MhFeA$_$19,Negative,Positive,-0.3333333432674408,0.4863942265510559,0.10659117996692657,0.26859399676322937,0.6248148083686829
0OXeN3MhFeA$_$18,Positive,Positive,0.6666666865348816,0.7585240602493286,0.026572346687316895,0.21625341475009918,0.7571742534637451
0OXeN3MhFeA$_$15,Positive,Positive,0.6666666865348816,0.7186766862869263,0.04346472769975662,0.24253064393997192,0.714004635810852
0Svu5BldR5A$_$0,Positive,Positive,1.6666666269302368,0.5907388925552368,0.026592884212732315,0.2785470187664032,0.6948601603507996
0YdYFtVdlWE$_$7,Neutral,Neutral,0.0,0.504212498664856,0.02288893610239029,0.6373406052589417,0.33977043628692627
0YdYFtVdlWE$_$6,Negative,Negative,-0.6666666865348816,-0.9710580110549927,0.8745918273925781,0.10333903133869171,0.022069163620471954
0YdYFtVdlWE$_$8,Negative,Negative,-0.6666666865348816,-0.9849815368652344,0.8362077474594116,0.13451242446899414,0.029279813170433044
0YdYFtVdlWE$_$10,Negative,Negative,-0.6666666865348816,-1.0907862186431885,0.8774837851524353,0.09898935258388519,0.023526819422841072
0YdYFtVdlWE$_$15,Neutral,Negative,0.0,-0.27819520235061646,0.5698249340057373,0.2667647898197174,0.16341032087802887
0YdYFtVdlWE$_$14,Positive,Positive,2.0,1.5186023712158203,0.03771465644240379,0.2101353257894516,0.7521499991416931
0bsTzavb-AE$_$3,Positive,Positive,0.3333333432674408,0.9982650279998779,0.0069735911674797535,0.10498587042093277,0.8880406022071838
0hCOCt6fWas$_$15,Positive,Neutral,0.3333333432674408,0.4221280813217163,0.07911490648984909,0.46825873851776123,0.45262640714645386
0hCOCt6fWas$_$2,Neutral,Positive,0.0,0.5117817521095276,0.06886317580938339,0.4042074382305145,0.5269293785095215
0hCihQ5Kep0$_$3,Positive,Positive,1.6666666269302368,0.7864688634872437,0.04889592155814171,0.43278199434280396,0.5183220505714417
0hCihQ5Kep0$_$4,Positive,Positive,1.6666666269302368,1.8231348991394043,0.004532696679234505,0.04299777001142502,0.9524695873260498
0jtdrsmVzYQ$_$5,Neutral,Negative,0.0,-0.11971814185380936,0.6484971642494202,0.24269920587539673,0.10880357027053833
0mXv97u2OCM$_$7,Neutral,Positive,0.0,0.9424476027488708,0.024681009352207184,0.155387282371521,0.81993168592453
0p9XKC_J3hU$_$2,Positive,Neutral,0.3333333432674408,0.7011305093765259,0.030368339270353317,0.5485069155693054,0.42112478613853455
0rE8jEvQW_I$_$3,Positive,Positive,1.0,1.2144975662231445,0.012777210213243961,0.1402599960565567,0.8469627499580383
0rE8jEvQW_I$_$4,Positive,Positive,1.3333333730697632,0.8614662885665894,0.01847522333264351,0.21004220843315125,0.7714825868606567
0rE8jEvQW_I$_$9,Positive,Positive,2.3333332538604736,1.5369467735290527,0.014142193831503391,0.08126655220985413,0.9045913219451904
0tkWa2skSmA$_$8,Neutral,Positive,0.0,0.7663755416870117,0.019551800563931465,0.20846296846866608,0.7719852328300476
0tkWa2skSmA$_$6,Neutral,Neutral,0.0,0.12489835917949677,0.16207119822502136,0.5840047597885132,0.25392410159111023
100499$_$5,Negative,Negative,-1.3333333730697632,-0.9629897475242615,0.951396644115448,0.014770017005503178,0.03383340314030647
100499$_$4,Neutral,Neutral,0.0,-0.27088451385498047,0.4418255686759949,0.44655075669288635,0.11162367463111877
101851$_$13,Positive,Positive,0.6666666865348816,0.7297470569610596,0.2481609433889389,0.12991011142730713,0.6219289302825928
101851$_$14,Positive,Positive,1.0,0.6934738755226135,0.04850708693265915,0.4453577697277069,0.5061352252960205
101851$_$16,Negative,Negative,-1.0,-1.999445915222168,0.9873641133308411,0.009333236142992973,0.0033025764860212803
101851$_$0,Neutral,Neutral,0.0,-0.051553331315517426,0.24849651753902435,0.5640718340873718,0.1874316930770874
102184$_$12,Negative,Negative,-1.3333333730697632,-1.4678847789764404,0.9675259590148926,0.017381003126502037,0.01509300246834755
102184$_$1,Positive,Positive,0.6666666865348816,1.3756548166275024,0.053823571652173996,0.03203510493040085,0.9141413569450378
102184$_$3,Positive,Negative,1.0,-0.19231855869293213,0.5515096783638,0.26670724153518677,0.18178300559520721
102184$_$7,Negative,Negative,-1.6666666269302368,-1.7644906044006348,0.9828022122383118,0.008739572949707508,0.008458228781819344
10223$_$1,Negative,Negative,-1.0,-0.317748486995697,0.568852424621582,0.24452950060367584,0.18661810457706451
10223$_$9,Positive,Neutral,0.6666666865348816,0.28612929582595825,0.1371544897556305,0.43788135051727295,0.42496418952941895
106077$_$1,Positive,Neutral,0.3333333432674408,0.5679060220718384,0.027484294027090073,0.6543356776237488,0.31818005442619324
106077$_$2,Neutral,Positive,0.0,0.9432408213615417,0.05046147108078003,0.3176290690898895,0.6319094300270081
106077$_$7,Negative,Negative,-1.0,-0.5306692123413086,0.8105463981628418,0.10526786744594574,0.08418580889701843
106514$_$10,Negative,Negative,-1.0,-0.6269421577453613,0.5147933959960938,0.41562286019325256,0.06958378851413727
106514$_$2,Positive,Positive,1.3333333730697632,1.0904252529144287,0.09382500499486923,0.2219134420156479,0.6842615604400635
106514$_$9,Negative,Negative,-0.3333333432674408,-0.45486894249916077,0.5420553088188171,0.4008467495441437,0.0570979081094265
106941$_$10,Negative,Negative,-2.0,-1.5075280666351318,0.9632930159568787,0.026203729212284088,0.010503219440579414
106941$_$12,Negative,Negative,-1.6666666269302368,-2.1370999813079834,0.9848078489303589,0.013026262633502483,0.0021659263875335455
106941$_$3,Negative,Negative,-0.3333333432674408,-1.275493860244751,0.9398472905158997,0.03650703653693199,0.02364562638103962
106941$_$2,Negative,Negative,-0.6666666865348816,-1.0389598608016968,0.712833046913147,0.25917723774909973,0.02798968181014061
106941$_$7,Negative,Negative,-1.6666666269302368,-0.2945500314235687,0.43079641461372375,0.38615649938583374,0.1830471158027649
106941$_$9,Negative,Negative,-0.6666666865348816,-0.7138532400131226,0.7387034893035889,0.19737693667411804,0.06391951441764832
106941$_$8,Negative,Negative,-1.6666666269302368,-2.1163604259490967,0.9930556416511536,0.005113084800541401,0.0018312117317691445
107551$_$1,Positive,Positive,0.3333333432674408,0.6517040729522705,0.0895029753446579,0.43514207005500793,0.47535496950149536
107551$_$3,Negative,Negative,-1.3333333730697632,-1.9618446826934814,0.9962414503097534,0.002085624262690544,0.0016730020288378
107551$_$5,Negative,Negative,-2.3333332538604736,-1.1089972257614136,0.9082134366035461,0.05335861071944237,0.038427919149398804
107551$_$6,Neutral,Positive,0.0,0.8091243505477905,0.058178484439849854,0.2569088041782379,0.6849126815795898
108793$_$10,Negative,Negative,-1.6666666269302368,-2.194736957550049,0.994900643825531,0.003353176638484001,0.0017461655661463737
108793$_$17,Negative,Negative,-1.3333333730697632,-0.9140951633453369,0.8908661007881165,0.06810212880373001,0.041031789034605026
108793$_$1,Positive,Positive,1.3333333730697632,1.928826928138733,0.029451292008161545,0.03044356405735016,0.940105140209198
108793$_$0,Neutral,Neutral,0.0,-0.6105672121047974,0.3978225886821747,0.561423122882843,0.040754303336143494
108793$_$8,Positive,Positive,0.6666666865348816,0.5738619565963745,0.10742697864770889,0.3072308897972107,0.5853421688079834
110203$_$2,Neutral,Neutral,0.0,0.4373732805252075,0.28636887669563293,0.39321210980415344,0.32041898369789124
110203$_$7,Negative,Negative,-1.3333333730697632,-0.5679001808166504,0.48986271023750305,0.42865124344825745,0.0814860537648201
110754$_$3,Neutral,Negative,0.0,-0.51859450340271,0.5008885860443115,0.4161413013935089,0.08297008275985718
110754$_$2,Neutral,Neutral,0.0,0.3185827434062958,0.06002424284815788,0.6548001170158386,0.2851756811141968
110766$_$8,Negative,Negative,-1.0,-0.2349940836429596,0.478556752204895,0.43204882740974426,0.08939437568187714
110788$_$0,Neutral,Neutral,0.0,-0.14231689274311066,0.05758969858288765,0.8590670228004456,0.08334335684776306
110788$_$5,Neutral,Negative,0.0,-0.4132761061191559,0.5485600829124451,0.3671044409275055,0.08433543145656586
112148$_$12,Positive,Positive,1.0,0.5352755188941956,0.06015360355377197,0.33946430683135986,0.6003820896148682
112148$_$5,Negative,Negative,-0.6666666865348816,-0.8552091121673584,0.8378500938415527,0.11569847166538239,0.046451471745967865
112148$_$4,Negative,Negative,-0.6666666865348816,-1.9864387512207031,0.9793480634689331,0.018449146300554276,0.0022027839440852404
112148$_$7,Negative,Negative,-1.6666666269302368,-1.2643345594406128,0.9258455634117126,0.05962600186467171,0.014528497122228146
112169$_$7,Negative,Neutral,-0.3333333432674408,-0.6002552509307861,0.2891724407672882,0.6812323331832886,0.029595250263810158
112604$_$1,Positive,Positive,0.6666666865348816,0.5890434384346008,0.14245769381523132,0.40108734369277954,0.45645496249198914
112631$_$1,Neutral,Neutral,0.0,0.1764562427997589,0.12950953841209412,0.7120328545570374,0.15845757722854614
112631$_$6,Negative,Negative,-0.6666666865348816,-1.5992786884307861,0.9743828177452087,0.0167138259857893,0.008903266862034798
112903$_$0,Positive,Positive,0.3333333432674408,0.5909699201583862,0.02642710693180561,0.22036193311214447,0.7532109022140503
112903$_$3,Negative,Negative,-0.3333333432674408,-0.194320946931839,0.7710958123207092,0.04216059669852257,0.18674364686012268
112903$_$6,Negative,Negative,-2.6666667461395264,-2.045856475830078,0.9864317774772644,0.008454754948616028,0.005113488528877497
113265$_$3,Negative,Negative,-2.0,-1.4336392879486084,0.9584534764289856,0.03251798450946808,0.009028531610965729
113265$_$4,Negative,Negative,-2.0,-2.148754119873047,0.9955390095710754,0.0031077705789357424,0.0013531951699405909
114624$_$11,Negative,Negative,-1.0,-1.5634551048278809,0.9020917415618896,0.08763045817613602,0.010277853347361088
114624$_$6,Negative,Negative,-1.6666666269302368,-1.8189537525177002,0.9781591892242432,0.01412258855998516,0.007718205451965332
114624$_$8,Neutral,Neutral,0.0,-0.2702603340148926,0.14569811522960663,0.7699857950210571,0.08431606739759445
11650$_$0,Positive,Positive,0.3333333432674408,0.8107573986053467,0.0330011211335659,0.1774946004152298,0.7895042896270752
11650$_$3,Neutral,Positive,0.0,0.5292726755142212,0.16682995855808258,0.30028849840164185,0.532881498336792
11650$_$4,Negative,Negative,-0.3333333432674408,-0.3607761561870575,0.8433290719985962,0.042508434504270554,0.11416245251893997
11650$_$13,Negative,Negative,-1.0,-1.6649655103683472,0.9705525636672974,0.026069842278957367,0.003377586603164673
11650$_$18,Negative,Negative,-2.3333332538604736,-1.2608855962753296,0.934373676776886,0.054079730063676834,0.011546659283339977
119348$_$11,Negative,Negative,-1.3333333730697632,-1.944943904876709,0.9812335968017578,0.014159945771098137,0.00460653193295002
119348$_$3,Positive,Positive,1.0,0.777310848236084,0.06847304850816727,0.16467508673667908,0.7668519020080566
119348$_$2,Neutral,Negative,0.0,-0.3697938323020935,0.6455563306808472,0.24502617120742798,0.10941757261753082
120vnZnmhq4$_$2,Positive,Positive,1.6666666269302368,0.6084688305854797,0.028674466535449028,0.237725630402565,0.7335999011993408
121358$_$1,Positive,Neutral,0.3333333432674408,-0.05923572555184364,0.0987188071012497,0.5218260884284973,0.3794550597667694
121358$_$4,Positive,Neutral,1.0,0.4283183813095093,0.19465407729148865,0.4198034703731537,0.38554245233535767
121358$_$10,Positive,Neutral,0.3333333432674408,0.07933717966079712,0.12855598330497742,0.5261996984481812,0.3452443778514862
121358$_$13,Positive,Positive,0.6666666865348816,0.5928904414176941,0.03248479962348938,0.28591522574424744,0.6815999746322632
121358$_$15,Neutral,Neutral,0.0,0.13829848170280457,0.22151575982570648,0.5313754677772522,0.24710878729820251
121358$_$14,Negative,Neutral,-0.6666666865348816,-0.5668647885322571,0.43838977813720703,0.49240145087242126,0.06920873373746872
122439$_$4,Neutral,Neutral,0.0,0.326145738363266,0.04662028327584267,0.6319218277931213,0.3214578926563263
122602$_$12,Negative,Negative,-1.0,-1.074841022491455,0.8948633074760437,0.07676713168621063,0.028369517996907234
122602$_$15,Negative,Negative,-1.3333333730697632,-1.0013891458511353,0.9134355783462524,0.03334610164165497,0.0532182976603508
122602$_$0,Neutral,Neutral,0.0,0.2904156446456909,0.04763757437467575,0.7090616822242737,0.24330078065395355
122602$_$4,Negative,Negative,-1.3333333730697632,-1.6704232692718506,0.9777588844299316,0.015693100169301033,0.006548002362251282
122842$_$1,Positive,Positive,3.0,1.2972652912139893,0.039858605712652206,0.1967616081237793,0.7633798122406006
122842$_$6,Neutral,Neutral,0.0,0.2325652539730072,0.050801120698451996,0.7647669911384583,0.1844320148229599
125730$_$12,Negative,Negative,-1.0,-1.8230042457580566,0.9845490455627441,0.011615468189120293,0.003835465060546994
125730$_$1,Positive,Negative,1.6666666269302368,-0.1182011067867279,0.7988522052764893,0.06534610688686371,0.13580171763896942
125730$_$0,Neutral,Negative,0.0,-0.014752186834812164,0.37498369812965393,0.28074219822883606,0.3442741334438324
125730$_$2,Positive,Positive,2.3333332538604736,2.0335259437561035,0.025678856298327446,0.05176124349236488,0.9225598573684692
125730$_$8,Negative,Neutral,-0.3333333432674408,0.06446624547243118,0.35215458273887634,0.3813517093658447,0.26649367809295654
125845$_$1,Positive,Negative,0.6666666865348816,-0.3359532356262207,0.7036849856376648,0.2013377845287323,0.09497727453708649
125845$_$3,Positive,Positive,1.6666666269302368,1.772133708000183,0.0811641588807106,0.08839137852191925,0.8304445147514343
125845$_$5,Positive,Positive,1.3333333730697632,0.9190338850021362,0.3081894516944885,0.05677012726664543,0.6350404024124146
126542$_$11,Negative,Negative,-1.6666666269302368,-1.7984533309936523,0.951518714427948,0.04055101424455643,0.007930168882012367
126542$_$12,Negative,Negative,-1.3333333730697632,-1.2929610013961792,0.8092479109764099,0.15975476801395416,0.03099733032286167
126542$_$17,Negative,Negative,-2.0,-2.102609395980835,0.9802687764167786,0.017114460468292236,0.0026167272590100765
126542$_$16,Negative,Negative,-1.3333333730697632,-1.3758409023284912,0.9322453141212463,0.04146915674209595,0.02628551982343197
126542$_$3,Neutral,Neutral,0.0,-0.1288285106420517,0.18323247134685516,0.686500608921051,0.130266934633255
126831$_$10,Negative,Negative,-2.3333332538604736,-0.1816369891166687,0.6282452344894409,0.21196812391281128,0.1597866714000702
126831$_$3,Negative,Negative,-1.6666666269302368,-1.921940803527832,0.9786245226860046,0.017849843949079514,0.0035255621187388897
127470$_$5,Negative,Negative,-0.3333333432674408,-1.6959596872329712,0.9450292587280273,0.046693071722984314,0.008277620188891888
127470$_$6,Negative,Negative,-1.6666666269302368,-1.9152510166168213,0.976740837097168,0.019913332536816597,0.003345767967402935
127539$_$5,Neutral,Neutral,0.0,-0.5687636137008667,0.350180059671402,0.5660130381584167,0.08380692452192307
127539$_$7,Negative,Negative,-2.0,-1.6210880279541016,0.970116138458252,0.014814344234764576,0.015069478191435337
127539$_$6,Negative,Negative,-0.6666666865348816,-1.4567453861236572,0.9353355169296265,0.05479291453957558,0.009871600195765495
127539$_$9,Negative,Negative,-1.0,-0.749154806137085,0.821487307548523,0.11842061579227448,0.06009203568100929
127539$_$8,Negative,Negative,-1.3333333730697632,-0.7105302810668945,0.645693838596344,0.24773603677749634,0.10657019168138504
12812$_$3,Positive,Positive,1.6666666269302368,1.062723159790039,0.11858796328306198,0.10682263970375061,0.7745894193649292
12812$_$6,Positive,Positive,2.3333332538604736,1.6561110019683838,0.029485110193490982,0.033947862684726715,0.9365670084953308
128258$_$13,Negative,Negative,-1.0,-1.2091282606124878,0.9232471585273743,0.035065725445747375,0.041687048971652985
128258$_$1,Negative,Positive,-1.3333333730697632,-0.08964696526527405,0.41316723823547363,0.11393548548221588,0.4728972613811493
128752$_$15,Negative,Negative,-1.0,-1.3321783542633057,0.9432821273803711,0.041865456849336624,0.014852327294647694
128752$_$16,Negative,Negative,-2.0,-1.7044222354888916,0.974122941493988,0.020892228931188583,0.004984902683645487
128752$_$3,Neutral,Neutral,0.0,-0.04046664759516716,0.12203995883464813,0.7864336967468262,0.0915263220667839
128752$_$7,Neutral,Negative,0.0,-0.2667900621891022,0.45144352316856384,0.3485029339790344,0.20005355775356293
128752$_$9,Negative,Negative,-0.3333333432674408,0.01716705784201622,0.5086081624031067,0.21403798460960388,0.27735379338264465
128949$_$2,Neutral,Negative,0.0,-0.1636914610862732,0.6403005123138428,0.1272767037153244,0.23242273926734924
129733$_$7,Neutral,Negative,0.0,-1.2844886779785156,0.9261622428894043,0.05992666631937027,0.013911026529967785
130149$_$3,Neutral,Negative,0.0,-0.7016940712928772,0.6908795833587646,0.27313104271888733,0.03598945587873459
130149$_$6,Negative,Negative,-1.6666666269302368,-2.2135660648345947,0.9944981932640076,0.004091146867722273,0.001410620636306703
130426$_$0,Negative,Negative,-2.0,-1.0278594493865967,0.814081072807312,0.1286468356847763,0.05727214366197586
130426$_$6,Negative,Negative,-2.0,-1.7182819843292236,0.9709042906761169,0.018293775618076324,0.010801934637129307
130633$_$5,Neutral,Neutral,0.0,0.1352994441986084,0.15936367213726044,0.6092262268066406,0.23141010105609894
130633$_$7,Positive,Positive,2.3333332538604736,0.46500569581985474,0.26919400691986084,0.23033908009529114,0.5004668831825256
131650$_$1,Positive,Positive,1.6666666269302368,1.20114004611969,0.10161015391349792,0.036734968423843384,0.8616548180580139
131650$_$0,Positive,Positive,0.3333333432674408,0.1690080761909485,0.04552503675222397,0.42583587765693665,0.5286390781402588
131650$_$3,Negative,Negative,-1.3333333730697632,-1.6767199039459229,0.8900033235549927,0.0940648689866066,0.01593175157904625
131650$_$9,Negative,Negative,-3.0,-2.441565990447998,0.9953539371490479,0.0035585027653723955,0.001087604439817369
131871$_$1,Negative,Negative,-2.0,-2.0044286251068115,0.9915054440498352,0.006566419266164303,0.001928190584294498
131936$_$2,Neutral,Positive,0.0,0.8897708058357239,0.1415053904056549,0.12437986582517624,0.7341147661209106
131936$_$4,Negative,Negative,-1.3333333730697632,-1.2071670293807983,0.9715039134025574,0.014080364257097244,0.014415713027119637
134252$_$1,Neutral,Neutral,0.0,0.21019884943962097,0.046616364270448685,0.6912981271743774,0.26208552718162537
134252$_$0,Positive,Neutral,0.3333333432674408,-0.07037000358104706,0.07718993723392487,0.6907052993774414,0.2321048080921173
136205$_$12,Negative,Positive,-0.6666666865348816,1.3696058988571167,0.24890601634979248,0.037598103284835815,0.7134958505630493
136205$_$0,Neutral,Positive,0.0,0.43660396337509155,0.04032101109623909,0.47392940521240234,0.48574960231781006
136205$_$6,Negative,Neutral,-0.6666666865348816,0.12602409720420837,0.23766076564788818,0.6237781047821045,0.13856112957000732
136211$_$3,Negative,Negative,-0.6666666865348816,-0.7005141973495483,0.7830069065093994,0.1665659248828888,0.05042716860771179
136211$_$2,Positive,Positive,2.0,1.8386317491531372,0.01971866562962532,0.02917598932981491,0.9511052966117859
137827$_$1,Positive,Positive,1.3333333730697632,1.5486749410629272,0.07090876251459122,0.06184663623571396,0.8672446012496948
137827$_$2,Negative,Negative,-1.6666666269302368,-1.6117143630981445,0.9830354452133179,0.01147443801164627,0.005490107461810112
137827$_$4,Negative,Negative,-1.3333333730697632,-1.0098536014556885,0.9178006649017334,0.04261719807982445,0.039582207798957825
139006$_$12,Negative,Negative,-2.6666667461395264,-1.7914259433746338,0.9826631546020508,0.011523548513650894,0.005813308991491795
139006$_$3,Negative,Negative,-0.6666666865348816,-1.5033683776855469,0.9033457636833191,0.07500159740447998,0.021652614697813988
139032$_$16,Negative,Negative,-2.6666667461395264,-2.0684704780578613,0.9890768527984619,0.008975697681307793,0.001947464537806809
139032$_$3,Negative,Negative,-1.6666666269302368,-2.0397281646728516,0.989849328994751,0.006434877403080463,0.0037158201448619366
13JpsLvddoY$_$8,Positive,Positive,2.0,1.5448812246322632,0.010965893976390362,0.025952264666557312,0.9630817770957947
13JpsLvddoY$_$7,Positive,Positive,0.3333333432674408,1.1019096374511719,0.01753130741417408,0.10145296156406403,0.8810157179832458
140293$_$0,Neutral,Neutral,0.0,0.12519621849060059,0.08591292798519135,0.7202332019805908,0.19385387003421783
140317$_$5,Neutral,Neutral,0.0,0.5397023558616638,0.05279005318880081,0.7144069671630859,0.23280295729637146
140317$_$7,Neutral,Negative,0.0,0.25430983304977417,0.4632337987422943,0.14758770167827606,0.3891785442829132
154449$_$2,Positive,Neutral,0.3333333432674408,0.43821752071380615,0.0567198246717453,0.5210236310958862,0.4222564995288849
154449$_$4,Negative,Negative,-2.3333332538604736,-0.7669118642807007,0.7029014229774475,0.1885896474123001,0.10850892215967178
154449$_$6,Negative,Negative,-3.0,-1.8180896043777466,0.9783971905708313,0.013100081123411655,0.008502707816660404
154449$_$8,Negative,Negative,-1.3333333730697632,-1.5915087461471558,0.9082056879997253,0.07969184219837189,0.012102463282644749
15837$_$1,Neutral,Neutral,0.0,0.7585819959640503,0.05204235017299652,0.5389143824577332,0.4090433120727539
15837$_$9,Positive,Negative,0.6666666865348816,-1.1733037233352661,0.935663104057312,0.03065766766667366,0.03367914631962776
15Wu4U2VPLw$_$2,Neutral,Neutral,0.0,0.05750720202922821,0.07206381112337112,0.7109286189079285,0.21700751781463623
15Wu4U2VPLw$_$4,Neutral,Neutral,0.0,0.1808563768863678,0.06083843111991882,0.5627177357673645,0.37644386291503906
15Wu4U2VPLw$_$6,Positive,Positive,0.3333333432674408,0.5395144820213318,0.031196482479572296,0.40204277634620667,0.566760778427124
15ktF-6wutk$_$4,Positive,Positive,1.0,1.6042224168777466,0.006484842859208584,0.04860136657953262,0.9449137449264526
180923$_$14,Negative,Neutral,-0.3333333432674408,-0.5679618716239929,0.29614073038101196,0.6368995904922485,0.0669596865773201
180923$_$5,Neutral,Negative,0.0,-0.6485154032707214,0.6655041575431824,0.2774583399295807,0.057037513703107834
180923$_$4,Neutral,Neutral,0.0,0.4563406705856323,0.031267378479242325,0.6092370748519897,0.35949549078941345
180923$_$6,Negative,Negative,-0.3333333432674408,-0.026912586763501167,0.42978009581565857,0.2598024904727936,0.3104173243045807
184784$_$6,Negative,Negative,-0.6666666865348816,-1.6133897304534912,0.9675610065460205,0.021385643631219864,0.011053401976823807
186631$_$10,Negative,Negative,-0.6666666865348816,-0.654510498046875,0.7526443600654602,0.1891682893037796,0.05818736553192139
186631$_$6,Positive,Positive,1.3333333730697632,1.4683284759521484,0.13359571993350983,0.11798475682735443,0.7484195232391357
188122$_$12,Neutral,Neutral,0.0,0.6999155879020691,0.03188946843147278,0.6645961999893188,0.30351436138153076
188122$_$16,Positive,Negative,2.0,0.23019607365131378,0.5822685360908508,0.05455582216382027,0.36317557096481323
188122$_$9,Positive,Neutral,1.3333333730697632,-0.2922690212726593,0.3617026209831238,0.46586063504219055,0.17243675887584686
189966$_$21,Negative,Negative,-2.0,-2.218804121017456,0.9923529028892517,0.006687999702990055,0.0009591626585461199
189966$_$22,Negative,Negative,-2.0,-1.63916015625,0.965343177318573,0.02788538672029972,0.006771360523998737
189966$_$2,Neutral,Neutral,0.0,0.7616633176803589,0.010504478588700294,0.536399245262146,0.45309630036354065
189966$_$4,Neutral,Neutral,0.0,-0.05331055819988251,0.0972060039639473,0.7361966967582703,0.16659727692604065
189966$_$6,Neutral,Positive,0.0,0.6140591502189636,0.01470184326171875,0.47819656133651733,0.5071016550064087
189966$_$12,Neutral,Neutral,0.0,-0.31343233585357666,0.3891291618347168,0.46569308638572693,0.14517775177955627
189966$_$14,Neutral,Neutral,0.0,0.005171785596758127,0.12419169396162033,0.6817088723182678,0.19409942626953125
189966$_$16,Positive,Positive,1.3333333730697632,0.75611412525177,0.12254166603088379,0.3029381334781647,0.5745202302932739
189966$_$19,Neutral,Neutral,0.0,0.03056398779153824,0.08082902431488037,0.8242107629776001,0.09496016800403595
18JTkk8JbeU$_$6,Neutral,Neutral,0.0,0.2878090739250183,0.06277590245008469,0.4697626531124115,0.46746137738227844
18QjfdhJEM4$_$14,Neutral,Positive,0.0,0.8024777770042419,0.07953077554702759,0.37429898977279663,0.5461702346801758
18QjfdhJEM4$_$17,Neutral,Neutral,0.0,0.4642597436904907,0.07033764570951462,0.7051541209220886,0.22450827062129974
18QjfdhJEM4$_$23,Negative,Negative,-2.0,-0.9332662224769592,0.9160211086273193,0.04336172714829445,0.04061714932322502
18QjfdhJEM4$_$4,Positive,Neutral,1.0,0.44758808612823486,0.18984337151050568,0.4257878065109253,0.38436880707740784
190740$_$2,Negative,Negative,-0.6666666865348816,-2.0000033378601074,0.9848570823669434,0.009751121513545513,0.005391827784478664
190740$_$4,Negative,Negative,-0.6666666865348816,-0.49994346499443054,0.7338634729385376,0.09962847083806992,0.16650798916816711
190740$_$7,Negative,Negative,-2.6666667461395264,-1.2834978103637695,0.8785004019737244,0.08903501182794571,0.03246460482478142
190740$_$6,Negative,Negative,-2.6666667461395264,-1.7641825675964355,0.9766311049461365,0.015846315771341324,0.007522554136812687
192799$_$10,Positive,Negative,1.0,0.07051010429859161,0.47586342692375183,0.3911823332309723,0.13295423984527588
192799$_$17,Negative,Negative,-2.0,-0.7766900062561035,0.7955557703971863,0.0721014142036438,0.13234277069568634
192799$_$7,Negative,Negative,-1.3333333730697632,-2.1847245693206787,0.9903136491775513,0.008013664744794369,0.0016727119218558073
192799$_$8,Negative,Negative,-2.3333332538604736,-1.5628228187561035,0.9650565981864929,0.013937600888311863,0.02100582793354988
194625$_$16,Negative,Negative,-1.6666666269302368,-1.91679048538208,0.9851229786872864,0.012856698594987392,0.002020253101363778
194625$_$18,Negative,Negative,-2.0,-1.538571834564209,0.9746913313865662,0.012013595551252365,0.013295098207890987
194625$_$5,Neutral,Positive,0.0,0.41629743576049805,0.3050915598869324,0.14749746024608612,0.5474109649658203
194625$_$7,Negative,Negative,-1.6666666269302368,-1.2624430656433105,0.9736436605453491,0.0071057421155273914,0.019250549376010895
197778$_$11,Positive,Positive,3.0,2.087973117828369,0.00896500889211893,0.02983187325298786,0.9612030982971191
197778$_$2,Positive,Positive,1.0,1.3471901416778564,0.025776993483304977,0.0763116404414177,0.8979114294052124
197778$_$4,Neutral,Neutral,0.0,0.356402188539505,0.04754174128174782,0.5257925391197205,0.42666569352149963
197778$_$9,Neutral,Neutral,0.0,0.2847350239753723,0.04225242882966995,0.567775309085846,0.3899722695350647
19k6sEC7814$_$10,Positive,Positive,0.6666666865348816,1.1774308681488037,0.01786409318447113,0.11081135272979736,0.8713245391845703
19k6sEC7814$_$4,Positive,Positive,0.6666666865348816,0.5120748281478882,0.08026169240474701,0.3371564447879791,0.5825818777084351
1A-aRhYx-GQ$_$15,Positive,Positive,0.6666666865348816,0.8288161754608154,0.03701603785157204,0.23426063358783722,0.7287232875823975
1A-aRhYx-GQ$_$31,Positive,Positive,2.0,0.9392690658569336,0.07334066927433014,0.1854359358549118,0.7412234544754028
1A-aRhYx-GQ$_$7,Positive,Neutral,0.6666666865348816,0.34809771180152893,0.15930622816085815,0.4592053294181824,0.38148847222328186
1A7dqFxx8wU$_$0,Positive,Neutral,0.3333333432674408,0.4516259729862213,0.03558266907930374,0.6479288339614868,0.31648850440979004
1CjUHNYzW1E$_$11,Positive,Positive,2.0,0.6229826211929321,0.28158268332481384,0.12482162564992905,0.5935957431793213
1ESU5ONMMxs$_$14,Positive,Positive,0.6666666865348816,0.569669246673584,0.08510927855968475,0.28007787466049194,0.6348128318786621
1ESU5ONMMxs$_$0,Negative,Negative,-1.0,-0.5527735948562622,0.6337610483169556,0.2939123809337616,0.07232663035392761
1ESU5ONMMxs$_$6,Positive,Positive,0.3333333432674408,0.6941720843315125,0.03252405673265457,0.3664153814315796,0.6010605692863464
1ESU5ONMMxs$_$8,Neutral,Positive,0.0,0.3051416277885437,0.3887847363948822,0.2212507128715515,0.38996461033821106
1F0qH0EEBfo$_$21,Positive,Positive,1.3333333730697632,0.7477312684059143,0.04849865287542343,0.2004997581243515,0.7510015964508057
1F0qH0EEBfo$_$1,Positive,Neutral,0.3333333432674408,0.2811441719532013,0.1145065650343895,0.5261003375053406,0.35939306020736694
1F0qH0EEBfo$_$0,Positive,Neutral,1.6666666269302368,0.29497867822647095,0.07802274823188782,0.582055926322937,0.33992135524749756
1F0qH0EEBfo$_$5,Positive,Positive,1.0,1.0536463260650635,0.01136725302785635,0.1441342979669571,0.8444985151290894
1F0qH0EEBfo$_$9,Negative,Negative,-0.3333333432674408,-0.8128876090049744,0.8313195705413818,0.13796377182006836,0.030716657638549805
1F0qH0EEBfo$_$15,Positive,Positive,1.3333333730697632,0.8330270648002625,0.044749174267053604,0.261227011680603,0.694023847579956
1F0qH0EEBfo$_$14,Neutral,Negative,0.0,-0.359920471906662,0.5298798084259033,0.40535208582878113,0.06476818770170212
1JQ9UCBEmCU$_$1,Neutral,Neutral,0.0,0.40239331126213074,0.02200254797935486,0.4964728057384491,0.48152467608451843
1JQ9UCBEmCU$_$0,Neutral,Neutral,0.0,0.43194496631622314,0.12879635393619537,0.709445595741272,0.16175809502601624
1W38PnuWIkM$_$3,Positive,Negative,0.6666666865348816,0.6092774868011475,0.40065857768058777,0.21669745445251465,0.3826439082622528
1W38PnuWIkM$_$5,Positive,Positive,1.3333333730697632,1.04257333278656,0.022887729108333588,0.260757178068161,0.7163551449775696
1W38PnuWIkM$_$4,Positive,Positive,0.6666666865348816,0.3627440929412842,0.09071140736341476,0.4014243185520172,0.5078642964363098
1W38PnuWIkM$_$6,Negative,Negative,-0.6666666865348816,-0.725606381893158,0.8005463480949402,0.15112163126468658,0.04833202809095383
1bzS0YF5hfs$_$1,Positive,Positive,0.6666666865348816,1.1959788799285889,0.003545095445588231,0.06639940291643143,0.930055558681488
1dWsw38VDjY$_$9,Positive,Neutral,0.3333333432674408,0.28641605377197266,0.1159762591123581,0.4431588649749756,0.4408648610115051
1fqNb8cfLFE$_$2,Positive,Positive,0.6666666865348816,0.47266876697540283,0.02652054838836193,0.2918630540370941,0.6816164255142212
1k7br8xXMSU$_$11,Positive,Positive,0.3333333432674408,0.7675560712814331,0.05645027756690979,0.24670010805130005,0.6968495845794678
1k7br8xXMSU$_$12,Negative,Positive,-0.3333333432674408,0.8429814577102661,0.06570569425821304,0.24961945414543152,0.6846749186515808
1mHjMNZZvFo$_$1,Positive,Positive,1.3333333730697632,1.2170460224151611,0.008405045606195927,0.1031489297747612,0.888446033000946
1mHjMNZZvFo$_$5,Positive,Positive,0.3333333432674408,1.2717126607894897,0.058411840349435806,0.15631116926670074,0.7852769494056702
1pvK0_9SQns$_$10,Neutral,Neutral,0.0,0.16752922534942627,0.04388459771871567,0.6339522004127502,0.32216310501098633
1pvK0_9SQns$_$8,Neutral,Neutral,0.0,0.4002878665924072,0.09838118404150009,0.473046213388443,0.4285726547241211
1sJjdaXXuJg$_$4,Positive,Positive,1.3333333730697632,0.773321270942688,0.03552183881402016,0.23079292476177216,0.7336852550506592
1tuMFJnlXJc$_$20,Positive,Positive,0.6666666865348816,1.3442765474319458,0.0074571422301232815,0.06450586020946503,0.9280369877815247
1tuMFJnlXJc$_$1,Positive,Positive,0.3333333432674408,0.7225356698036194,0.01067571621388197,0.2631734311580658,0.7261508703231812
1tuMFJnlXJc$_$3,Positive,Positive,0.3333333432674408,0.2474333792924881,0.1493251919746399,0.3825942575931549,0.4680805504322052
1tuMFJnlXJc$_$4,Positive,Positive,0.3333333432674408,0.6592203378677368,0.022576652467250824,0.2351710945367813,0.7422522306442261
2-4autDbHVQ$_$12,Positive,Negative,0.6666666865348816,0.15125145018100739,0.7599594593048096,0.12392882257699966,0.11611173301935196
2-4autDbHVQ$_$19,Positive,Positive,2.3333332538604736,2.0082054138183594,0.006970732938498259,0.007777241058647633,0.9852520227432251
2-4autDbHVQ$_$8,Positive,Positive,0.6666666865348816,1.3600084781646729,0.031850025057792664,0.12594929337501526,0.8422006368637085
2-5hH_k2VFk$_$9,Positive,Negative,0.6666666865348816,0.4264719486236572,0.4269917905330658,0.15904930233955383,0.41395893692970276
201582$_$2,Negative,Negative,-1.3333333730697632,-0.5288087129592896,0.7558779716491699,0.16225115954875946,0.081870898604393
201582$_$6,Neutral,Positive,0.0,0.9524543881416321,0.037741683423519135,0.33142584562301636,0.6308324337005615
202431$_$6,Negative,Negative,-1.6666666269302368,-1.7924494743347168,0.9775816798210144,0.015547901391983032,0.006870376877486706
202810$_$7,Negative,Negative,-1.3333333730697632,-1.3347787857055664,0.9712420701980591,0.010522853583097458,0.018235037103295326
202810$_$8,Negative,Negative,-1.6666666269302368,-1.675269603729248,0.9681422710418701,0.016333186998963356,0.01552457083016634
202990$_$5,Negative,Negative,-1.6666666269302368,-1.172956109046936,0.9639256000518799,0.015250913798809052,0.020823463797569275
202990$_$6,Neutral,Positive,0.0,0.9857752919197083,0.08096232265233994,0.2226310670375824,0.6964066624641418
206049$_$0,Positive,Neutral,1.0,0.637557864189148,0.03523077070713043,0.5167146921157837,0.4480545222759247
206049$_$3,Negative,Negative,-2.0,-2.0213804244995117,0.991248607635498,0.0042686364613473415,0.004482693504542112
206051$_$2,Neutral,Neutral,0.0,0.25572317838668823,0.03545968607068062,0.5480229258537292,0.4165174067020416
206376$_$2,Negative,Negative,-0.6666666865348816,-0.9170325994491577,0.9091225266456604,0.0640188530087471,0.026858672499656677
206507$_$2,Negative,Negative,-1.3333333730697632,-0.7605407238006592,0.9437075853347778,0.020078495144844055,0.03621387109160423
206507$_$6,Negative,Negative,-0.3333333432674408,-1.2978224754333496,0.9635124206542969,0.010524229146540165,0.02596328780055046
206606$_$5,Negative,Negative,-1.0,-0.9196030497550964,0.8845365047454834,0.0876554474234581,0.02780810184776783
206606$_$7,Negative,Negative,-1.3333333730697632,-0.2791035771369934,0.7484533786773682,0.07790128141641617,0.1736452877521515
207812$_$3,Positive,Neutral,2.3333332538604736,0.5388289093971252,0.05933235585689545,0.6381503343582153,0.302517294883728
207812$_$9,Negative,Negative,-0.6666666865348816,-0.37413692474365234,0.8940318822860718,0.049043137580156326,0.05692491680383682
207812$_$8,Positive,Negative,1.3333333730697632,-1.4378858804702759,0.9456358551979065,0.03946850076317787,0.014895578846335411
208148$_$11,Negative,Negative,-1.3333333730697632,-0.7916720509529114,0.8250249028205872,0.12679730355739594,0.04817788302898407
208148$_$6,Neutral,Neutral,0.0,-0.004221190698444843,0.3042038679122925,0.4026049077510834,0.2931912839412689
208299$_$5,Negative,Negative,-1.6666666269302368,-1.5384471416473389,0.9753425121307373,0.01679181307554245,0.007865632884204388
208299$_$4,Negative,Negative,-1.0,-1.6937494277954102,0.987417459487915,0.008419024758040905,0.004163441248238087
208299$_$6,Negative,Negative,-2.3333332538604736,-2.036947011947632,0.9928954243659973,0.005027048289775848,0.0020774975419044495
208299$_$8,Negative,Negative,-1.3333333730697632,-2.280717372894287,0.9958484172821045,0.002556544030085206,0.0015950812958180904
208416$_$11,Positive,Positive,1.6666666269302368,1.064422845840454,0.10122896730899811,0.0638325959444046,0.8349384069442749
208416$_$13,Positive,Positive,1.6666666269302368,1.479947805404663,0.18033328652381897,0.01583106629550457,0.8038356900215149
208416$_$16,Positive,Positive,2.0,1.8647043704986572,0.006074361503124237,0.06789393723011017,0.9260317087173462
208416$_$0,Positive,Positive,0.3333333432674408,0.5104681849479675,0.02288789302110672,0.42037433385849,0.5567378401756287
208416$_$2,Positive,Positive,1.0,0.9517294764518738,0.010659263469278812,0.41874459385871887,0.5705960988998413
208416$_$7,Positive,Positive,1.6666666269302368,1.3036452531814575,0.05736071243882179,0.08190710842609406,0.8607321977615356
208416$_$9,Neutral,Negative,0.0,-0.06049177050590515,0.44576194882392883,0.38586941361427307,0.1683686077594757
208416$_$8,Neutral,Neutral,0.0,0.15297064185142517,0.10743093490600586,0.4876766502857208,0.40489232540130615
209354$_$1,Positive,Positive,2.0,1.588499665260315,0.022905101999640465,0.057722583413124084,0.9193723797798157
209354$_$2,Positive,Negative,1.0,-0.3428924083709717,0.5509719252586365,0.33210107684135437,0.11692692339420319
209775$_$10,Negative,Negative,-2.3333332538604736,-0.8751777410507202,0.9163030982017517,0.041567303240299225,0.04212964326143265
209775$_$1,Negative,Negative,-1.0,-1.2831997871398926,0.9516728520393372,0.03707205131649971,0.011255048215389252
209775$_$0,Positive,Positive,0.3333333432674408,0.7469750046730042,0.010950671508908272,0.23047395050525665,0.7585753798484802
209775$_$5,Negative,Negative,-2.3333332538604736,-2.186920642852783,0.9911708235740662,0.0062837363220751286,0.0025454023852944374
210238$_$13,Neutral,Negative,0.0,-1.2652620077133179,0.7569996118545532,0.23323817551136017,0.009762181900441647
210238$_$14,Neutral,Negative,0.0,-0.16166037321090698,0.3436196744441986,0.34225326776504517,0.3141270577907562
210238$_$16,Negative,Negative,-1.3333333730697632,-1.6396161317825317,0.9633557200431824,0.027863599359989166,0.008780613541603088
210238$_$18,Positive,Neutral,0.3333333432674408,0.25250399112701416,0.02020573988556862,0.6487003564834595,0.3310939073562622
210238$_$1,Positive,Positive,0.3333333432674408,0.9095027446746826,0.032680854201316833,0.10634622722864151,0.8609728813171387
210618$_$11,Positive,Positive,1.6666666269302368,2.2855167388916016,0.0016750774811953306,0.019186237826943398,0.9791386723518372
210618$_$10,Neutral,Neutral,0.0,0.5040348172187805,0.026254503056406975,0.7637473344802856,0.20999816060066223
210618$_$15,Neutral,Neutral,0.0,0.13200199604034424,0.046671826392412186,0.7128559350967407,0.24047213792800903
210618$_$5,Neutral,Positive,0.0,0.8286100625991821,0.012140286155045033,0.4110327661037445,0.5768269300460815
210618$_$9,Positive,Positive,1.0,0.793944239616394,0.033555977046489716,0.17931446433067322,0.7871295213699341
210618$_$8,Neutral,Neutral,0.0,0.2001020908355713,0.09202010929584503,0.5566347241401672,0.3513451814651489
21137$_$1,Neutral,Neutral,0.0,0.154735267162323,0.06463241577148438,0.8054503798484802,0.129917174577713
21137$_$0,Positive,Positive,1.0,1.003972053527832,0.0079662399366498,0.3521725833415985,0.6398612856864929
21137$_$3,Positive,Positive,2.6666667461395264,2.1125309467315674,0.010450701229274273,0.04402982071042061,0.9455194473266602
21137$_$2,Positive,Positive,2.0,1.3365899324417114,0.24660862982273102,0.06790995597839355,0.6854814291000366
21137$_$9,Positive,Positive,2.0,1.3883546590805054,0.0432894341647625,0.0653577372431755,0.8913528323173523
212532$_$10,Negative,Negative,-2.0,-2.3795440196990967,0.9947041869163513,0.0041358331218361855,0.0011599434074014425
212532$_$9,Negative,Negative,-2.6666667461395264,-2.165475606918335,0.9898492097854614,0.007864301092922688,0.002286434406414628
213619$_$0,Negative,Positive,-0.3333333432674408,0.1080162450671196,0.09800424426794052,0.3975033760070801,0.5044923424720764
213619$_$3,Neutral,Negative,0.0,-0.7824301719665527,0.49480047821998596,0.4615897536277771,0.04360969364643097
214095$_$11,Negative,Negative,-2.6666667461395264,-2.0073935985565186,0.9838122725486755,0.013227093033492565,0.0029606579337269068
214095$_$1,Neutral,Neutral,0.0,-0.21826094388961792,0.12048722803592682,0.7581678032875061,0.1213449165225029
214095$_$4,Negative,Negative,-1.6666666269302368,-2.3997864723205566,0.99680495262146,0.0022313084919005632,0.0009637193870730698
215259$_$5,Positive,Positive,1.6666666269302368,1.6383659839630127,0.10619920492172241,0.1573134809732437,0.7364872694015503
215259$_$4,Positive,Positive,2.0,1.8896679878234863,0.006306620314717293,0.05794846639037132,0.9357449412345886
216007$_$24,Neutral,Neutral,0.0,0.34196048974990845,0.06627699732780457,0.7275190353393555,0.20620399713516235
216007$_$28,Negative,Negative,-1.6666666269302368,-2.300139904022217,0.990861177444458,0.007539957761764526,0.001598906354047358
216007$_$29,Negative,Negative,-0.3333333432674408,-2.1174864768981934,0.9912393689155579,0.006324866320937872,0.0024356849025934935
216007$_$1,Positive,Positive,1.6666666269302368,1.3083008527755737,0.011451471596956253,0.11071237921714783,0.8778361082077026
216007$_$2,Negative,Negative,-2.3333332538604736,-0.8153387308120728,0.8285874128341675,0.12291285395622253,0.04849981144070625
216007$_$5,Positive,Positive,0.6666666865348816,1.3621807098388672,0.016340022906661034,0.10201434791088104,0.881645679473877
216007$_$9,Negative,Negative,-1.0,-0.10684834420681,0.504492998123169,0.26992231607437134,0.22558461129665375
216007$_$12,Negative,Negative,-1.3333333730697632,-1.122823715209961,0.8908877372741699,0.04891781508922577,0.060194339603185654
21638$_$1,Neutral,Neutral,0.0,-0.10835813730955124,0.25130316615104675,0.6578992009162903,0.09079766273498535
21638$_$0,Positive,Positive,0.3333333432674408,1.2483429908752441,0.005916972178965807,0.1317194253206253,0.8623635768890381
21638$_$6,Positive,Positive,2.0,1.4813835620880127,0.013666817918419838,0.06728670001029968,0.9190465211868286
216857$_$1,Neutral,Neutral,0.0,0.29913780093193054,0.027788791805505753,0.617341160774231,0.3548700511455536
216857$_$3,Negative,Negative,-0.6666666865348816,-0.6863840222358704,0.8254836797714233,0.12747053802013397,0.047045767307281494
216857$_$6,Negative,Neutral,-0.3333333432674408,0.12699811160564423,0.40647658705711365,0.412918359041214,0.18060505390167236
216857$_$10,Negative,Negative,-1.0,-1.665895700454712,0.9488847255706787,0.04273943230509758,0.008375754579901695
218708$_$13,Negative,Neutral,-0.3333333432674408,-0.4281606078147888,0.3365173637866974,0.5526304244995117,0.1108522117137909
218708$_$12,Negative,Negative,-1.0,-1.642788290977478,0.9539986848831177,0.03904714435338974,0.00695410929620266
218708$_$15,Negative,Negative,-2.0,-1.9248565435409546,0.9835333228111267,0.012686360627412796,0.003780270228162408
218708$_$17,Negative,Negative,-1.6666666269302368,-0.8423116207122803,0.7214137315750122,0.18692591786384583,0.09166036546230316
218708$_$1,Positive,Neutral,0.3333333432674408,-0.05935671553015709,0.022629164159297943,0.629233717918396,0.34813711047172546
218708$_$0,Neutral,Neutral,0.0,0.11883008480072021,0.07183489948511124,0.6735707521438599,0.2545943558216095
218708$_$8,Neutral,Neutral,0.0,0.17941996455192566,0.16393058001995087,0.48646262288093567,0.34960684180259705
219310$_$0,Neutral,Neutral,0.0,-0.2665308117866516,0.10990002006292343,0.7990202903747559,0.09107968211174011
219310$_$2,Positive,Positive,1.0,1.7442859411239624,0.013010606169700623,0.063994400203228,0.9229950308799744
219775$_$0,Neutral,Positive,0.0,0.5542590618133545,0.022296877577900887,0.4580089747905731,0.5196940898895264
219775$_$5,Negative,Negative,-0.3333333432674408,-0.8458561897277832,0.5646270513534546,0.40072187781333923,0.03465111926198006
220134$_$27,Negative,Negative,-2.6666667461395264,-0.6802448034286499,0.8405488729476929,0.10628905892372131,0.05316207930445671
220134$_$21,Negative,Negative,-2.3333332538604736,-1.7434380054473877,0.9650155305862427,0.021594669669866562,0.013389796018600464
220134$_$8,Neutral,Neutral,0.0,0.08009320497512817,0.12719905376434326,0.5278446078300476,0.34495630860328674
220134$_$17,Negative,Negative,-1.0,-0.8149927854537964,0.6222598552703857,0.33734840154647827,0.040391743183135986
220548$_$20,Negative,Negative,-2.3333332538604736,-0.929675817489624,0.692014217376709,0.13105347752571106,0.17693233489990234
220548$_$1,Neutral,Positive,0.0,0.3473946154117584,0.08675161749124527,0.3483510911464691,0.5648972392082214
220548$_$7,Negative,Negative,-0.3333333432674408,-0.7793510556221008,0.7811681032180786,0.1351422518491745,0.08368969708681107
221740$_$0,Neutral,Neutral,0.0,-0.020293373614549637,0.025111278519034386,0.7793745398521423,0.19551420211791992
221740$_$5,Negative,Negative,-3.0,-1.7973716259002686,0.9840892553329468,0.005175385624170303,0.010735400952398777
222116$_$1,Negative,Negative,-2.0,-1.932436466217041,0.9882490634918213,0.005301694851368666,0.0064491573721170425
222116$_$7,Negative,Negative,-0.3333333432674408,-0.568636417388916,0.8407996892929077,0.030403655022382736,0.12879671156406403
222116$_$6,Neutral,Negative,0.0,-0.7564311027526855,0.8896246552467346,0.06598199158906937,0.04439333826303482
223926$_$1,Negative,Negative,-1.3333333730697632,-1.3866429328918457,0.9535548686981201,0.03645165264606476,0.009993516840040684
224599$_$1,Positive,Positive,0.3333333432674408,0.45800676941871643,0.05115074664354324,0.38922321796417236,0.5596261024475098
224599$_$2,Neutral,Positive,0.0,0.39851462841033936,0.04246700927615166,0.4442276656627655,0.5133053660392761
224599$_$5,Neutral,Negative,0.0,-0.26978638768196106,0.6062880158424377,0.26935574412345886,0.1243562325835228
224599$_$8,Positive,Positive,1.6666666269302368,1.7872214317321777,0.004934573080390692,0.05395578220486641,0.9411096572875977
224772$_$12,Negative,Negative,-1.6666666269302368,-1.334456443786621,0.9228045344352722,0.07262317836284637,0.004572310019284487
224772$_$14,Negative,Negative,-2.0,-1.217576026916504,0.8821209073066711,0.07453826814889908,0.043340906500816345
224772$_$1,Negative,Negative,-1.6666666269302368,-0.31578943133354187,0.7018545269966125,0.1730937510728836,0.12505172193050385
224772$_$6,Neutral,Neutral,0.0,0.08826517313718796,0.2624136805534363,0.5419266819953918,0.1956596076488495
224869$_$10,Negative,Negative,-1.0,-1.4391937255859375,0.9694917798042297,0.014085493981838226,0.01642271690070629
224869$_$0,Positive,Neutral,0.6666666865348816,0.13788333535194397,0.11650966852903366,0.4493023455142975,0.43418794870376587
224869$_$3,Neutral,Neutral,0.0,0.27016380429267883,0.12214488536119461,0.5808357000350952,0.29701942205429077
224869$_$5,Positive,Positive,0.3333333432674408,0.8786226511001587,0.021028444170951843,0.22145682573318481,0.7575147747993469
225343$_$10,Positive,Neutral,0.3333333432674408,-0.0019363980973139405,0.09072289615869522,0.7091149091720581,0.2001621276140213
225343$_$14,Negative,Negative,-1.6666666269302368,-1.5464816093444824,0.9743677973747253,0.012011932209134102,0.013620327226817608
225343$_$3,Positive,Positive,2.0,1.3055734634399414,0.05945751070976257,0.4123399555683136,0.5282025933265686
225343$_$9,Negative,Negative,-0.6666666865348816,-0.7758139371871948,0.8297373652458191,0.0953163132071495,0.07494637370109558
225416$_$14,Negative,Negative,-2.0,-1.3811700344085693,0.94792240858078,0.03456075116991997,0.01751687377691269
225416$_$1,Negative,Negative,-2.6666667461395264,-1.6592204570770264,0.9008731245994568,0.08303708583116531,0.01608973741531372
225416$_$3,Positive,Positive,2.3333332538604736,1.9654322862625122,0.06089494004845619,0.029598787426948547,0.9095062613487244
225416$_$8,Neutral,Neutral,0.0,0.24336248636245728,0.1495712399482727,0.5647348165512085,0.2856939733028412
225768$_$6,Neutral,Negative,0.0,-0.4598505198955536,0.5510215163230896,0.306434690952301,0.14254380762577057
227173$_$12,Negative,Negative,-0.6666666865348816,-1.276687741279602,0.9485465288162231,0.030034171417355537,0.021419238299131393
227173$_$6,Negative,Negative,-1.0,-0.850242018699646,0.803027868270874,0.14953219890594482,0.04743988439440727
227416$_$1,Neutral,Neutral,0.0,-0.0792112872004509,0.09241852164268494,0.8079604506492615,0.09962097555398941
227416$_$0,Neutral,Neutral,0.0,-0.09352578222751617,0.15280334651470184,0.5959232449531555,0.2512734830379486
227416$_$3,Neutral,Neutral,0.0,0.25959599018096924,0.2097681611776352,0.5657320618629456,0.22449980676174164
227416$_$5,Neutral,Neutral,0.0,-0.02952415496110916,0.18080836534500122,0.6575685143470764,0.16162316501140594
227416$_$8,Positive,Positive,2.6666667461395264,1.8670402765274048,0.02364455536007881,0.08391519635915756,0.8924402594566345
227426$_$19,Negative,Negative,-2.6666667461395264,-0.22635802626609802,0.5007235407829285,0.23993831872940063,0.2593382000923157
227426$_$18,Negative,Negative,-2.0,-1.5086708068847656,0.9606477618217468,0.01696382462978363,0.022388409823179245
227426$_$0,Neutral,Neutral,0.0,0.07907472550868988,0.14485959708690643,0.6153167486190796,0.23982366919517517
227426$_$8,Neutral,Negative,0.0,-0.6078454852104187,0.6616162061691284,0.24575987458229065,0.09262394905090332
22821$_$14,Neutral,Negative,0.0,-1.1243369579315186,0.8586524128913879,0.12174785137176514,0.019599778577685356
22821$_$1,Positive,Positive,1.3333333730697632,0.8147565722465515,0.15191994607448578,0.2007777988910675,0.6473023295402527
22821$_$0,Neutral,Neutral,0.0,0.6968945264816284,0.10708614438772202,0.5341987609863281,0.3587150275707245
22821$_$4,Positive,Neutral,0.3333333432674408,-0.13777916133403778,0.30846744775772095,0.465141624212265,0.22639086842536926
22821$_$9,Positive,Positive,1.3333333730697632,1.234368085861206,0.01086836401373148,0.21893300116062164,0.77019864320755
22880$_$2,Neutral,Neutral,0.0,0.030967438593506813,0.05384483188390732,0.8929157853126526,0.05323942378163338
22880$_$6,Positive,Positive,1.3333333730697632,0.8231293559074402,0.1687900274991989,0.15558010339736938,0.6756298542022705
229090$_$15,Negative,Negative,-2.6666667461395264,-1.88735032081604,0.9751706123352051,0.015084994956851006,0.009744370356202126
229090$_$16,Positive,Positive,1.0,0.7120673656463623,0.07886496931314468,0.4209774434566498,0.5001575350761414
229090$_$18,Negative,Negative,-1.6666666269302368,-1.9752888679504395,0.9813676476478577,0.010540210641920567,0.008092164993286133
229903$_$0,Neutral,Neutral,0.0,0.2505795657634735,0.033346209675073624,0.5866820812225342,0.3799716830253601
229903$_$3,Neutral,Negative,0.0,-0.44350677728652954,0.7993831038475037,0.09545326232910156,0.10516369342803955
229967$_$2,Positive,Neutral,0.3333333432674408,0.7803957462310791,0.03536553308367729,0.5968906283378601,0.3677438199520111
230252$_$1,Neutral,Neutral,0.0,-0.07263042032718658,0.11692740023136139,0.7749224901199341,0.10815010964870453
231025$_$11,Negative,Negative,-1.3333333730697632,-0.8349303007125854,0.8744803071022034,0.06893989443778992,0.05657978728413582
231025$_$15,Negative,Negative,-1.0,-1.549870491027832,0.9411396384239197,0.05213859677314758,0.006721744313836098
231025$_$14,Negative,Negative,-2.0,-0.3922383785247803,0.6341464519500732,0.24202154576778412,0.12383201718330383
231025$_$16,Negative,Negative,-0.6666666865348816,-1.3355462551116943,0.9673521518707275,0.01778486743569374,0.014863069169223309
231025$_$0,Positive,Positive,1.6666666269302368,0.8389886617660522,0.010870485566556454,0.38410791754722595,0.6050215363502502
231025$_$9,Negative,Positive,-0.3333333432674408,0.22957614064216614,0.10522682964801788,0.3879210352897644,0.5068521499633789
233171$_$1,Negative,Negative,-1.6666666269302368,-1.5871543884277344,0.9786772727966309,0.011992228217422962,0.009330524131655693
233171$_$7,Negative,Negative,-2.0,-2.1051523685455322,0.9870970249176025,0.010653618723154068,0.0022494071163237095
233356$_$1,Positive,Positive,0.6666666865348816,0.21434715390205383,0.24589712917804718,0.2056920975446701,0.5484108328819275
233356$_$3,Positive,Positive,1.6666666269302368,1.2338671684265137,0.008404002524912357,0.16563333570957184,0.8259626626968384
233366$_$4,Negative,Negative,-1.3333333730697632,-1.7194199562072754,0.9411993622779846,0.04378855228424072,0.01501212827861309
233389$_$0,Neutral,Neutral,0.0,0.20015981793403625,0.06854551285505295,0.651143491268158,0.2803110182285309
233389$_$5,Negative,Negative,-0.6666666865348816,-1.1596460342407227,0.9445204138755798,0.030248865485191345,0.025230741128325462
234053$_$26,Positive,Positive,2.6666667461395264,1.3515037298202515,0.033246614038944244,0.2121683657169342,0.7545850276947021
234053$_$21,Positive,Neutral,0.3333333432674408,-0.21339565515518188,0.3046030104160309,0.6036204099655151,0.09177657216787338
234053$_$1,Neutral,Neutral,0.0,0.41605210304260254,0.03443179652094841,0.6022807359695435,0.3632875680923462
234053$_$11,Positive,Positive,0.6666666865348816,0.60634845495224,0.2962014377117157,0.3415960371494293,0.36220255494117737
234053$_$17,Neutral,Neutral,0.0,-0.26862722635269165,0.24165238440036774,0.6713783144950867,0.0869692713022232
234053$_$19,Negative,Negative,-1.0,-0.5331039428710938,0.7534841299057007,0.138926699757576,0.10758920758962631
234053$_$18,Neutral,Neutral,0.0,0.5638857483863831,0.10651816427707672,0.4984954595565796,0.3949863016605377
234587$_$2,Positive,Neutral,0.3333333432674408,0.3832383155822754,0.027697132900357246,0.5704270601272583,0.40187573432922363
234587$_$5,Negative,Negative,-0.3333333432674408,-1.901906132698059,0.9926438927650452,0.0049951220862567425,0.0023609872441738844
234587$_$11,Positive,Positive,0.6666666865348816,1.1086373329162598,0.0094033507630229,0.18613427877426147,0.8044623732566833
234587$_$14,Neutral,Negative,0.0,0.3023999035358429,0.5956288576126099,0.15989410877227783,0.2444770783185959
234587$_$16,Positive,Positive,0.3333333432674408,1.0602569580078125,0.010243689641356468,0.19851770997047424,0.7912386059761047
234587$_$19,Positive,Negative,2.0,-0.36713430285453796,0.8133324384689331,0.10071972012519836,0.08594796061515808
236399$_$4,Negative,Neutral,-0.3333333432674408,0.1683410108089447,0.09491746872663498,0.6313865184783936,0.27369606494903564
236696$_$7,Negative,Negative,-2.6666667461395264,-2.2143614292144775,0.9950551986694336,0.0030891792848706245,0.001855568727478385
238023$_$22,Negative,Neutral,-0.6666666865348816,0.00569798843935132,0.11283332109451294,0.7955700159072876,0.09159670770168304
238023$_$1,Neutral,Neutral,0.0,0.3874571919441223,0.0574030727148056,0.5681231617927551,0.3744736909866333
238023$_$37,Negative,Negative,-2.3333332538604736,-1.4668891429901123,0.9451975226402283,0.027901003137230873,0.02690151147544384
238039$_$6,Neutral,Neutral,0.0,0.5293354988098145,0.08012643456459045,0.7531436681747437,0.16672997176647186
238060$_$13,Negative,Neutral,-0.3333333432674408,0.005918577313423157,0.399577260017395,0.4051932394504547,0.19522948563098907
238060$_$18,Negative,Negative,-0.6666666865348816,-1.3673534393310547,0.9523203372955322,0.022982941940426826,0.02469670958817005
238060$_$5,Neutral,Neutral,0.0,0.45251643657684326,0.03893505409359932,0.566906213760376,0.3941587209701538
238060$_$7,Negative,Negative,-0.3333333432674408,-0.4557955861091614,0.8336856365203857,0.11769802868366241,0.04861637204885483
238100$_$3,Negative,Negative,-2.0,-1.998695969581604,0.9907682538032532,0.005517306737601757,0.0037143549416214228
238645$_$20,Neutral,Neutral,0.0,0.4296441674232483,0.07050973922014236,0.6085783243179321,0.3209119141101837
238645$_$23,Negative,Negative,-2.3333332538604736,-1.9419304132461548,0.9729892015457153,0.021962007507681847,0.005048783030360937
238645$_$0,Positive,Positive,0.3333333432674408,0.6583144664764404,0.011716439388692379,0.4032568037509918,0.585026741027832
238645$_$6,Negative,Negative,-0.6666666865348816,-1.2370346784591675,0.8533640503883362,0.12514996528625488,0.021486012265086174
238645$_$8,Negative,Negative,-2.3333332538604736,-2.056415557861328,0.980552613735199,0.014822007156908512,0.004625348839908838
238889$_$2,Negative,Negative,-1.0,-1.6413127183914185,0.951162576675415,0.041907068341970444,0.0069303554482758045
238889$_$5,Neutral,Negative,0.0,-0.4168173372745514,0.5420295596122742,0.4007764160633087,0.05719398707151413
238889$_$4,Negative,Negative,-2.0,-0.6578193306922913,0.7513908743858337,0.15487723052501678,0.09373188018798828
238889$_$6,Positive,Neutral,0.6666666865348816,0.19998447597026825,0.3187237083911896,0.440238356590271,0.24103790521621704
239235$_$11,Positive,Negative,2.0,0.9555382132530212,0.464760959148407,0.11434328556060791,0.4208957552909851
239235$_$13,Positive,Positive,2.3333332538604736,2.321683406829834,0.007254621479660273,0.01292712613940239,0.9798182249069214
239235$_$1,Neutral,Neutral,0.0,0.2636416554450989,0.0360759012401104,0.535150408744812,0.4287737011909485
239235$_$4,Positive,Positive,1.3333333730697632,2.004908561706543,0.02910500578582287,0.031074069440364838,0.9398208856582642
239235$_$8,Neutral,Neutral,0.0,-0.15174579620361328,0.13389989733695984,0.654551088809967,0.21154895424842834
239572$_$2,Positive,Neutral,0.3333333432674408,0.2488822340965271,0.1419212520122528,0.579353392124176,0.27872535586357117
239572$_$4,Neutral,Neutral,0.0,0.032657064497470856,0.18811152875423431,0.6898102164268494,0.12207824736833572
23YlZoucbyM$_$4,Negative,Positive,-1.6666666269302368,0.30502232909202576,0.22809097170829773,0.27859774231910706,0.4933112561702728
240915$_$1,Negative,Negative,-2.0,-1.9724390506744385,0.9778652191162109,0.017114782705903053,0.00501996511593461
240915$_$2,Negative,Negative,-2.6666667461395264,-1.9686410427093506,0.9891809821128845,0.0036082337610423565,0.0072107925079762936
240915$_$8,Positive,Positive,0.6666666865348816,1.22227144241333,0.041247498244047165,0.24825213849544525,0.7105003595352173
241164$_$10,Neutral,Positive,0.0,0.8708349466323853,0.03213807940483093,0.40177857875823975,0.5660833716392517
241164$_$1,Neutral,Neutral,0.0,0.5082365870475769,0.05913366377353668,0.7428751587867737,0.19799119234085083
241164$_$0,Neutral,Neutral,0.0,0.1396813690662384,0.037441737949848175,0.7167643308639526,0.24579393863677979
241164$_$9,Neutral,Neutral,0.0,0.118728406727314,0.12548020482063293,0.6108681559562683,0.26365169882774353
241172$_$3,Positive,Neutral,0.3333333432674408,-0.3328590393066406,0.26082155108451843,0.5974467992782593,0.1417316347360611
241172$_$7,Negative,Negative,-1.0,-1.5128417015075684,0.9671804904937744,0.01248735561966896,0.020332152023911476
24202$_$10,Negative,Negative,-2.6666667461395264,-1.8674569129943848,0.9845730662345886,0.012334293685853481,0.0030925453174859285
24202$_$5,Negative,Negative,-2.6666667461395264,-2.072225570678711,0.9908181428909302,0.006767871789634228,0.0024140728637576103
24202$_$4,Negative,Negative,-1.6666666269302368,-2.1877963542938232,0.9935916066169739,0.0049287304282188416,0.001479615573771298
24202$_$9,Negative,Negative,-2.0,-1.6712440252304077,0.9273083806037903,0.06492980569601059,0.007761795539408922
243338$_$20,Negative,Negative,-0.6666666865348816,-1.3324769735336304,0.956152617931366,0.031199196353554726,0.012648144736886024
243338$_$21,Negative,Negative,-2.3333332538604736,-2.0829386711120605,0.9862862229347229,0.011920242570340633,0.0017934654606506228
243338$_$22,Negative,Negative,-1.3333333730697632,-1.905369758605957,0.989098310470581,0.006132057402282953,0.004769711289554834
243338$_$9,Negative,Negative,-1.3333333730697632,-2.0956003665924072,0.9934139847755432,0.0036824122071266174,0.002903657266870141
243341$_$23,Negative,Negative,-1.6666666269302368,-1.0416570901870728,0.7866647243499756,0.16291500627994537,0.05042024701833725
243341$_$2,Negative,Negative,-2.6666667461395264,-1.5785011053085327,0.9191985726356506,0.05136846750974655,0.02943297103047371
243341$_$7,Negative,Negative,-2.6666667461395264,-1.9826931953430176,0.9905301928520203,0.005735447164624929,0.003734453348442912
243341$_$10,Negative,Negative,-3.0,-2.3113138675689697,0.9969596862792969,0.0017972736386582255,0.0012429984053596854
243341$_$14,Negative,Negative,-1.6666666269302368,-1.2684643268585205,0.9322919249534607,0.028806908056139946,0.03890111297369003
244180$_$20,Negative,Negative,-1.3333333730697632,-1.904282569885254,0.9908451437950134,0.003961651585996151,0.005193154793232679
244180$_$4,Negative,Negative,-2.0,-1.9965072870254517,0.9922939538955688,0.004325112793594599,0.00338102993555367
244180$_$19,Positive,Positive,1.3333333730697632,1.5590734481811523,0.023267965763807297,0.10607346147298813,0.8706585764884949
244180$_$18,Positive,Positive,2.0,1.2626436948776245,0.06231026351451874,0.11543596535921097,0.8222537636756897
244261$_$24,Positive,Neutral,0.6666666865348816,0.4404016435146332,0.09300518780946732,0.5457969903945923,0.3611977994441986
244261$_$20,Positive,Positive,2.6666667461395264,0.4087156355381012,0.34350520372390747,0.14768590033054352,0.5088089108467102
244261$_$4,Positive,Negative,1.6666666269302368,0.7584426403045654,0.5508880615234375,0.041231922805309296,0.4078799784183502
244261$_$7,Neutral,Negative,0.0,-0.25619474053382874,0.6286476254463196,0.25482177734375,0.11653057485818863
244261$_$12,Negative,Negative,-0.6666666865348816,-1.3829057216644287,0.9735410809516907,0.017080556601285934,0.009378385730087757
244261$_$14,Positive,Negative,2.3333332538604736,-0.33158230781555176,0.6513962149620056,0.2666844427585602,0.0819193497300148
244623$_$4,Neutral,Neutral,0.0,-0.14577174186706543,0.36836692690849304,0.5041958689689636,0.12743721902370453
244623$_$9,Negative,Negative,-1.0,-0.4564661979675293,0.7293580174446106,0.18655095994472504,0.0840909332036972
244623$_$11,Negative,Negative,-1.6666666269302368,-1.3894490003585815,0.9591598510742188,0.027640264481306076,0.013199878856539726
244623$_$17,Neutral,Negative,0.0,-0.8572521209716797,0.8658774495124817,0.0901499018073082,0.04397261142730713
244623$_$37,Negative,Negative,-0.3333333432674408,-0.03030361607670784,0.5252998471260071,0.3515702486038208,0.12312997877597809
244817$_$2,Negative,Negative,-2.0,-1.2190220355987549,0.9097009301185608,0.05993214249610901,0.03036690317094326
244817$_$5,Negative,Negative,-0.6666666865348816,-0.5350467562675476,0.7920255064964294,0.15790602564811707,0.050068508833646774
244817$_$9,Negative,Negative,-2.0,-1.9196512699127197,0.9888413548469543,0.0065070027485489845,0.004651627037674189
245243$_$4,Positive,Negative,0.3333333432674408,0.292731910943985,0.39024803042411804,0.23828046023845673,0.37147143483161926
245276$_$2,Negative,Negative,-2.6666667461395264,-1.9983168840408325,0.9828389286994934,0.013499286025762558,0.003661821596324444
245276$_$4,Negative,Negative,-2.3333332538604736,-0.552507221698761,0.8274659514427185,0.14060965180397034,0.031924378126859665
245276$_$7,Negative,Negative,-2.6666667461395264,-2.0793628692626953,0.9888060092926025,0.008720009587705135,0.0024740146473050117
245497$_$1,Negative,Negative,-1.6666666269302368,-1.0618709325790405,0.9434154033660889,0.012730582617223263,0.0438540019094944
245497$_$2,Negative,Negative,-2.0,-1.8009384870529175,0.9788271188735962,0.015686247497797012,0.005486673209816217
245497$_$4,Negative,Negative,-0.6666666865348816,-1.6615687608718872,0.9771879315376282,0.017353583127260208,0.005458454601466656
247382$_$1,Positive,Neutral,0.3333333432674408,0.3931353986263275,0.03167060762643814,0.794328510761261,0.17400076985359192
247382$_$2,Negative,Negative,-1.0,-1.8503923416137695,0.9769619703292847,0.018375977873802185,0.004661980085074902
247382$_$6,Positive,Neutral,0.6666666865348816,0.8080347776412964,0.2253740429878235,0.39371195435523987,0.3809140622615814
247382$_$9,Neutral,Neutral,0.0,-0.4222402274608612,0.17533482611179352,0.7749321460723877,0.049733057618141174
247382$_$11,Positive,Neutral,0.3333333432674408,0.7835592031478882,0.08739996701478958,0.456853449344635,0.4557466208934784
247382$_$13,Negative,Negative,-0.3333333432674408,-1.2668631076812744,0.8276667594909668,0.1593426913022995,0.01299054455012083
247382$_$14,Positive,Neutral,1.0,1.254948616027832,0.031972210854291916,0.6408113837242126,0.32721632719039917
248837$_$12,Negative,Negative,-0.6666666865348816,-0.7479189038276672,0.8673338890075684,0.06918332725763321,0.06348270922899246
248837$_$6,Negative,Negative,-1.0,-1.925351619720459,0.9829844236373901,0.014718549326062202,0.002297108992934227
24xayGF5yYA$_$24,Neutral,Negative,0.0,-0.17793266475200653,0.4007965326309204,0.3338810205459595,0.2653224468231201
24xayGF5yYA$_$26,Positive,Positive,2.3333332538604736,1.9447839260101318,0.004366425331681967,0.029030101373791695,0.9666034579277039
24xayGF5yYA$_$3,Positive,Positive,0.6666666865348816,0.8250930905342102,0.038939185440540314,0.37623128294944763,0.5848295092582703
24xayGF5yYA$_$2,Positive,Positive,1.6666666269302368,0.8757244348526001,0.017596624791622162,0.3444940149784088,0.6379094123840332
24xayGF5yYA$_$10,Positive,Positive,2.3333332538604736,2.17536997795105,0.002017056569457054,0.015024461783468723,0.9829584956169128
24xayGF5yYA$_$15,Neutral,Negative,0.0,0.00023529678583145142,0.3700668513774872,0.3393080532550812,0.29062503576278687
24xayGF5yYA$_$16,Positive,Positive,3.0,1.4187281131744385,0.015542539767920971,0.13034456968307495,0.8541128635406494
250430$_$11,Negative,Negative,-1.6666666269302368,-1.5734899044036865,0.9734322428703308,0.022686637938022614,0.00388119975104928
250430$_$10,Negative,Negative,-1.6666666269302368,-2.219043731689453,0.9937006235122681,0.005404903087764978,0.0008944593137130141
250430$_$6,Negative,Negative,-2.0,-1.2462260723114014,0.9173197150230408,0.06357251107692719,0.01910785585641861
251417$_$1,Neutral,Negative,0.0,0.06524402648210526,0.48898056149482727,0.25369033217430115,0.2573291063308716
251417$_$0,Positive,Neutral,1.0,0.7309700846672058,0.021474353969097137,0.5518159866333008,0.42670977115631104
251646$_$13,Positive,Positive,1.0,0.4407229721546173,0.1619376838207245,0.38354673981666565,0.4545155465602875
251646$_$2,Positive,Neutral,1.0,0.5961746573448181,0.03918414190411568,0.7623647451400757,0.19845114648342133
251646$_$4,Neutral,Positive,0.0,1.191800594329834,0.02928633987903595,0.1989649534225464,0.7717486619949341
251646$_$7,Neutral,Negative,0.0,-0.6801292300224304,0.8042279481887817,0.1373927742242813,0.05837930738925934
251826$_$6,Negative,Negative,-0.3333333432674408,-0.46684500575065613,0.461745023727417,0.43708717823028564,0.10116776823997498
251839$_$13,Neutral,Neutral,0.0,0.07099764049053192,0.21696357429027557,0.6034572124481201,0.17957928776741028
252177$_$2,Positive,Positive,2.6666667461395264,0.5035312175750732,0.4009367525577545,0.04028359428048134,0.5587797164916992
252177$_$4,Positive,Neutral,0.6666666865348816,0.5536293983459473,0.2645542323589325,0.4365811347961426,0.2988646924495697
252177$_$9,Negative,Negative,-1.6666666269302368,-2.029226779937744,0.9892238974571228,0.008533507585525513,0.0022426072973757982
25271$_$10,Neutral,Neutral,0.0,-0.14111532270908356,0.11760236322879791,0.7108068466186523,0.17159079015254974
25271$_$0,Neutral,Positive,0.0,0.23770937323570251,0.10989786684513092,0.4007265865802765,0.48937559127807617
254298$_$14,Negative,Negative,-1.6666666269302368,-1.6497244834899902,0.9714123606681824,0.025173615664243698,0.003414071397855878
254298$_$0,Negative,Neutral,-0.6666666865348816,-0.22608943283557892,0.19655542075634003,0.6010695099830627,0.20237502455711365
254298$_$2,Negative,Negative,-2.3333332538604736,-1.5271120071411133,0.9344905614852905,0.056265708059072495,0.009243788197636604
25522$_$0,Positive,Neutral,0.3333333432674408,-0.2422596514225006,0.08498748391866684,0.7228534817695618,0.1921589970588684
25522$_$3,Negative,Negative,-0.6666666865348816,-0.5089913606643677,0.5455449819564819,0.35187599062919617,0.1025790199637413
25522$_$5,Negative,Negative,-1.6666666269302368,-1.746387004852295,0.9766194224357605,0.017622236162424088,0.005758307874202728
255224$_$1,Negative,Negative,-0.3333333432674408,-0.2997932434082031,0.5259336829185486,0.30895620584487915,0.16511009633541107
255224$_$5,Negative,Negative,-1.6666666269302368,-0.9145573377609253,0.9215419888496399,0.0491977222263813,0.029260290786623955
255224$_$9,Negative,Negative,-1.0,-0.8703137040138245,0.9166165590286255,0.034449536353349686,0.048933953046798706
255224$_$8,Negative,Negative,-0.6666666865348816,-0.017771080136299133,0.6898492574691772,0.13634437322616577,0.17380642890930176
255226$_$5,Neutral,Neutral,0.0,-0.2987692654132843,0.3890831172466278,0.48391520977020264,0.12700170278549194
255226$_$8,Positive,Neutral,0.3333333432674408,0.44405877590179443,0.05175693705677986,0.5875370502471924,0.36070603132247925
255338$_$1,Neutral,Neutral,0.0,-0.34094443917274475,0.16349966824054718,0.6926422715187073,0.14385798573493958
255338$_$2,Positive,Positive,0.6666666865348816,0.712051510810852,0.09627274423837662,0.3126887381076813,0.5910385847091675
255338$_$5,Negative,Neutral,-0.3333333432674408,0.2698894143104553,0.28717049956321716,0.5051052570343018,0.20772425830364227
255338$_$7,Negative,Negative,-0.3333333432674408,-0.17224420607089996,0.7030999660491943,0.17822673916816711,0.11867328733205795
255338$_$8,Negative,Negative,-2.3333332538604736,-2.2039051055908203,0.9957566857337952,0.002580662490800023,0.0016626454889774323
255343$_$0,Neutral,Positive,0.0,0.633114218711853,0.021631821990013123,0.23782581090927124,0.7405424118041992
255343$_$5,Negative,Negative,-1.6666666269302368,-1.608370304107666,0.9658149480819702,0.020009273663163185,0.014175765216350555
255343$_$8,Negative,Negative,-2.0,-1.9013659954071045,0.9895172715187073,0.006000872235745192,0.004481861833482981
255852$_$0,Negative,Neutral,-0.3333333432674408,0.056535813957452774,0.10321883857250214,0.4831109941005707,0.41367021203041077
255852$_$6,Negative,Negative,-0.3333333432674408,-1.2061975002288818,0.9695208072662354,0.012178503908216953,0.01830076426267624
255852$_$8,Negative,Negative,-1.6666666269302368,-1.440980076789856,0.9482594132423401,0.021710608154535294,0.030029959976673126
256174$_$6,Neutral,Neutral,0.0,-0.1022179126739502,0.17704421281814575,0.6492390632629395,0.17371676862239838
256935$_$0,Neutral,Neutral,0.0,0.10680559277534485,0.08332104980945587,0.5577787756919861,0.35890012979507446
256935$_$4,Neutral,Positive,0.0,0.6300687789916992,0.17484813928604126,0.16122327744960785,0.6639286279678345
256935$_$9,Negative,Negative,-1.3333333730697632,-1.5720466375350952,0.9736011624336243,0.018472377210855484,0.007926522754132748
256935$_$10,Negative,Negative,-0.6666666865348816,-0.406380295753479,0.7649873495101929,0.14849057793617249,0.08652212470769882
256976$_$12,Negative,Negative,-1.3333333730697632,-0.7760155200958252,0.7468776106834412,0.12428150326013565,0.12884089350700378
256976$_$2,Neutral,Neutral,0.0,0.11129646003246307,0.0953054130077362,0.56646728515625,0.33822736144065857
256976$_$4,Negative,Negative,-2.3333332538604736,-2.088350296020508,0.9800741076469421,0.017542682588100433,0.0023831906728446484
257045$_$11,Negative,Negative,-1.0,-1.222320795059204,0.9460053443908691,0.029873577877879143,0.024121098220348358
257045$_$1,Neutral,Neutral,0.0,-0.21768224239349365,0.09754781424999237,0.7302187085151672,0.17223350703716278
257531$_$15,Neutral,Neutral,0.0,0.04959716647863388,0.30102038383483887,0.4933505952358246,0.20562899112701416
257531$_$17,Negative,Negative,-1.6666666269302368,-1.911255121231079,0.9902822971343994,0.006407739594578743,0.0033099926076829433
257531$_$1,Neutral,Neutral,0.0,-0.027797438204288483,0.053537141531705856,0.7512468099594116,0.1952160894870758
257531$_$2,Positive,Negative,0.6666666865348816,-0.47710537910461426,0.4480988681316376,0.4299776554107666,0.12192346900701523
257771$_$15,Negative,Negative,-2.0,-0.7527703642845154,0.8411287069320679,0.1069619208574295,0.05190934240818024
257771$_$0,Positive,Neutral,0.3333333432674408,0.432741641998291,0.048526521772146225,0.5125218033790588,0.4389517605304718
257771$_$3,Negative,Negative,-0.6666666865348816,-1.70402193069458,0.9827544093132019,0.012991435825824738,0.004254170227795839
257771$_$8,Positive,Positive,1.6666666269302368,1.774604320526123,0.02239111438393593,0.0890236645936966,0.8885852098464966
259260$_$26,Positive,Positive,0.6666666865348816,0.2720828652381897,0.33405667543411255,0.2854904532432556,0.3804529309272766
259260$_$20,Negative,Negative,-0.3333333432674408,0.06733763217926025,0.5405698418617249,0.2028573602437973,0.2565727233886719
259260$_$22,Negative,Negative,-1.0,-0.863286018371582,0.8529027104377747,0.10993637144565582,0.03716093674302101
259260$_$1,Negative,Neutral,-0.6666666865348816,-0.05843595415353775,0.33296141028404236,0.47656551003456116,0.19047310948371887
259260$_$37,Negative,Negative,-0.6666666865348816,-0.03161744773387909,0.3814983665943146,0.28776395320892334,0.3307376205921173
25t8nrkUfRY$_$1,Positive,Positive,0.3333333432674408,0.434655100107193,0.06363970041275024,0.31903189420700073,0.617328405380249
260011$_$20,Negative,Negative,-1.0,-1.7421371936798096,0.9676185250282288,0.028857262805104256,0.0035242661833763123
260011$_$16,Neutral,Neutral,0.0,-0.06787773966789246,0.14885438978672028,0.7704551815986633,0.08069039136171341
260011$_$0,Neutral,Neutral,0.0,-0.2648439407348633,0.28046268224716187,0.6123107671737671,0.10722652077674866
260011$_$3,Positive,Positive,2.3333332538604736,1.1336430311203003,0.018037870526313782,0.16429483890533447,0.8176672458648682
261267$_$11,Negative,Negative,-1.0,-1.8550904989242554,0.9760245680809021,0.01617453061044216,0.00780089758336544
261267$_$12,Negative,Negative,-1.3333333730697632,-0.45538169145584106,0.7617974281311035,0.02706092782318592,0.21114160120487213
261267$_$15,Negative,Negative,-0.6666666865348816,-0.7620037794113159,0.827552855014801,0.0909036323428154,0.08154349774122238
261267$_$16,Negative,Negative,-2.3333332538604736,-2.0261878967285156,0.9935523271560669,0.0035974469501525164,0.00285031134262681
261267$_$19,Negative,Negative,-1.3333333730697632,-1.1617257595062256,0.859187662601471,0.10635023564100266,0.034462083131074905
261267$_$18,Negative,Negative,-1.3333333730697632,-1.0579993724822998,0.9497243165969849,0.02043325826525688,0.029842492192983627
261267$_$2,Negative,Negative,-1.3333333730697632,-2.0749640464782715,0.9442524909973145,0.053547631949186325,0.002199852839112282
261267$_$4,Positive,Negative,0.3333333432674408,0.28597766160964966,0.5400109887123108,0.22246894240379333,0.23752018809318542
261267$_$8,Negative,Negative,-1.3333333730697632,-1.4818553924560547,0.9581318497657776,0.024832064285874367,0.01703605242073536
261326$_$0,Positive,Positive,0.3333333432674408,0.5783231258392334,0.03140944615006447,0.19507628679275513,0.7735143303871155
261326$_$3,Negative,Negative,-1.3333333730697632,-1.3129098415374756,0.9563227891921997,0.02576853334903717,0.017908621579408646
261900$_$24,Negative,Negative,-1.6666666269302368,-1.0947856903076172,0.9007357358932495,0.08581701666116714,0.01344725675880909
261900$_$27,Negative,Negative,-0.6666666865348816,-0.5966241359710693,0.7490093111991882,0.1612417846918106,0.08974883705377579
261900$_$7,Neutral,Neutral,0.0,0.310896098613739,0.028715098276734352,0.842818021774292,0.12846682965755463
261900$_$9,Neutral,Neutral,0.0,-0.19567155838012695,0.40400055050849915,0.5328094363212585,0.06318993121385574
261900$_$8,Neutral,Neutral,0.0,0.35384562611579895,0.03885320946574211,0.7640053033828735,0.19714143872261047
261900$_$30,Negative,Negative,-1.6666666269302368,-1.7725093364715576,0.9763439893722534,0.021057507023215294,0.0025985045358538628
261900$_$36,Negative,Negative,-0.3333333432674408,-0.9425919055938721,0.8701699376106262,0.1177750825881958,0.012054900638759136
261900$_$34,Positive,Positive,0.3333333432674408,0.8033301830291748,0.050768572837114334,0.36373740434646606,0.5854940414428711
261900$_$33,Positive,Positive,1.6666666269302368,0.7454555034637451,0.165299654006958,0.29641327261924744,0.5382870435714722
261902$_$0,Neutral,Neutral,0.0,0.31584757566452026,0.02670883946120739,0.6831023097038269,0.29018881916999817
261902$_$10,Positive,Positive,0.6666666865348816,1.3802738189697266,0.048260174691677094,0.119338259100914,0.8324015140533447
261902$_$15,Positive,Positive,1.3333333730697632,1.4679961204528809,0.05464716628193855,0.3439643979072571,0.6013885140419006
261902$_$18,Positive,Negative,0.3333333432674408,-1.1997125148773193,0.9462122917175293,0.03933669999241829,0.014451024122536182
262165$_$22,Negative,Negative,-0.6666666865348816,-0.3838604688644409,0.847602128982544,0.09306906908750534,0.05932890996336937
262165$_$2,Neutral,Neutral,0.0,-0.21340544521808624,0.11650292575359344,0.7197116613388062,0.1637854129076004
262165$_$4,Negative,Negative,-0.6666666865348816,-0.5360926985740662,0.6078237891197205,0.317617803812027,0.07455846667289734
262165$_$7,Neutral,Neutral,0.0,0.14759422838687897,0.1115812361240387,0.6894584894180298,0.1989603191614151
262165$_$6,Negative,Negative,-0.3333333432674408,-0.5170465707778931,0.7183048725128174,0.17824269831180573,0.1034523993730545
262165$_$8,Negative,Neutral,-1.3333333730697632,-0.13226202130317688,0.3890517055988312,0.4666070342063904,0.14434131979942322
262165$_$13,Negative,Negative,-0.3333333432674408,-1.0315815210342407,0.8607725501060486,0.12572148442268372,0.013505971059203148
262165$_$15,Neutral,Neutral,0.0,-0.10140909254550934,0.12548202276229858,0.7458981871604919,0.12861980497837067
262165$_$17,Negative,Negative,-2.0,-2.399836540222168,0.9951961636543274,0.0035662513691931963,0.0012376188533380628
262165$_$19,Negative,Negative,-0.3333333432674408,-1.2246284484863281,0.9003607630729675,0.07264343649148941,0.026995768770575523
262165$_$18,Negative,Negative,-2.0,-0.4579283595085144,0.7988929748535156,0.07447271794080734,0.12663428485393524
264418$_$10,Negative,Negative,-2.3333332538604736,-2.0136070251464844,0.9736459255218506,0.021953068673610687,0.004401072394102812
264418$_$13,Negative,Neutral,-1.3333333730697632,-0.4484943747520447,0.4341263473033905,0.4399547874927521,0.125918909907341
264418$_$15,Negative,Negative,-1.3333333730697632,-1.511580467224121,0.9639140963554382,0.026441417634487152,0.009644555859267712
264418$_$4,Negative,Negative,-2.0,-2.240123748779297,0.9914693236351013,0.006804699543863535,0.001725943642668426
264418$_$6,Negative,Negative,-0.6666666865348816,-1.7339211702346802,0.9612749218940735,0.03223447874188423,0.006490583065897226
264446$_$23,Negative,Negative,-0.3333333432674408,-0.5705814361572266,0.6762692928314209,0.2863137722015381,0.037416886538267136
264446$_$44,Negative,Negative,-1.0,-0.5639090538024902,0.5793895125389099,0.3151535987854004,0.10545685142278671
264446$_$43,Negative,Negative,-2.0,-1.2573373317718506,0.9261131882667542,0.05796065181493759,0.015926120802760124
264446$_$2,Neutral,Neutral,0.0,0.022775741294026375,0.18583808839321136,0.5552089810371399,0.25895294547080994
264446$_$38,Neutral,Negative,0.0,-1.0508627891540527,0.8209227919578552,0.16058465838432312,0.01849256455898285
264446$_$15,Neutral,Neutral,0.0,0.20412097871303558,0.20694424211978912,0.5231068730354309,0.26994892954826355
264446$_$14,Neutral,Neutral,0.0,-0.048777639865875244,0.3451001048088074,0.5802997946739197,0.07460010796785355
265959$_$11,Negative,Negative,-2.3333332538604736,-1.387490153312683,0.9115550518035889,0.03920156881213188,0.04924345761537552
265959$_$15,Negative,Negative,-2.6666667461395264,-1.7284808158874512,0.8693817257881165,0.11672437191009521,0.013893838971853256
265959$_$16,Negative,Negative,-2.3333332538604736,-1.5593562126159668,0.9338794946670532,0.05181122571229935,0.014309320598840714
265959$_$0,Neutral,Negative,0.0,-0.8012306690216064,0.621135950088501,0.26034602522850037,0.11851803958415985
265959$_$2,Negative,Negative,-2.6666667461395264,-1.836580514907837,0.9787561893463135,0.011052041314542294,0.010191741399466991
265959$_$5,Negative,Negative,-2.0,-2.021214246749878,0.9815495610237122,0.014014992862939835,0.004435516428202391
265959$_$7,Negative,Negative,-1.6666666269302368,-1.0420587062835693,0.8835868239402771,0.059425387531518936,0.05698772147297859
265959$_$9,Negative,Negative,-2.0,-1.8944249153137207,0.9755025506019592,0.013359759002923965,0.011137720197439194
266366$_$14,Negative,Negative,-2.0,-1.9517701864242554,0.9846310019493103,0.01153020840138197,0.003838779404759407
266366$_$16,Negative,Negative,-2.0,-2.298130512237549,0.9932812452316284,0.005664318799972534,0.0010544677497819066
266366$_$1,Neutral,Neutral,0.0,0.06819318234920502,0.07850338518619537,0.718576967716217,0.2029196172952652
266366$_$0,Positive,Neutral,0.3333333432674408,0.22929006814956665,0.06904178112745285,0.6617122292518616,0.26924601197242737
266366$_$7,Negative,Negative,-1.3333333730697632,-0.5108053088188171,0.7163188457489014,0.21554100513458252,0.06814011186361313
266366$_$8,Negative,Negative,-2.3333332538604736,-1.2779065370559692,0.9447966814041138,0.043276529759168625,0.011926855891942978
266396$_$55,Negative,Negative,-2.6666667461395264,-1.9641649723052979,0.9823091626167297,0.015347812324762344,0.002343082334846258
266396$_$82,Neutral,Neutral,0.0,-0.1513654887676239,0.21423260867595673,0.6833945512771606,0.10237285494804382
266396$_$80,Negative,Neutral,-0.6666666865348816,0.22887477278709412,0.06373731791973114,0.6469361782073975,0.28932642936706543
266396$_$87,Neutral,Positive,0.0,0.5809555649757385,0.08081324398517609,0.36417898535728455,0.5550077557563782
266396$_$85,Negative,Negative,-1.0,-1.3645869493484497,0.9102553129196167,0.07055972516536713,0.019184984266757965
266396$_$33,Negative,Negative,-1.0,-1.4441001415252686,0.9515810012817383,0.029925215989351273,0.018493803218007088
266396$_$91,Negative,Negative,-3.0,-1.8953235149383545,0.9832350015640259,0.011594335548579693,0.00517068337649107
266396$_$93,Negative,Negative,-1.0,-1.939010739326477,0.9825534224510193,0.014149004593491554,0.0032975836656987667
266396$_$10,Negative,Positive,-1.0,0.3275887966156006,0.16465729475021362,0.20863983035087585,0.6267028450965881
266396$_$18,Neutral,Negative,0.0,-0.8331940174102783,0.5491286516189575,0.2559661865234375,0.19490519165992737
266396$_$44,Negative,Negative,-0.6666666865348816,-0.5316892266273499,0.7322341203689575,0.09637556970119476,0.1713903546333313
266396$_$45,Negative,Negative,-2.3333332538604736,-0.8646708726882935,0.7347586750984192,0.13641488552093506,0.12882651388645172
266396$_$43,Negative,Negative,-3.0,-1.3057235479354858,0.9422197937965393,0.026156190782785416,0.03162408620119095
266396$_$74,Negative,Negative,-1.0,-1.9598312377929688,0.9696455001831055,0.024956969544291496,0.0053975535556674
266852$_$25,Positive,Neutral,0.3333333432674408,0.12240837514400482,0.06441819667816162,0.7232034802436829,0.2123783379793167
266852$_$20,Neutral,Negative,0.0,-0.2556989789009094,0.4532780647277832,0.3262890875339508,0.2204328179359436
266852$_$2,Neutral,Neutral,0.0,-0.21616795659065247,0.14174017310142517,0.7018142938613892,0.15644556283950806
266852$_$13,Neutral,Neutral,0.0,-0.5865318775177002,0.15430636703968048,0.7943283915519714,0.051365286111831665
266938$_$42,Negative,Negative,-3.0,-1.202572226524353,0.8481801748275757,0.050470028072595596,0.10134977102279663
266938$_$43,Negative,Neutral,-1.3333333730697632,-0.30603229999542236,0.2678908705711365,0.5513877868652344,0.18072135746479034
266938$_$23,Negative,Negative,-2.3333332538604736,-1.2280244827270508,0.8827825784683228,0.08348461240530014,0.03373279795050621
266938$_$25,Negative,Negative,-1.6666666269302368,-1.2160547971725464,0.8321168422698975,0.10001654177904129,0.06786664575338364
266938$_$20,Negative,Negative,-0.6666666865348816,-0.6682882308959961,0.6130561828613281,0.25964245200157166,0.12730133533477783
266938$_$49,Negative,Negative,-3.0,-2.226680278778076,0.9869604110717773,0.010531051084399223,0.0025085285305976868
266938$_$29,Negative,Negative,-0.6666666865348816,-1.3881936073303223,0.9361100196838379,0.0396496020257473,0.02424047142267227
266938$_$0,Positive,Positive,0.3333333432674408,0.6188871264457703,0.019275503233075142,0.2923927307128906,0.6883317232131958
266938$_$8,Negative,Negative,-2.6666667461395264,-1.8229490518569946,0.9785645008087158,0.008949768729507923,0.012485659681260586
266938$_$38,Negative,Negative,-1.6666666269302368,-1.931948184967041,0.971847414970398,0.020359788089990616,0.007792764808982611
266938$_$10,Negative,Negative,-1.6666666269302368,-1.5515358448028564,0.9193687438964844,0.061039358377456665,0.019591914489865303
266938$_$15,Negative,Negative,-0.6666666865348816,0.12957191467285156,0.6080768704414368,0.07963697612285614,0.3122861087322235
266938$_$16,Neutral,Neutral,0.0,-0.14380104839801788,0.13648994266986847,0.4737359881401062,0.3897740840911865
266938$_$54,Negative,Negative,-3.0,-1.6969616413116455,0.8947872519493103,0.09252859652042389,0.012684180401265621
267252$_$10,Negative,Negative,-0.3333333432674408,-0.3593496084213257,0.5284985899925232,0.31244832277297974,0.15905310213565826
267252$_$13,Positive,Negative,0.3333333432674408,-0.671480655670166,0.8042199015617371,0.0912306159734726,0.10454944521188736
267255$_$10,Negative,Negative,-0.6666666865348816,-1.3782720565795898,0.9137844443321228,0.0592811182141304,0.026934413239359856
267255$_$13,Negative,Negative,-2.0,-1.679323673248291,0.9844930171966553,0.007789919152855873,0.007717092987149954
267255$_$15,Negative,Negative,-2.0,-2.135455369949341,0.9911692142486572,0.00582860317081213,0.0030022140126675367
267255$_$16,Positive,Positive,0.6666666865348816,0.8361942768096924,0.11885760724544525,0.18569961190223694,0.695442795753479
267255$_$3,Neutral,Negative,0.0,-0.3700213134288788,0.5379429459571838,0.2669360935688019,0.19512097537517548
267255$_$7,Negative,Negative,-0.3333333432674408,-0.9163650870323181,0.8134838342666626,0.12275639176368713,0.06375979632139206
267255$_$9,Negative,Negative,-0.3333333432674408,-1.2760114669799805,0.948104739189148,0.027124902233481407,0.024770373478531837
267278$_$1,Neutral,Neutral,0.0,-0.41283297538757324,0.312716007232666,0.5314564108848572,0.15582765638828278
267278$_$4,Positive,Positive,2.3333332538604736,1.2272953987121582,0.19818547368049622,0.2836513817310333,0.5181631445884705
267278$_$9,Positive,Positive,1.3333333730697632,0.8504893183708191,0.20800361037254333,0.12888497114181519,0.6631113290786743
267278$_$11,Negative,Negative,-1.0,-0.9269272685050964,0.8602403402328491,0.08756028860807419,0.0521993562579155
267278$_$14,Negative,Neutral,-0.6666666865348816,-0.06418062746524811,0.18717558681964874,0.5831074118614197,0.2297169268131256
267278$_$19,Negative,Negative,-2.3333332538604736,-1.3375051021575928,0.8453204035758972,0.12450418621301651,0.030175426974892616
267799$_$2,Negative,Negative,-2.0,-2.2842655181884766,0.9900027513504028,0.008370756171643734,0.0016265007434412837
267799$_$6,Positive,Positive,2.0,1.3018332719802856,0.1761057823896408,0.0400615893304348,0.7838326096534729
268836$_$2,Negative,Negative,-2.6666667461395264,-2.03055477142334,0.9923586249351501,0.0046854219399392605,0.0029559058602899313
268836$_$7,Positive,Neutral,0.3333333432674408,0.406257688999176,0.21192900836467743,0.4222274124622345,0.36584365367889404
268836$_$6,Neutral,Neutral,0.0,-0.5504864454269409,0.09800411015748978,0.8056130409240723,0.0963827520608902
268836$_$12,Neutral,Neutral,0.0,-0.08002467453479767,0.07764165103435516,0.7339864373207092,0.18837188184261322
268836$_$15,Negative,Negative,-0.3333333432674408,0.08325177431106567,0.48654454946517944,0.2623055875301361,0.25114986300468445
268836$_$18,Neutral,Neutral,0.0,-0.04619429260492325,0.2086184322834015,0.4872477948665619,0.3041338324546814
268836$_$34,Negative,Positive,-1.0,1.4532355070114136,0.017504626885056496,0.03644867613911629,0.9460466504096985
270416$_$11,Negative,Negative,-2.0,-1.2414195537567139,0.9306554198265076,0.01572432368993759,0.05362016707658768
270416$_$13,Negative,Negative,-1.6666666269302368,-0.5781263113021851,0.8234803080558777,0.04590630531311035,0.1306133270263672
270444$_$5,Negative,Negative,-1.6666666269302368,-1.9944652318954468,0.9794356822967529,0.01653820089995861,0.004026209935545921
270449$_$10,Negative,Negative,-2.0,-2.0576963424682617,0.9852273464202881,0.012835272587835789,0.001937480759806931
270449$_$4,Negative,Negative,-1.6666666269302368,-2.1551084518432617,0.9907301068305969,0.007022159639745951,0.0022478175815194845
270628$_$24,Negative,Negative,-2.0,-1.6395583152770996,0.9778783321380615,0.015498754568397999,0.0066228993237018585
270628$_$26,Positive,Negative,0.6666666865348816,-0.5387240648269653,0.7714280486106873,0.10657253861427307,0.12199939042329788
270628$_$21,Positive,Positive,0.3333333432674408,1.3194266557693481,0.12935620546340942,0.08341069519519806,0.7872331142425537
270628$_$22,Negative,Negative,-0.6666666865348816,-0.6092246770858765,0.586722731590271,0.3392099440097809,0.07406735420227051
270628$_$0,Neutral,Neutral,0.0,0.2200213372707367,0.04050065204501152,0.6503864526748657,0.3091127872467041
270628$_$14,Negative,Negative,-1.6666666269302368,-1.821321964263916,0.9755000472068787,0.021287649869918823,0.0032122284173965454
270665$_$25,Negative,Negative,-2.3333332538604736,0.06757047027349472,0.6888068914413452,0.08381281793117523,0.22738026082515717
270665$_$20,Neutral,Positive,0.0,0.5275716781616211,0.042761869728565216,0.2992999851703644,0.6579380631446838
270665$_$22,Negative,Negative,-1.0,-0.6921019554138184,0.8529949188232422,0.11607325822114944,0.03093183971941471
270665$_$0,Neutral,Neutral,0.0,0.49887973070144653,0.043502528220415115,0.6122046113014221,0.34429290890693665
270665$_$6,Negative,Negative,-0.3333333432674408,-1.077012538909912,0.8588296175003052,0.1174193024635315,0.02375101111829281
270665$_$9,Negative,Negative,-0.3333333432674408,-1.1765843629837036,0.9494190216064453,0.032549697905778885,0.018031330779194832
270665$_$13,Negative,Negative,-2.0,-1.7870897054672241,0.990003764629364,0.00601182458922267,0.003984353505074978
270956$_$3,Negative,Negative,-2.6666667461395264,-2.346770763397217,0.9965274930000305,0.002438806928694248,0.0010337840067222714
270956$_$9,Negative,Negative,-2.0,-1.1212102174758911,0.9457623958587646,0.014435091987252235,0.039802487939596176
270956$_$8,Negative,Negative,-2.0,-2.07169246673584,0.9900623559951782,0.002808353630825877,0.007129277568310499
271366$_$26,Negative,Negative,-1.6666666269302368,-1.1577215194702148,0.9482414722442627,0.013305391184985638,0.038453154265880585
271366$_$21,Negative,Negative,-1.6666666269302368,-1.8779685497283936,0.9863296151161194,0.009146160446107388,0.004524201154708862
271366$_$41,Negative,Negative,-2.6666667461395264,-0.5931098461151123,0.8314037919044495,0.05206137150526047,0.11653490364551544
271366$_$3,Negative,Negative,-3.0,-1.2880055904388428,0.9106997847557068,0.07434350252151489,0.014956697821617126
271366$_$5,Negative,Negative,-1.6666666269302368,-1.2943943738937378,0.9476909637451172,0.03803515061736107,0.01427389308810234
271366$_$7,Negative,Negative,-2.0,-1.1142573356628418,0.864966094493866,0.11802232265472412,0.01701163314282894
271366$_$38,Positive,Positive,1.0,0.8794364929199219,0.1218574121594429,0.21002839505672455,0.668114185333252
271366$_$13,Negative,Negative,-2.0,-2.1661581993103027,0.9906942248344421,0.007698522415012121,0.0016073461156338453
271366$_$17,Negative,Negative,-2.6666667461395264,-1.6950194835662842,0.8690775036811829,0.11731301248073578,0.013609439134597778
271366$_$35,Negative,Negative,-0.6666666865348816,-1.7127139568328857,0.9865185618400574,0.00746427197009325,0.0060171326622366905
271366$_$34,Negative,Negative,-1.0,-1.7269043922424316,0.9691928029060364,0.02561846561729908,0.005188718903809786
271594$_$24,Negative,Neutral,-0.6666666865348816,0.45049792528152466,0.19601331651210785,0.472540020942688,0.33144667744636536
271594$_$23,Negative,Negative,-0.3333333432674408,-0.7237564325332642,0.7946416735649109,0.10533665865659714,0.10002158582210541
271594$_$37,Negative,Negative,-1.6666666269302368,-1.9446920156478882,0.9708342552185059,0.024464847519993782,0.004700973629951477
271594$_$34,Negative,Negative,-3.0,-1.4148826599121094,0.9757348299026489,0.01299577858299017,0.01126939058303833
271598$_$28,Negative,Negative,-2.0,-1.8398325443267822,0.9701952338218689,0.021533848717808723,0.00827097985893488
271598$_$10,Neutral,Neutral,0.0,0.11376403272151947,0.12423036992549896,0.6155092120170593,0.26026037335395813
271598$_$13,Neutral,Neutral,0.0,-0.00965086743235588,0.1361473947763443,0.6675316095352173,0.1963210105895996
271598$_$17,Negative,Negative,-2.0,-1.0751357078552246,0.8619527816772461,0.10797319561243057,0.03007396310567856
271598$_$16,Negative,Neutral,-0.3333333432674408,-0.1985500454902649,0.38805603981018066,0.43139007687568665,0.1805538684129715
272375$_$11,Negative,Neutral,-0.3333333432674408,-0.41633278131484985,0.21376560628414154,0.6291257739067078,0.15710867941379547
272375$_$18,Negative,Negative,-1.3333333730697632,-1.7780232429504395,0.9655913710594177,0.026158880442380905,0.008249709382653236
272375$_$0,Neutral,Neutral,0.0,-0.03429175540804863,0.3112362325191498,0.439407616853714,0.24935616552829742
273171$_$15,Positive,Negative,0.3333333432674408,0.21096977591514587,0.6308839917182922,0.05255107209086418,0.31656497716903687
273171$_$1,Positive,Positive,0.3333333432674408,0.5731783509254456,0.0449884794652462,0.4230250418186188,0.5319865345954895
273237$_$23,Negative,Negative,-2.6666667461395264,-1.6559300422668457,0.9735972285270691,0.014121553860604763,0.012281146831810474
273237$_$1,Negative,Negative,-2.6666667461395264,-1.1693295240402222,0.8704320788383484,0.09655970335006714,0.03300826996564865
273237$_$3,Negative,Negative,-2.0,-1.8378562927246094,0.9831274747848511,0.011939816176891327,0.004932709503918886
273237$_$11,Neutral,Negative,0.0,-0.5720595121383667,0.5185365080833435,0.4361071288585663,0.04535637050867081
273237$_$13,Negative,Negative,-2.0,-1.046966552734375,0.8462682962417603,0.09852336347103119,0.05520837754011154
273237$_$12,Negative,Negative,-3.0,-2.1085121631622314,0.9902828931808472,0.007308690808713436,0.0024085179902613163
273237$_$14,Negative,Negative,-2.3333332538604736,-2.0182275772094727,0.9851595759391785,0.01194321271032095,0.00289719644933939
273237$_$17,Negative,Negative,-2.6666667461395264,-1.7595922946929932,0.9847038984298706,0.007970307022333145,0.0073257870972156525
273314$_$1,Positive,Neutral,0.3333333432674408,0.4933261275291443,0.11784627288579941,0.5972180962562561,0.2849356532096863
273314$_$4,Negative,Positive,-0.3333333432674408,0.8770262002944946,0.297724187374115,0.17863671481609344,0.5236391425132751
273531$_$2,Negative,Negative,-0.6666666865348816,-0.32721564173698425,0.6894243955612183,0.1826261430978775,0.12794947624206543
273531$_$7,Negative,Negative,-0.3333333432674408,-0.8838558197021484,0.8007813096046448,0.14843717217445374,0.050781454890966415
273531$_$10,Negative,Negative,-2.0,-0.651934027671814,0.7429943680763245,0.14958599209785461,0.10741961747407913
273531$_$19,Negative,Negative,-1.6666666269302368,-1.750598430633545,0.983048677444458,0.011427835561335087,0.0055234297178685665
274219$_$11,Negative,Negative,-1.0,-0.4992266297340393,0.5224102139472961,0.40757229924201965,0.07001746445894241
274219$_$3,Positive,Neutral,0.3333333432674408,0.07670801132917404,0.24220344424247742,0.5499430894851685,0.20785343647003174
274219$_$2,Neutral,Negative,0.0,-0.4043245315551758,0.5092703700065613,0.38090288639068604,0.10982673615217209
274219$_$4,Negative,Negative,-2.0,-2.092066764831543,0.9910882711410522,0.0067151193507015705,0.002196624642238021
275248$_$0,Negative,Negative,-2.0,-0.6438611745834351,0.7855057120323181,0.04935312643647194,0.16514116525650024
275620$_$3,Positive,Positive,2.6666667461395264,1.3878509998321533,0.11573441326618195,0.13902759552001953,0.7452379465103149
275620$_$4,Positive,Positive,1.6666666269302368,2.054475784301758,0.00711551820859313,0.06302094459533691,0.9298635721206665
275620$_$12,Negative,Negative,-0.6666666865348816,-0.22855374217033386,0.6766095757484436,0.18756860494613647,0.13582181930541992
275620$_$19,Positive,Positive,0.6666666865348816,0.9495995044708252,0.022105151787400246,0.16033867001533508,0.8175562024116516
276217$_$24,Neutral,Positive,0.0,0.7116294503211975,0.08320055156946182,0.42823466658592224,0.4885648190975189
276217$_$22,Neutral,Neutral,0.0,0.2887423038482666,0.023403801023960114,0.8490925431251526,0.12750369310379028
276217$_$6,Neutral,Neutral,0.0,0.4776535928249359,0.020889440551400185,0.5599888563156128,0.4191216826438904
276217$_$9,Neutral,Neutral,0.0,0.16026654839515686,0.14854969084262848,0.51182621717453,0.3396240472793579
276217$_$38,Negative,Negative,-0.3333333432674408,0.0024583335034549236,0.4211823046207428,0.4089188575744629,0.16989880800247192
276217$_$12,Neutral,Negative,0.0,-0.12858404219150543,0.3889676630496979,0.34048330783843994,0.2705490291118622
276217$_$32,Negative,Negative,-1.6666666269302368,-1.2605578899383545,0.8833446502685547,0.0820799320936203,0.03457542136311531
276217$_$36,Negative,Negative,-0.6666666865348816,-0.7102034091949463,0.8697928786277771,0.09443986415863037,0.035767294466495514
276217$_$19,Positive,Positive,0.6666666865348816,0.9526201486587524,0.017492448911070824,0.2961170971393585,0.6863903999328613
276217$_$18,Neutral,Neutral,0.0,0.03409430384635925,0.06131087243556976,0.8265755772590637,0.1121135801076889
27798$_$11,Negative,Negative,-2.3333332538604736,-2.2469077110290527,0.9932342171669006,0.005333304405212402,0.001432493794709444
27798$_$12,Negative,Negative,-1.3333333730697632,-1.4754126071929932,0.9533337950706482,0.0322815366089344,0.014384651556611061
27798$_$15,Negative,Negative,-2.0,-1.89572274684906,0.9914993643760681,0.005001057405024767,0.003499541198834777
27798$_$5,Negative,Negative,-1.3333333730697632,-0.7685131430625916,0.7914291620254517,0.137386292219162,0.07118446379899979
278474$_$3,Negative,Negative,-2.3333332538604736,-1.838115930557251,0.9615319967269897,0.0312681645154953,0.007199893239885569
278474$_$4,Negative,Negative,-3.0,-2.2773923873901367,0.9957315325737,0.0018391043413430452,0.0024292669259011745
27ubp7CLLKQ$_$14,Positive,Positive,0.3333333432674408,0.6506383419036865,0.047501642256975174,0.40925151109695435,0.543246865272522
282560$_$15,Negative,Negative,-0.6666666865348816,-1.736032485961914,0.9764872193336487,0.01833668164908886,0.005176160018891096
282560$_$1,Neutral,Neutral,0.0,-0.19637806713581085,0.05811012536287308,0.7977507710456848,0.14413908123970032
282560$_$3,Positive,Neutral,0.3333333432674408,-0.12638798356056213,0.21715855598449707,0.660275936126709,0.1225656047463417
282560$_$5,Negative,Negative,-1.3333333730697632,-2.0362343788146973,0.9813411235809326,0.013851704075932503,0.0048071108758449554
282560$_$4,Positive,Neutral,0.6666666865348816,0.7910279035568237,0.0359933078289032,0.5475602746009827,0.41644641757011414
282560$_$7,Positive,Positive,1.6666666269302368,1.325076937675476,0.05301067233085632,0.08003256469964981,0.8669567704200745
282560$_$6,Negative,Negative,-1.0,-1.2345101833343506,0.9155462384223938,0.0754583552479744,0.008995421230793
282560$_$9,Negative,Negative,-1.6666666269302368,-1.3985024690628052,0.930706262588501,0.03462769836187363,0.03466607630252838
282586$_$25,Positive,Positive,0.3333333432674408,1.240173578262329,0.016253113746643066,0.12583404779434204,0.8579128384590149
282586$_$22,Negative,Negative,-1.6666666269302368,-1.320568323135376,0.9415914416313171,0.04826105386018753,0.01014748215675354
282586$_$3,Neutral,Negative,0.0,-0.7206142544746399,0.6968683004379272,0.24050240218639374,0.06262923777103424
282586$_$4,Negative,Neutral,-1.6666666269302368,-0.5483506917953491,0.37685683369636536,0.5656589269638062,0.0574842169880867
282586$_$12,Neutral,Neutral,0.0,0.6297599673271179,0.029560334980487823,0.7187074422836304,0.2517322897911072
282586$_$16,Negative,Negative,-0.3333333432674408,-0.3505367636680603,0.5501181483268738,0.3612026274204254,0.0886792466044426
283495$_$7,Negative,Negative,-1.3333333730697632,-0.9494218826293945,0.8718603849411011,0.10373607277870178,0.024403570219874382
284673$_$14,Neutral,Neutral,0.0,-0.17330536246299744,0.12832890450954437,0.7323474884033203,0.13932354748249054
284673$_$18,Negative,Positive,-1.0,0.13842137157917023,0.2939826548099518,0.18996520340442657,0.5160521864891052
284673$_$5,Neutral,Negative,0.0,0.14418599009513855,0.36800646781921387,0.3293747901916504,0.30261874198913574
284673$_$8,Negative,Negative,-1.3333333730697632,-1.3705013990402222,0.9096611738204956,0.07429137080907822,0.016047442331910133
288714$_$15,Negative,Negative,-1.6666666269302368,-0.5580582618713379,0.78584885597229,0.14134366810321808,0.07280751317739487
288714$_$17,Negative,Negative,-2.3333332538604736,-1.7359081506729126,0.9638208746910095,0.021246885880827904,0.01493226271122694
288714$_$5,Negative,Negative,-1.6666666269302368,-1.9989879131317139,0.9892192482948303,0.008752712048590183,0.0020281001925468445
288714$_$8,Negative,Negative,-1.3333333730697632,-0.9083260297775269,0.7780724167823792,0.18023525178432465,0.04169229790568352
288766$_$21,Negative,Negative,-1.0,-1.631617784500122,0.9919304251670837,0.003994185011833906,0.004075343254953623
288766$_$2,Neutral,Negative,0.0,-0.4864889681339264,0.8648825883865356,0.10832713544368744,0.026790205389261246
288766$_$7,Negative,Negative,-1.6666666269302368,-2.0070996284484863,0.9956806898117065,0.0027737130876630545,0.0015455333050340414
288766$_$17,Negative,Negative,-0.3333333432674408,-0.6538742780685425,0.8854376673698425,0.08962541073560715,0.024937007576227188
290088$_$4,Negative,Negative,-1.6666666269302368,-1.8244500160217285,0.9764185547828674,0.011505970731377602,0.01207546703517437
29044$_$12,Positive,Negative,0.3333333432674408,-0.7906063199043274,0.6913509964942932,0.2703079581260681,0.03834109380841255
29044$_$3,Positive,Positive,0.3333333432674408,0.08761773258447647,0.29062655568122864,0.3380289077758789,0.3713444769382477
29044$_$2,Negative,Negative,-0.3333333432674408,-0.6663836240768433,0.7394023537635803,0.19238883256912231,0.06820882111787796
29044$_$4,Negative,Negative,-1.3333333730697632,-2.0899624824523926,0.9883471131324768,0.009002023376524448,0.0026507957372814417
291121$_$7,Negative,Negative,-0.3333333432674408,-0.21426858007907867,0.7857851982116699,0.04176243394613266,0.1724523901939392
292277$_$10,Negative,Negative,-2.3333332538604736,-1.621005892753601,0.9830371737480164,0.008580067194998264,0.008382764644920826
292277$_$2,Negative,Negative,-2.3333332538604736,-2.050039291381836,0.9887267351150513,0.006942881271243095,0.004330330062657595
292277$_$5,Negative,Neutral,-0.3333333432674408,0.031959645450115204,0.17473043501377106,0.6320180892944336,0.19325155019760132
292277$_$4,Neutral,Neutral,0.0,-0.1489938646554947,0.37454137206077576,0.44118988513946533,0.18426872789859772
294178$_$11,Negative,Negative,-0.6666666865348816,-1.1002733707427979,0.7971495389938354,0.1609167903661728,0.04193373769521713
294178$_$14,Positive,Neutral,0.3333333432674408,-0.07657187432050705,0.31648218631744385,0.5650479197502136,0.11846994608640671
294178$_$1,Positive,Neutral,0.3333333432674408,0.23353642225265503,0.06781687587499619,0.5783563852310181,0.35382676124572754
294178$_$0,Neutral,Positive,0.0,0.7099898457527161,0.014874164015054703,0.19065597653388977,0.7944698929786682
294178$_$3,Negative,Negative,-0.3333333432674408,-0.8337270021438599,0.8494396209716797,0.1258895844221115,0.024670744314789772
294178$_$7,Negative,Negative,-1.3333333730697632,-2.096144437789917,0.993019163608551,0.005060283932834864,0.0019205901771783829
295793$_$14,Negative,Negative,-1.6666666269302368,-1.6792230606079102,0.9812911748886108,0.011476526968181133,0.007232254836708307
295793$_$3,Neutral,Negative,0.0,-0.2840958833694458,0.4512297213077545,0.38511353731155396,0.16365665197372437
295793$_$9,Negative,Negative,-2.6666667461395264,-2.060601234436035,0.9886221289634705,0.00930099654942751,0.002076909877359867
298736$_$26,Positive,Positive,1.0,1.3797893524169922,0.0162383820861578,0.08338296413421631,0.9003786444664001
298736$_$22,Positive,Positive,1.3333333730697632,1.6299333572387695,0.016597677022218704,0.15468212962150574,0.8287201523780823
298736$_$28,Negative,Negative,-0.3333333432674408,-1.5347859859466553,0.9583821892738342,0.02918068878352642,0.012437148950994015
298736$_$0,Positive,Positive,0.3333333432674408,0.5407189726829529,0.014834458939731121,0.24441204965114594,0.7407534718513489
298736$_$7,Neutral,Neutral,0.0,-0.2808534502983093,0.20243430137634277,0.44930499792099,0.34826070070266724
298736$_$17,Positive,Positive,0.3333333432674408,0.06373828649520874,0.31446364521980286,0.2829751670360565,0.4025611877441406
298736$_$16,Negative,Negative,-0.3333333432674408,-0.6397725343704224,0.597697913646698,0.28221768140792847,0.12008438259363174
298736$_$32,Negative,Negative,-1.3333333730697632,-1.8163094520568848,0.9785745143890381,0.015974940732121468,0.005450489465147257
298774$_$12,Positive,Positive,2.3333332538604736,2.2423300743103027,0.009648015722632408,0.006741800811141729,0.9836101531982422
298774$_$15,Positive,Positive,0.6666666865348816,0.5897563695907593,0.1863100230693817,0.13839785754680634,0.6752920746803284
298774$_$17,Negative,Positive,-0.3333333432674408,0.5695135593414307,0.15083114802837372,0.21430833637714386,0.6348605155944824
298774$_$1,Positive,Positive,2.6666667461395264,2.2413747310638428,0.004217896144837141,0.011351599358022213,0.9844304919242859
298774$_$4,Positive,Positive,2.0,1.7898749113082886,0.018577847629785538,0.1341775804758072,0.8472445607185364
2Crezdbre6I$_$10,Positive,Neutral,0.3333333432674408,0.32376179099082947,0.17583340406417847,0.46659982204437256,0.3575667440891266
2HmBM3GGTlg$_$2,Positive,Positive,0.6666666865348816,1.1649647951126099,0.008587283082306385,0.14845435321331024,0.8429583311080933
2HmBM3GGTlg$_$5,Positive,Positive,2.0,1.1193761825561523,0.013397124595940113,0.1946403533220291,0.7919625043869019
2HmBM3GGTlg$_$7,Positive,Positive,1.0,0.8290960788726807,0.02885584346950054,0.2894105911254883,0.6817335486412048
2JY5HXBWO84$_$20,Positive,Positive,0.6666666865348816,1.1771042346954346,0.04473533853888512,0.046595245599746704,0.9086694121360779
2JY5HXBWO84$_$14,Negative,Negative,-1.6666666269302368,-1.1292691230773926,0.8789497017860413,0.0760263055562973,0.0450240783393383
2LpVvLemgvw$_$5,Positive,Positive,1.3333333730697632,0.8677049875259399,0.011752919293940067,0.1763078272342682,0.8119392395019531
2PgJok07td4$_$3,Positive,Positive,0.6666666865348816,0.34391459822654724,0.25403305888175964,0.3347364664077759,0.4112304747104645
2RDubrUjI-k$_$8,Positive,Positive,2.0,0.9935795068740845,0.17242342233657837,0.25533005595207214,0.5722464919090271
2RDubrUjI-k$_$4,Positive,Positive,2.3333332538604736,1.867006778717041,0.0056682853028178215,0.05935574695467949,0.9349759817123413
2YwgSmmLibs$_$6,Negative,Negative,-1.0,-0.5575056076049805,0.8441559076309204,0.07374949008226395,0.08209455013275146
2ahFSMFvs_c$_$0,Negative,Negative,-1.3333333730697632,-0.17442527413368225,0.4549008905887604,0.3742949366569519,0.1708042174577713
2c2fhh_Dsoo$_$4,Negative,Positive,-1.0,0.6756377816200256,0.04326830059289932,0.17490935325622559,0.7818223237991333
2c6Gb73nx4E$_$2,Neutral,Neutral,0.0,0.022182872518897057,0.24186770617961884,0.5394378900527954,0.21869444847106934
2cwNG0YuwtQ$_$23,Positive,Positive,0.6666666865348816,0.939998984336853,0.009145055897533894,0.09777059406042099,0.8930843472480774
2cwNG0YuwtQ$_$1,Neutral,Negative,0.0,-0.3707842528820038,0.7431195974349976,0.1640583872795105,0.09282200038433075
2cwNG0YuwtQ$_$15,Neutral,Neutral,0.0,0.09739585965871811,0.0412159189581871,0.5767856240272522,0.3819984495639801
2f6ZHqJ76EU$_$8,Positive,Positive,0.6666666865348816,1.0559720993041992,0.008495046757161617,0.11252620071172714,0.8789787888526917
2h9VVQUZjK0$_$12,Neutral,Neutral,0.0,0.07917892187833786,0.07326535135507584,0.5642733573913574,0.36246129870414734
2h9VVQUZjK0$_$8,Neutral,Neutral,0.0,0.16507166624069214,0.24795930087566376,0.4152660369873047,0.33677470684051514
2lj0BaPsJpM$_$7,Neutral,Neutral,0.0,-0.20918703079223633,0.29825133085250854,0.5347021818161011,0.16704653203487396
2mWPHvbKzL8$_$10,Positive,Positive,1.3333333730697632,0.8238011598587036,0.006063589360564947,0.1726759523153305,0.8212604522705078
2mWPHvbKzL8$_$15,Positive,Positive,0.6666666865348816,0.8948605060577393,0.04415716975927353,0.3292309045791626,0.6266119480133057
2mWPHvbKzL8$_$19,Positive,Positive,1.3333333730697632,1.4803688526153564,0.005948381498456001,0.06108823046088219,0.9329634308815002
2mWPHvbKzL8$_$3,Positive,Positive,0.3333333432674408,0.7467009425163269,0.014140944927930832,0.19521436095237732,0.7906447052955627
2mWPHvbKzL8$_$2,Neutral,Positive,0.0,0.42871934175491333,0.04674261435866356,0.42731714248657227,0.5259402990341187
2mWPHvbKzL8$_$4,Positive,Positive,0.3333333432674408,0.3645426332950592,0.2048034816980362,0.29191744327545166,0.5032790303230286
2mWPHvbKzL8$_$6,Positive,Positive,2.0,1.3288977146148682,0.02287638746201992,0.13215409219264984,0.8449695110321045
2qKajMu7Vhc$_$2,Positive,Positive,2.3333332538604736,0.8768221139907837,0.01767476461827755,0.21066436171531677,0.7716608643531799
2qKajMu7Vhc$_$4,Positive,Positive,1.3333333730697632,0.627823531627655,0.07005076110363007,0.17354243993759155,0.756406843662262
2vX-ZRQQDwo$_$3,Positive,Positive,1.6666666269302368,1.38731849193573,0.005451892502605915,0.08105842024087906,0.9134896993637085
2vX-ZRQQDwo$_$4,Positive,Positive,0.3333333432674408,1.271393060684204,0.022037824615836143,0.08318880200386047,0.8947734236717224
2w7rpDe-HoA$_$1,Negative,Negative,-0.3333333432674408,-0.5309863090515137,0.6006910800933838,0.33011099696159363,0.06919795274734497
2w7rpDe-HoA$_$3,Negative,Negative,-2.0,-0.10301141440868378,0.5507621765136719,0.270354688167572,0.17888318002223969
2w7rpDe-HoA$_$5,Negative,Negative,-0.6666666865348816,-0.4531351327896118,0.8020746111869812,0.11819449812173843,0.07973088324069977
2w7rpDe-HoA$_$7,Positive,Positive,1.3333333730697632,1.1442101001739502,0.009664466604590416,0.053063035011291504,0.9372725486755371
30763$_$13,Positive,Positive,2.0,0.8957388997077942,0.1774621158838272,0.10747075825929642,0.7150670886039734
30763$_$15,Neutral,Negative,0.0,-0.18899214267730713,0.4305395185947418,0.4180615544319153,0.15139888226985931
30763$_$0,Neutral,Neutral,0.0,0.12035982310771942,0.0668167769908905,0.6880694627761841,0.24511370062828064
31197$_$3,Negative,Negative,-0.6666666865348816,-0.12285199761390686,0.5764269828796387,0.11867847293615341,0.30489450693130493
31tcuDMQ_H8$_$11,Positive,Neutral,0.6666666865348816,0.09324801713228226,0.21176965534687042,0.48952269554138184,0.29870763421058655
31tcuDMQ_H8$_$1,Positive,Positive,1.6666666269302368,0.9167599678039551,0.04003598168492317,0.12354114651679993,0.836422860622406
327283$_$3,Neutral,Negative,0.0,-1.2600444555282593,0.7479353547096252,0.2410592883825302,0.011005355045199394
327283$_$2,Positive,Negative,0.3333333432674408,0.12785612046718597,0.3825860023498535,0.36388838291168213,0.25352567434310913
327283$_$6,Positive,Positive,2.6666667461395264,2.4503371715545654,0.002519019413739443,0.01611798070371151,0.9813629388809204
33312$_$0,Positive,Positive,0.3333333432674408,0.7678536176681519,0.015282214619219303,0.2087572067975998,0.7759605646133423
33312$_$7,Negative,Neutral,-1.0,-0.9352800846099854,0.47519513964653015,0.49846151471138,0.026343300938606262
33312$_$6,Positive,Neutral,0.3333333432674408,0.035335641354322433,0.184607595205307,0.7041222453117371,0.1112702265381813
33312$_$8,Negative,Negative,-2.3333332538604736,-1.563854455947876,0.9344287514686584,0.05394059792160988,0.011630605906248093
33439$_$10,Positive,Positive,1.3333333730697632,1.1334481239318848,0.08251243829727173,0.24971847236156464,0.6677690744400024
33439$_$0,Neutral,Neutral,0.0,-0.11315187811851501,0.04518046975135803,0.8420377373695374,0.11278177797794342
33439$_$3,Positive,Positive,1.3333333730697632,1.5603175163269043,0.03778575360774994,0.06304524093866348,0.8991690874099731
33439$_$2,Negative,Negative,-1.0,-1.1903719902038574,0.9622552990913391,0.02396966703236103,0.013775074854493141
33439$_$9,Neutral,Neutral,0.0,0.09670178592205048,0.25171223282814026,0.5577929019927979,0.1904948651790619
33ueXDUn3mA$_$11,Positive,Negative,0.3333333432674408,-0.6812382936477661,0.8451091051101685,0.10618948936462402,0.04870135709643364
33ueXDUn3mA$_$1,Positive,Positive,1.6666666269302368,0.6689102053642273,0.05588356778025627,0.2993405759334564,0.644775927066803
34-ogj6rh6w$_$0,Positive,Positive,0.6666666865348816,0.9610185027122498,0.007297192234545946,0.16120953857898712,0.8314932584762573
34-ogj6rh6w$_$2,Neutral,Neutral,0.0,0.24667930603027344,0.15685676038265228,0.6150558590888977,0.22808732092380524
34-ogj6rh6w$_$7,Positive,Positive,0.6666666865348816,0.7288554906845093,0.0049788253381848335,0.2734387218952179,0.7215824127197266
34-ogj6rh6w$_$8,Neutral,Positive,0.0,0.513553261756897,0.07946697622537613,0.3389206826686859,0.5816123485565186
34346$_$11,Positive,Positive,2.0,0.9973692297935486,0.0544370636343956,0.28061771392822266,0.6649451851844788
34346$_$14,Neutral,Neutral,0.0,-0.17272400856018066,0.3885246217250824,0.4836379885673523,0.12783735990524292
34346$_$1,Positive,Positive,2.3333332538604736,1.7075974941253662,0.010764124803245068,0.06142403185367584,0.927811861038208
34346$_$0,Neutral,Neutral,0.0,0.10707265138626099,0.052478641271591187,0.6601728796958923,0.2873484492301941
34346$_$7,Neutral,Neutral,0.0,0.35602104663848877,0.13859306275844574,0.4845462441444397,0.37686076760292053
36098$_$1,Neutral,Neutral,0.0,0.05822335183620453,0.02690139040350914,0.8779636025428772,0.0951349139213562
36098$_$2,Neutral,Neutral,0.0,0.18667365610599518,0.08748934417963028,0.8178685903549194,0.09464212507009506
367506$_$10,Positive,Positive,1.6666666269302368,2.1300153732299805,0.008582571521401405,0.013969062827527523,0.9774482846260071
367506$_$13,Positive,Positive,2.6666667461395264,2.1362528800964355,0.003376100677996874,0.012286626733839512,0.9843372702598572
367506$_$15,Positive,Positive,3.0,0.565144956111908,0.15982702374458313,0.23822475969791412,0.6019482612609863
367506$_$14,Positive,Positive,2.3333332538604736,1.92549729347229,0.015399526804685593,0.03836603835225105,0.9462344646453857
367506$_$1,Neutral,Neutral,0.0,-0.13338078558444977,0.04326806217432022,0.7969130277633667,0.15981890261173248
367506$_$5,Neutral,Negative,0.0,-0.1671045422554016,0.44470855593681335,0.3924965262413025,0.16279493272304535
367576$_$2,Positive,Positive,1.6666666269302368,1.051804780960083,0.10046520084142685,0.25828829407691956,0.641246497631073
367576$_$4,Neutral,Negative,0.0,-1.5077872276306152,0.9770864844322205,0.012786777690052986,0.010126741603016853
367576$_$9,Negative,Negative,-1.3333333730697632,-0.6433832049369812,0.8921117782592773,0.03818545117974281,0.06970284879207611
36o2cux9kfQ$_$13,Positive,Positive,0.3333333432674408,0.3940197825431824,0.017942484468221664,0.4139378070831299,0.5681197047233582
37117$_$1,Positive,Positive,0.3333333432674408,0.1035110205411911,0.24252207577228546,0.307448148727417,0.45002982020378113
37117$_$4,Negative,Negative,-2.0,-2.0326292514801025,0.9794749021530151,0.013964585028588772,0.006560536567121744
37117$_$6,Negative,Negative,-1.6666666269302368,-1.888059377670288,0.9886330962181091,0.006373264826834202,0.004993564449250698
37117$_$9,Negative,Negative,-2.0,-1.4508721828460693,0.9643290638923645,0.024921655654907227,0.010749340057373047
37117$_$8,Negative,Negative,-1.6666666269302368,-1.8730183839797974,0.9902153015136719,0.004777933470904827,0.005006827879697084
37459$_$3,Negative,Negative,-2.6666667461395264,-1.913875937461853,0.9865218997001648,0.007792963180691004,0.005685159936547279
37459$_$2,Negative,Negative,-3.0,-2.008580446243286,0.9813936948776245,0.01364578865468502,0.004960548132658005
37459$_$6,Negative,Negative,-1.0,-0.8454403281211853,0.873636782169342,0.0948030948638916,0.031560033559799194
38019$_$0,Negative,Negative,-1.3333333730697632,-0.4696189761161804,0.43117669224739075,0.3275774121284485,0.24124594032764435
38374$_$3,Neutral,Neutral,0.0,0.11881450563669205,0.072984479367733,0.7886468172073364,0.13836872577667236
38374$_$7,Negative,Negative,-2.0,-2.010531425476074,0.9903794527053833,0.0072529190219938755,0.002367605222389102
38374$_$9,Neutral,Negative,0.0,-0.3318105936050415,0.5950872898101807,0.2751312255859375,0.12978146970272064
39lcRCFvV-s$_$21,Positive,Negative,1.0,0.25712665915489197,0.6268948912620544,0.057932496070861816,0.31517261266708374
39lcRCFvV-s$_$22,Positive,Negative,0.6666666865348816,0.23547975718975067,0.6699007153511047,0.06557102501392365,0.2645282447338104
39lcRCFvV-s$_$46,Positive,Positive,2.0,1.6000295877456665,0.010146954096853733,0.0952175110578537,0.8946354985237122
39lcRCFvV-s$_$39,Negative,Negative,-0.3333333432674408,-0.16893073916435242,0.6939587593078613,0.17022302746772766,0.13581831753253937
39lcRCFvV-s$_$13,Positive,Positive,1.3333333730697632,0.6703552007675171,0.32511600852012634,0.3071450889110565,0.36773890256881714
39lcRCFvV-s$_$12,Positive,Negative,0.3333333432674408,-0.1389595866203308,0.7328707575798035,0.09519682824611664,0.1719323992729187
39lcRCFvV-s$_$19,Positive,Positive,2.3333332538604736,2.1136364936828613,0.008618384599685669,0.020681658759713173,0.9706999063491821
39lcRCFvV-s$_$18,Neutral,Neutral,0.0,-0.26602521538734436,0.41258031129837036,0.46541813015937805,0.12200155109167099
39lcRCFvV-s$_$30,Positive,Positive,0.6666666865348816,0.4746682941913605,0.11865644156932831,0.3661257326602936,0.5152178406715393
3B1zIUj-k3o$_$10,Negative,Negative,-0.3333333432674408,-1.3034244775772095,0.9286229610443115,0.04857788607478142,0.02279910258948803
3DOrdP4H8SA$_$13,Neutral,Positive,0.0,0.370901495218277,0.11900460720062256,0.41183117032051086,0.46916425228118896
3DOrdP4H8SA$_$3,Negative,Negative,-1.6666666269302368,-0.48005950450897217,0.8350420594215393,0.08234643191099167,0.08261151611804962
3DgOMTs3A1E$_$24,Neutral,Positive,0.0,0.7704706192016602,0.020538609474897385,0.16171468794345856,0.817746639251709
3DgOMTs3A1E$_$22,Positive,Positive,0.6666666865348816,0.6823040246963501,0.03433215245604515,0.11643975973129272,0.8492280840873718
3DgOMTs3A1E$_$23,Positive,Positive,0.3333333432674408,0.6883679628372192,0.040416765958070755,0.17948339879512787,0.7800998091697693
3DgOMTs3A1E$_$1,Positive,Positive,0.3333333432674408,0.9301314353942871,0.026929417625069618,0.19176065921783447,0.7813099026679993
3DgOMTs3A1E$_$7,Positive,Positive,0.6666666865348816,0.5108301639556885,0.14588533341884613,0.23013924062252045,0.623975396156311
3DgOMTs3A1E$_$17,Positive,Positive,1.0,1.5524201393127441,0.006019459571689367,0.05053911730647087,0.9434414505958557
3FpmKxZgihw$_$0,Neutral,Positive,0.0,0.2934403121471405,0.12540090084075928,0.39747270941734314,0.47712644934654236
3GyEnzE1NTQ$_$14,Positive,Positive,0.3333333432674408,0.6634475588798523,0.02336602285504341,0.3752853572368622,0.6013486385345459
3GyEnzE1NTQ$_$3,Positive,Neutral,0.3333333432674408,0.15999265015125275,0.05662274733185768,0.7062763571739197,0.23710086941719055
3GyEnzE1NTQ$_$4,Negative,Neutral,-0.3333333432674408,-0.08985128253698349,0.2261648029088974,0.574444055557251,0.1993912011384964
3OMgvtWNHp4$_$10,Negative,Negative,-0.6666666865348816,-0.49714910984039307,0.6115385890007019,0.29284149408340454,0.09561992436647415
3OuNMjZo5wg$_$13,Positive,Positive,1.6666666269302368,0.8741067051887512,0.10857897251844406,0.26472628116607666,0.6266946792602539
3VsrcbjPwZY$_$0,Positive,Positive,0.3333333432674408,0.7456969022750854,0.09283731877803802,0.1989065557718277,0.7082561254501343
3VsrcbjPwZY$_$7,Negative,Positive,-0.3333333432674408,0.4729098081588745,0.1462821066379547,0.13735181093215942,0.7163660526275635
3Wi0if_L6Ug$_$13,Positive,Positive,0.6666666865348816,1.3981690406799316,0.006494178436696529,0.07858070731163025,0.9149250984191895
3Wi0if_L6Ug$_$12,Positive,Positive,1.3333333730697632,1.825423240661621,0.003527702298015356,0.028615731745958328,0.9678565263748169
3Wi0if_L6Ug$_$17,Positive,Positive,0.3333333432674408,0.6588884592056274,0.011431667022407055,0.3153966963291168,0.6731716394424438
3Wi0if_L6Ug$_$4,Positive,Positive,2.0,1.2827200889587402,0.007276139687746763,0.1777050942182541,0.8150188326835632
3Wi0if_L6Ug$_$9,Positive,Positive,0.3333333432674408,0.5581343770027161,0.01780988834798336,0.299102246761322,0.6830878853797913
3aD0xAgxxyw$_$11,Negative,Negative,-1.0,-1.5772714614868164,0.9733541011810303,0.019748544320464134,0.006897306535393
3aD0xAgxxyw$_$0,Positive,Neutral,0.3333333432674408,0.2469886839389801,0.09381737560033798,0.5186785459518433,0.38750413060188293
3aIQUQgawaI$_$12,Neutral,Neutral,0.0,-0.21163716912269592,0.36656653881073,0.45948296785354614,0.1739504188299179
3aIQUQgawaI$_$19,Neutral,Positive,0.0,0.9955061674118042,0.016468629240989685,0.17306852340698242,0.8104628324508667
3aIQUQgawaI$_$5,Negative,Negative,-1.0,-0.9997525215148926,0.9082980751991272,0.060327570885419846,0.031374286860227585
3aIQUQgawaI$_$4,Positive,Positive,0.6666666865348816,1.0076994895935059,0.03771146759390831,0.11048489809036255,0.8518036007881165
3aIQUQgawaI$_$7,Negative,Positive,-0.3333333432674408,0.29187965393066406,0.2360682487487793,0.25535276532173157,0.5085790157318115
3fhCxePBuZY$_$10,Negative,Negative,-1.3333333730697632,-1.5619926452636719,0.9485172629356384,0.04014570638537407,0.011337053030729294
3fhCxePBuZY$_$4,Negative,Negative,-0.6666666865348816,-0.5970559120178223,0.8254233002662659,0.1266120970249176,0.04796454682946205
3gA34VxBijI$_$1,Neutral,Neutral,0.0,0.23790496587753296,0.05083044245839119,0.5533701777458191,0.395799458026886
3kNPvhdF1NA$_$0,Neutral,Negative,0.0,-0.14251627027988434,0.45057007670402527,0.33492258191108704,0.2145073413848877
3lkn8MS3n8Q$_$27,Negative,Negative,-1.0,-1.459188461303711,0.9371164441108704,0.048670168966054916,0.01421334408223629
3lkn8MS3n8Q$_$6,Positive,Positive,1.0,1.2734737396240234,0.01824132911860943,0.15238982439041138,0.8293688297271729
3n44IP3tCVE$_$13,Positive,Positive,1.3333333730697632,1.0158371925354004,0.23554487526416779,0.05113993585109711,0.7133151888847351
3n44IP3tCVE$_$0,Positive,Positive,2.0,1.3204373121261597,0.008334089070558548,0.06894276291131973,0.922723114490509
3n44IP3tCVE$_$5,Positive,Positive,2.0,1.0335276126861572,0.12634703516960144,0.11724001169204712,0.756412923336029
3n44IP3tCVE$_$6,Negative,Negative,-0.6666666865348816,-0.7429810166358948,0.8730160593986511,0.05446351692080498,0.07252045720815659
3ocpWAmSNUE$_$5,Negative,Positive,-2.6666667461395264,0.20463185012340546,0.31140923500061035,0.24012894928455353,0.4484618008136749
3ocpWAmSNUE$_$6,Negative,Negative,-0.3333333432674408,-1.1748757362365723,0.954271137714386,0.02606653980910778,0.01966237835586071
3paDwuRQP1w$_$0,Negative,Negative,-0.6666666865348816,-0.20802055299282074,0.5793888568878174,0.32455891370773315,0.09605219960212708
3sUS8vXbRwg$_$13,Positive,Positive,1.6666666269302368,1.2196592092514038,0.0505715049803257,0.08493074774742126,0.864497721195221
40181$_$21,Positive,Neutral,0.3333333432674408,0.36547213792800903,0.06981591880321503,0.5489221215248108,0.3812619149684906
40181$_$9,Neutral,Neutral,0.0,-0.19437631964683533,0.20083537697792053,0.5969087481498718,0.20225585997104645
40181$_$13,Negative,Negative,-1.3333333730697632,-0.714720606803894,0.87441086769104,0.07273171842098236,0.05285745486617088
40181$_$19,Positive,Neutral,0.3333333432674408,0.022894635796546936,0.07522974908351898,0.7529934644699097,0.17177674174308777
40260$_$8,Negative,Negative,-1.3333333730697632,-1.9187110662460327,0.968238353729248,0.028228916227817535,0.0035328082740306854
40260$_$19,Negative,Negative,-1.6666666269302368,-1.7093535661697388,0.9839870929718018,0.010254109278321266,0.00575875723734498
40260$_$18,Positive,Negative,1.0,-1.4336745738983154,0.9672685861587524,0.019396888092160225,0.013334442861378193
41692$_$1,Positive,Neutral,0.3333333432674408,0.06827841699123383,0.28755685687065125,0.44891157746315,0.26353153586387634
43371$_$6,Negative,Negative,-1.6666666269302368,-1.3938794136047363,0.9238663911819458,0.05368267744779587,0.022450901567935944
43371$_$8,Negative,Negative,-1.0,-1.3024834394454956,0.8883705139160156,0.09029139578342438,0.021338049322366714
43456$_$2,Negative,Neutral,-0.3333333432674408,-0.18600451946258545,0.38911592960357666,0.515509843826294,0.09537416696548462
43456$_$8,Neutral,Negative,0.0,0.05830739066004753,0.46670371294021606,0.3882996737957001,0.14499665796756744
44780$_$1,Positive,Neutral,0.3333333432674408,0.1968485414981842,0.05224856361746788,0.59891277551651,0.3488386571407318
44780$_$0,Positive,Positive,0.3333333432674408,0.4971362352371216,0.09567300230264664,0.14498527348041534,0.7593417763710022
44780$_$3,Positive,Positive,1.3333333730697632,0.9681715965270996,0.13266298174858093,0.1529579907655716,0.7143789529800415
44780$_$2,Neutral,Neutral,0.0,0.39299628138542175,0.02504398487508297,0.7934376001358032,0.18151837587356567
44780$_$7,Negative,Negative,-1.3333333730697632,-1.9930479526519775,0.9897437691688538,0.006387112662196159,0.003869175910949707
44780$_$6,Neutral,Neutral,0.0,0.43505311012268066,0.05185018852353096,0.49479132890701294,0.4533584713935852
45175$_$9,Negative,Negative,-1.0,-1.4821314811706543,0.9609209299087524,0.019292643293738365,0.019786426797509193
45184$_$2,Negative,Negative,-2.3333332538604736,-1.9071376323699951,0.9874883890151978,0.00716826319694519,0.005343358498066664
45184$_$5,Negative,Negative,-1.3333333730697632,-1.8391060829162598,0.9904211759567261,0.00542955007404089,0.004149286076426506
45186$_$3,Negative,Negative,-1.0,-1.6731616258621216,0.9659486413002014,0.026266735047101974,0.00778465811163187
45186$_$2,Neutral,Neutral,0.0,0.019498422741889954,0.2630012631416321,0.6434200406074524,0.09357871860265732
45676$_$6,Negative,Negative,-1.3333333730697632,-1.6157832145690918,0.9810650944709778,0.00948712881654501,0.00944777112454176
45c3QQzGakM$_$5,Positive,Positive,0.6666666865348816,0.27134984731674194,0.18132337927818298,0.2518799304962158,0.5667966604232788
46497$_$1,Negative,Negative,-2.6666667461395264,-2.2138047218322754,0.9947618842124939,0.004257455933839083,0.0009807380847632885
46497$_$3,Negative,Negative,-2.0,-1.692033290863037,0.9675877094268799,0.026087097823619843,0.006325251888483763
46604$_$3,Neutral,Negative,0.0,-0.3443306088447571,0.483016699552536,0.40404999256134033,0.11293335258960724
46604$_$2,Neutral,Neutral,0.0,-0.12014205753803253,0.02430565655231476,0.8436123728752136,0.1320819854736328
46604$_$4,Negative,Negative,-1.3333333730697632,-1.1720666885375977,0.8764030933380127,0.07857982069253922,0.04501713812351227
46618$_$1,Negative,Negative,-1.3333333730697632,-0.9637489914894104,0.7872498035430908,0.16022446751594543,0.05252571776509285
46618$_$0,Neutral,Neutral,0.0,0.1260974407196045,0.06392078101634979,0.7126551866531372,0.223424032330513
46618$_$2,Negative,Negative,-1.6666666269302368,-1.8649992942810059,0.9777465462684631,0.01711500808596611,0.005138389300554991
47472$_$10,Neutral,Positive,0.0,0.560090184211731,0.10971736907958984,0.41629812121391296,0.4739845097064972
47472$_$1,Positive,Neutral,1.6666666269302368,0.11478489637374878,0.04846780747175217,0.7094875574111938,0.2420445680618286
47472$_$4,Neutral,Neutral,0.0,0.19806364178657532,0.04965902864933014,0.712084174156189,0.23825685679912567
47472$_$6,Neutral,Neutral,0.0,-0.2535381019115448,0.30149728059768677,0.5929983854293823,0.10550430417060852
47472$_$8,Negative,Neutral,-0.6666666865348816,-0.31275567412376404,0.35098135471343994,0.4901421368122101,0.15887658298015594
49358$_$4,Neutral,Positive,0.0,0.016265705227851868,0.2323095053434372,0.2889496982097626,0.4787408411502838
49358$_$6,Negative,Negative,-2.0,-1.5937461853027344,0.9691057205200195,0.014508151449263096,0.016386091709136963
49358$_$9,Negative,Negative,-1.6666666269302368,-1.5140515565872192,0.9402835369110107,0.03598025068640709,0.023736223578453064
4AQC7_uCuEE$_$27,Positive,Negative,1.0,0.2503179907798767,0.42164039611816406,0.23974812030792236,0.3386114537715912
4AQC7_uCuEE$_$22,Negative,Negative,-0.3333333432674408,-0.8449600338935852,0.9236629605293274,0.019047193229198456,0.057289790362119675
4AQC7_uCuEE$_$23,Positive,Positive,0.3333333432674408,0.20332372188568115,0.20670977234840393,0.36375224590301514,0.4295380413532257
4BoE-woHtwA$_$12,Positive,Positive,1.6666666269302368,0.7250092029571533,0.16077448427677155,0.21993297338485718,0.6192925572395325
4BoE-woHtwA$_$1,Negative,Negative,-0.3333333432674408,-0.3885718584060669,0.7315675020217896,0.14618423581123352,0.12224831432104111
4BoE-woHtwA$_$5,Positive,Positive,1.6666666269302368,0.7350000739097595,0.06353560835123062,0.26165345311164856,0.6748109459877014
4CKhrjuuofk$_$1,Positive,Negative,0.3333333432674408,-0.44352373480796814,0.7807068228721619,0.1001533642411232,0.11913983523845673
4CKhrjuuofk$_$5,Positive,Positive,0.3333333432674408,0.7285990715026855,0.03283093869686127,0.26938116550445557,0.697787880897522
4EEru3cZwXo$_$3,Positive,Positive,0.6666666865348816,0.7823359966278076,0.019291330128908157,0.37839215993881226,0.6023164987564087
4GYfmpEEtl4$_$1,Neutral,Neutral,0.0,0.21038737893104553,0.28502383828163147,0.5298632979393005,0.18511292338371277
4GYfmpEEtl4$_$7,Positive,Positive,0.3333333432674408,0.4980633854866028,0.08385010808706284,0.3096716105937958,0.6064783334732056
4GYfmpEEtl4$_$6,Positive,Neutral,0.3333333432674408,0.07076024264097214,0.15115733444690704,0.691649854183197,0.15719282627105713
4H9RfQuqsvg$_$1,Positive,Positive,2.0,1.2464121580123901,0.08343292772769928,0.08298598229885101,0.8335810899734497
4H9RfQuqsvg$_$12,Positive,Positive,0.6666666865348816,0.89223313331604,0.05875082314014435,0.25583237409591675,0.6854168176651001
4H9RfQuqsvg$_$6,Neutral,Positive,0.0,0.6648706197738647,0.12515954673290253,0.28135764598846436,0.5934827923774719
4HAC00EAdno$_$10,Positive,Positive,0.6666666865348816,0.5260935425758362,0.09149618446826935,0.45018285512924194,0.4583210051059723
4HAC00EAdno$_$12,Positive,Neutral,0.6666666865348816,0.29874080419540405,0.07245618849992752,0.4989645481109619,0.4285792112350464
4HAC00EAdno$_$9,Negative,Negative,-0.3333333432674408,-0.40369969606399536,0.5241146683692932,0.36724230647087097,0.10864309221506119
4Kh5N9W-Jr4$_$0,Positive,Positive,1.3333333730697632,1.1804660558700562,0.010418825782835484,0.11545255780220032,0.8741285800933838
4Q7OkrJLzAc$_$1,Neutral,Positive,0.0,0.185682013630867,0.30958741903305054,0.2836267352104187,0.406785786151886
4Q7OkrJLzAc$_$0,Neutral,Positive,0.0,0.6463271975517273,0.08896754682064056,0.3816731870174408,0.5293592810630798
4Q95Lg3Icho$_$24,Positive,Positive,1.6666666269302368,1.3747048377990723,0.005007726140320301,0.0733475536108017,0.9216448068618774
4Ry6M_ZfJQc$_$5,Negative,Negative,-1.3333333730697632,-0.699184775352478,0.8470889925956726,0.11718329787254333,0.03572772443294525
4VA4kqMnEqA$_$4,Positive,Positive,0.3333333432674408,0.18367022275924683,0.2942814826965332,0.3057790994644165,0.3999393582344055
4VA4kqMnEqA$_$8,Neutral,Neutral,0.0,0.21773719787597656,0.12528635561466217,0.6591108441352844,0.2156028300523758
4hEWns7JBg0$_$25,Positive,Positive,1.6666666269302368,1.1057627201080322,0.00766353216022253,0.3557281792163849,0.6366083025932312
4hEWns7JBg0$_$29,Positive,Positive,1.0,1.1902655363082886,0.014705867506563663,0.10450496524572372,0.8807891607284546
4iG0ffmnCOw$_$2,Positive,Positive,0.3333333432674408,1.0940783023834229,0.023092124611139297,0.1853969842195511,0.7915108799934387
4iG0ffmnCOw$_$7,Positive,Positive,0.6666666865348816,1.153907060623169,0.03889092057943344,0.12766563892364502,0.8334434032440186
4iw1jTY-X3A$_$14,Positive,Positive,1.0,0.6612867116928101,0.1365741789340973,0.17633232474327087,0.6870934963226318
4iw1jTY-X3A$_$3,Negative,Negative,-1.0,-0.8310991525650024,0.7691453695297241,0.13447889685630798,0.0963757187128067
4jTUcNlxlYA$_$0,Positive,Positive,0.6666666865348816,0.6388421654701233,0.03368028998374939,0.4624348282814026,0.5038849115371704
4jTUcNlxlYA$_$4,Neutral,Neutral,0.0,0.5897789597511292,0.031239354982972145,0.6191532015800476,0.3496074974536896
4jTUcNlxlYA$_$6,Positive,Positive,1.6666666269302368,1.5225005149841309,0.013624431565403938,0.06860047578811646,0.9177751541137695
4jTUcNlxlYA$_$9,Neutral,Positive,0.0,0.9616298675537109,0.0863490179181099,0.25579091906547546,0.6578601002693176
4kF0U8kIMp4$_$0,Positive,Positive,0.6666666865348816,0.976029634475708,0.007107346318662167,0.17667220532894135,0.8162204623222351
4kF0U8kIMp4$_$5,Positive,Neutral,0.6666666865348816,-0.14872469007968903,0.4027857482433319,0.45981794595718384,0.13739627599716187
4kF0U8kIMp4$_$4,Positive,Negative,0.6666666865348816,0.273249089717865,0.42708125710487366,0.21528321504592896,0.357635498046875
4lKz4xyCmkk$_$14,Negative,Negative,-0.3333333432674408,-0.7946192622184753,0.9206644296646118,0.04733371362090111,0.032001905143260956
4poXF3xo6Z8$_$13,Positive,Positive,0.6666666865348816,1.0538208484649658,0.003795202821493149,0.14662057161331177,0.8495842814445496
4poXF3xo6Z8$_$1,Positive,Positive,1.6666666269302368,1.1521047353744507,0.006036971230059862,0.12169148772954941,0.8722715973854065
4poXF3xo6Z8$_$0,Neutral,Neutral,0.0,0.34270766377449036,0.07866132259368896,0.47112929821014404,0.4502093493938446
4poXF3xo6Z8$_$3,Positive,Positive,0.3333333432674408,1.3102726936340332,0.0027438506949692965,0.04638994485139847,0.950866162776947
4poXF3xo6Z8$_$6,Positive,Positive,1.6666666269302368,1.3823320865631104,0.004844090435653925,0.039598360657691956,0.9555574655532837
4qjz4BQCZyM$_$5,Positive,Positive,0.3333333432674408,0.8759361505508423,0.030229073017835617,0.11467038094997406,0.8551005125045776
4qoB5a6dR3w$_$1,Positive,Positive,1.0,0.9358837604522705,0.007482912857085466,0.21672818064689636,0.7757888436317444
4wdeBJ39Cuw$_$0,Negative,Negative,-1.3333333730697632,-1.1307315826416016,0.9566080570220947,0.017611825838685036,0.02578010968863964
4wdeBJ39Cuw$_$5,Negative,Negative,-1.0,-0.5749614834785461,0.8338214159011841,0.10414982587099075,0.06202872842550278
4wuug3-5cWo$_$5,Positive,Negative,0.3333333432674408,0.0463525727391243,0.43428897857666016,0.28730037808418274,0.2784106135368347
50453$_$4,Positive,Negative,0.3333333432674408,-0.3735569417476654,0.6942819952964783,0.24331830441951752,0.06239974498748779
50453$_$8,Neutral,Negative,0.0,0.24400845170021057,0.5588220953941345,0.09062490612268448,0.3505529463291168
51224$_$1,Negative,Negative,-0.6666666865348816,-0.24625805020332336,0.42108550667762756,0.3218016028404236,0.25711289048194885
51224$_$9,Neutral,Positive,0.0,0.2126716822385788,0.15998448431491852,0.37038177251815796,0.46963372826576233
52068$_$21,Positive,Neutral,2.0,0.2113199234008789,0.10999934375286102,0.5759621858596802,0.31403839588165283
52068$_$2,Positive,Positive,0.6666666865348816,1.6097333431243896,0.0069835130125284195,0.11381363123655319,0.8792028427124023
52839$_$11,Neutral,Neutral,0.0,-0.0876682922244072,0.05776860564947128,0.8402413725852966,0.10199002176523209
52839$_$13,Positive,Negative,1.6666666269302368,-0.7919129133224487,0.8741048574447632,0.09014561027288437,0.03574952483177185
52839$_$12,Positive,Positive,1.0,0.894364595413208,0.24098308384418488,0.042496535927057266,0.716520369052887
52839$_$0,Neutral,Neutral,0.0,0.4666356146335602,0.0409335233271122,0.747279167175293,0.21178723871707916
52839$_$7,Positive,Positive,0.3333333432674408,0.7794933319091797,0.032688263803720474,0.3763965368270874,0.5909152030944824
53742$_$1,Neutral,Neutral,0.0,-0.07560491561889648,0.1542845070362091,0.7113795876502991,0.13433592021465302
53742$_$2,Neutral,Neutral,0.0,0.44691190123558044,0.05082251504063606,0.48655781149864197,0.4626196622848511
53742$_$5,Negative,Negative,-2.0,-1.1818039417266846,0.8846780061721802,0.06164877116680145,0.05367317050695419
55156$_$2,Negative,Negative,-1.0,-0.8289986848831177,0.8794381618499756,0.0998394638299942,0.020722372457385063
55156$_$8,Neutral,Neutral,0.0,0.2560555338859558,0.16906008124351501,0.6715880036354065,0.15935195982456207
56006$_$4,Positive,Neutral,0.6666666865348816,0.1146538108587265,0.1668962985277176,0.595990777015686,0.23711298406124115
56276$_$11,Negative,Negative,-2.0,-1.49466872215271,0.954402506351471,0.02313248999416828,0.022465107962489128
56276$_$15,Negative,Negative,-3.0,-1.8862985372543335,0.978394091129303,0.013389420695602894,0.008216537535190582
56276$_$1,Negative,Neutral,-0.6666666865348816,-0.43642181158065796,0.19190195202827454,0.6311663389205933,0.17693175375461578
56276$_$4,Negative,Negative,-2.6666667461395264,-1.5447287559509277,0.7546626925468445,0.23307064175605774,0.012266737408936024
56276$_$7,Neutral,Neutral,0.0,-0.03589198738336563,0.31710976362228394,0.5540498495101929,0.128840371966362
57618$_$1,Neutral,Neutral,0.0,0.09245694428682327,0.07387155294418335,0.7926373481750488,0.1334911584854126
57618$_$3,Positive,Positive,2.3333332538604736,2.2565622329711914,0.01235110592097044,0.01789894513785839,0.9697499871253967
59333$_$10,Positive,Positive,0.3333333432674408,0.33636221289634705,0.2296503782272339,0.14239440858364105,0.6279552578926086
59333$_$19,Neutral,Positive,0.0,-0.18913990259170532,0.18146993219852448,0.2499743551015854,0.5685557723045349
59333$_$7,Positive,Positive,0.6666666865348816,1.2627949714660645,0.13642723858356476,0.06507740914821625,0.7984954118728638
59333$_$9,Positive,Neutral,0.3333333432674408,0.4160640835762024,0.04426141455769539,0.5231216549873352,0.4326168894767761
5Fs_7A_V2kA$_$9,Positive,Positive,0.3333333432674408,1.0817660093307495,0.011599759571254253,0.11570844799280167,0.872691810131073
5JMpMKAO-Mk$_$5,Positive,Positive,0.6666666865348816,0.9897646903991699,0.00953484233468771,0.14573174715042114,0.8447333574295044
5R5fDxZUL8M$_$2,Positive,Positive,1.3333333730697632,1.5802628993988037,0.004930993542075157,0.04349593073129654,0.9515731334686279
5R5fDxZUL8M$_$5,Positive,Positive,1.6666666269302368,1.389760136604309,0.012111041694879532,0.0638807937502861,0.9240081310272217
5Tqu1IXJjGY$_$7,Positive,Negative,0.6666666865348816,0.27896785736083984,0.6164310574531555,0.1871141791343689,0.1964547485113144
5XX0csik6VQ$_$0,Positive,Negative,0.3333333432674408,0.41307780146598816,0.45834213495254517,0.108624167740345,0.43303370475769043
5YnYGjrhzF4$_$0,Neutral,Positive,0.0,0.8378942012786865,0.052349839359521866,0.35706475377082825,0.5905853509902954
5YnYGjrhzF4$_$8,Negative,Negative,-0.6666666865348816,-0.5107845664024353,0.714013397693634,0.19865870475769043,0.08732786774635315
5eA5HpyFsIk$_$0,Neutral,Positive,0.0,0.9361499547958374,0.016119476407766342,0.24736668169498444,0.7365137934684753
5oEuiBPUTYc$_$6,Neutral,Positive,0.0,0.6895714998245239,0.017237205058336258,0.21999384462833405,0.7627689242362976
5qQs9Cfydo4$_$9,Positive,Positive,0.6666666865348816,0.9124630093574524,0.11401847004890442,0.149888277053833,0.736093282699585
5qxZFmIaynE$_$24,Neutral,Neutral,0.0,0.10419294238090515,0.052649952471256256,0.5233944058418274,0.4239555597305298
5qxZFmIaynE$_$15,Positive,Positive,0.3333333432674408,0.4233408570289612,0.04425865784287453,0.4764072895050049,0.4793340861797333
5qxZFmIaynE$_$17,Neutral,Neutral,0.0,0.45844119787216187,0.013778156600892544,0.5241876840591431,0.46203410625457764
5qxZFmIaynE$_$28,Negative,Negative,-0.3333333432674408,-0.11503985524177551,0.5085731744766235,0.37625375390052795,0.11517303436994553
5qxZFmIaynE$_$7,Neutral,Neutral,0.0,0.302854984998703,0.017813675105571747,0.6988099813461304,0.2833763062953949
5qxZFmIaynE$_$9,Neutral,Neutral,0.0,0.35813918709754944,0.025448540225625038,0.7289698719978333,0.2455814778804779
5tV5rZZJDCE$_$7,Positive,Positive,0.3333333432674408,0.1755581945180893,0.0862300768494606,0.440635621547699,0.47313424944877625
5wpCKY2U1NE$_$10,Negative,Negative,-0.3333333432674408,-1.1968327760696411,0.9298062920570374,0.05065265670418739,0.019541043788194656
5wpCKY2U1NE$_$5,Positive,Neutral,0.3333333432674408,0.3012884557247162,0.1950414627790451,0.4185259938240051,0.3864325284957886
60037$_$16,Positive,Positive,2.3333332538604736,1.613120198249817,0.0306115560233593,0.04044916108250618,0.9289392828941345
60037$_$1,Positive,Neutral,0.6666666865348816,0.3113366663455963,0.03875838592648506,0.551028311252594,0.41021332144737244
65kkuNV921k$_$15,Negative,Negative,-0.6666666865348816,-0.4690622091293335,0.6911367177963257,0.22277796268463135,0.08608536422252655
65kkuNV921k$_$22,Negative,Negative,-0.3333333432674408,-0.8052455186843872,0.8003956079483032,0.15903940796852112,0.040564924478530884
65kkuNV921k$_$30,Neutral,Positive,0.0,0.24520695209503174,0.23569940030574799,0.22618339955806732,0.5381171703338623
65kkuNV921k$_$26,Negative,Negative,-0.6666666865348816,-0.6557013988494873,0.6651570200920105,0.257733017206192,0.07710999995470047
65kkuNV921k$_$34,Positive,Positive,0.6666666865348816,1.0353633165359497,0.048020776361227036,0.12424928694963455,0.8277300000190735
65kkuNV921k$_$3,Negative,Negative,-1.6666666269302368,-0.8240593671798706,0.6914408206939697,0.24200107157230377,0.06655802577733994
65kkuNV921k$_$5,Negative,Negative,-1.3333333730697632,-0.8405004143714905,0.6909210681915283,0.23316001892089844,0.07591892033815384
65kkuNV921k$_$7,Negative,Negative,-0.6666666865348816,-0.4623223543167114,0.6870789527893066,0.21913407742977142,0.09378693997859955
65kkuNV921k$_$6,Negative,Negative,-1.0,-0.7557272911071777,0.785175085067749,0.1394309401512146,0.07539401948451996
69707$_$2,Negative,Negative,-1.6666666269302368,-1.011820912361145,0.8724012970924377,0.0749996080994606,0.052599046379327774
6G8JJ69aN6o$_$4,Positive,Positive,0.6666666865348816,0.6954391598701477,0.0115503603592515,0.42334678769111633,0.5651028752326965
6IUj6jyoTl0$_$0,Positive,Neutral,0.6666666865348816,0.656562328338623,0.08553560823202133,0.47693899273872375,0.4375253915786743
6J_yzh1LNAE$_$0,Positive,Positive,0.3333333432674408,0.5410621166229248,0.011040682904422283,0.36211448907852173,0.6268448233604431
6MYUY5tC2Us$_$0,Neutral,Neutral,0.0,0.2810312807559967,0.04233153536915779,0.6750501394271851,0.28261828422546387
6MYUY5tC2Us$_$2,Neutral,Neutral,0.0,0.25238317251205444,0.149990051984787,0.5794406533241272,0.2705693244934082
6MloL1gIccs$_$4,Positive,Positive,1.6666666269302368,0.795238733291626,0.026532450690865517,0.3486572206020355,0.6248102784156799
6PLlauWxF5E$_$0,Positive,Positive,1.3333333730697632,0.8949251174926758,0.0075447228737175465,0.2425527572631836,0.7499025464057922
6PLlauWxF5E$_$2,Positive,Positive,0.6666666865348816,1.2053771018981934,0.014923310838639736,0.1542835533618927,0.8307931423187256
6T1GHj7qwYs$_$5,Positive,Positive,1.6666666269302368,1.3851110935211182,0.028572695329785347,0.05692743510007858,0.914499819278717
6TDXQtGUNEs$_$11,Positive,Positive,0.3333333432674408,0.30959978699684143,0.05628872662782669,0.4407959282398224,0.5029153227806091
6Vg10LxmWUY$_$0,Positive,Neutral,1.0,0.09423094242811203,0.3128117024898529,0.5303744673728943,0.15681380033493042
6YNAmRjpxlA$_$0,Neutral,Negative,0.0,-0.1953144073486328,0.43641725182533264,0.34183600544929504,0.2217467725276947
6c7vAwDSVGc$_$2,Positive,Positive,0.3333333432674408,1.0183441638946533,0.008650523610413074,0.11455833911895752,0.8767911195755005
6ng8CZ0ULK4$_$11,Positive,Positive,1.0,0.8487257957458496,0.05610311031341553,0.32408076524734497,0.6198161840438843
6ng8CZ0ULK4$_$1,Positive,Positive,0.3333333432674408,0.8217912912368774,0.026587333530187607,0.267039030790329,0.7063736319541931
6ng8CZ0ULK4$_$2,Positive,Positive,1.0,0.882881760597229,0.03303786367177963,0.36558353900909424,0.6013786792755127
6q5uKCgairk$_$10,Neutral,Positive,0.0,1.378929615020752,0.007525742053985596,0.11545941978693008,0.8770148158073425
6q5uKCgairk$_$13,Neutral,Positive,0.0,0.5059560537338257,0.0631585344672203,0.2667196989059448,0.6701217293739319
6q5uKCgairk$_$8,Positive,Positive,0.3333333432674408,1.1108428239822388,0.02297905832529068,0.21539872884750366,0.7616222500801086
6qPjYvdZiLA$_$7,Negative,Negative,-0.3333333432674408,-0.0004902184009552002,0.4597843885421753,0.32271021604537964,0.21750538051128387
6rkV4QRcVnk$_$3,Negative,Negative,-0.3333333432674408,-1.880502462387085,0.9843083024024963,0.011205574497580528,0.004486084915697575
6slq62RwH3Q$_$10,Positive,Positive,1.6666666269302368,1.9066157341003418,0.00930298212915659,0.014338030479848385,0.9763590097427368
6slq62RwH3Q$_$2,Positive,Positive,2.0,1.2839634418487549,0.01766362227499485,0.10545680671930313,0.8768795728683472
6slq62RwH3Q$_$7,Positive,Positive,1.3333333730697632,0.4813882112503052,0.28262701630592346,0.0856841504573822,0.6316888332366943
6xvVFYR5di0$_$0,Positive,Positive,2.0,0.807212769985199,0.017108844593167305,0.26281607151031494,0.7200750708580017
6xvVFYR5di0$_$9,Neutral,Neutral,0.0,0.1902434229850769,0.0175766684114933,0.6716060042381287,0.3108173608779907
6zjv1TLqfF0$_$11,Positive,Positive,0.3333333432674408,0.6127814054489136,0.022456999868154526,0.4763619303703308,0.5011810660362244
6zjv1TLqfF0$_$10,Neutral,Positive,0.0,0.45072197914123535,0.02293403446674347,0.42166346311569214,0.5554025173187256
6zjv1TLqfF0$_$1,Neutral,Positive,0.0,0.713573157787323,0.011090773157775402,0.27530696988105774,0.7136022448539734
6zjv1TLqfF0$_$3,Positive,Neutral,1.0,0.4217683672904968,0.009306206367909908,0.5923717617988586,0.3983219861984253
6zjv1TLqfF0$_$7,Neutral,Neutral,0.0,0.10724985599517822,0.032667722553014755,0.7602190971374512,0.20711317658424377
70420$_$15,Positive,Negative,0.3333333432674408,-0.9981020092964172,0.7276938557624817,0.23072421550750732,0.041581954807043076
70420$_$4,Negative,Negative,-0.6666666865348816,-0.770740270614624,0.8454500436782837,0.08749176561832428,0.06705814599990845
70420$_$6,Negative,Negative,-0.3333333432674408,-0.8109591007232666,0.8390047550201416,0.07724914699792862,0.0837460309267044
70710$_$3,Positive,Positive,0.6666666865348816,0.38130202889442444,0.17831303179264069,0.3823021650314331,0.439384788274765
70710$_$2,Negative,Negative,-0.3333333432674408,-1.420300006866455,0.9726355075836182,0.015286212787032127,0.01207822561264038
708sewcSXVY$_$3,Positive,Positive,0.3333333432674408,0.6131728887557983,0.03779878467321396,0.15776756405830383,0.8044336438179016
72017$_$9,Positive,Positive,1.0,1.7341291904449463,0.012760140001773834,0.09545841068029404,0.8917814493179321
72385$_$24,Negative,Negative,-1.6666666269302368,-0.5001072287559509,0.6632067561149597,0.11224529892206192,0.22454793751239777
72385$_$20,Negative,Negative,-2.3333332538604736,-1.5692098140716553,0.8925496339797974,0.09003891795873642,0.017411425709724426
72385$_$21,Positive,Positive,1.0,1.3103560209274292,0.04361705482006073,0.09962804615497589,0.8567548990249634
72385$_$2,Neutral,Neutral,0.0,-0.06612873822450638,0.09392789751291275,0.776811957359314,0.12926015257835388
72385$_$5,Negative,Negative,-3.0,-1.946406602859497,0.9692450761795044,0.023815415799617767,0.006939563900232315
72385$_$6,Negative,Neutral,-1.0,-0.5170034170150757,0.2596967816352844,0.561103343963623,0.17919988930225372
72385$_$12,Neutral,Negative,0.0,-0.4226447343826294,0.4885977506637573,0.3955538272857666,0.11584834009408951
72tXTrSXoMk$_$6,Positive,Neutral,0.6666666865348816,0.26247256994247437,0.03280562907457352,0.576222836971283,0.3909715414047241
73447$_$16,Negative,Negative,-1.0,-1.6059269905090332,0.9599375128746033,0.029531337320804596,0.010531027801334858
73447$_$1,Neutral,Neutral,0.0,0.2988274097442627,0.02985009364783764,0.5305854678153992,0.43956440687179565
73447$_$0,Neutral,Neutral,0.0,0.10310079157352448,0.07772120088338852,0.6632840037345886,0.25899484753608704
73447$_$3,Negative,Negative,-3.0,-1.893707275390625,0.9411609768867493,0.051803506910800934,0.007035480812191963
73447$_$6,Negative,Negative,-1.0,-1.579021692276001,0.9778264760971069,0.013922860845923424,0.008250665850937366
73447$_$8,Negative,Negative,-1.0,-0.2935526967048645,0.6049900650978088,0.18474149703979492,0.21026848256587982
73449$_$13,Neutral,Neutral,0.0,0.045723676681518555,0.29644089937210083,0.47672951221466064,0.22682955861091614
73449$_$14,Negative,Negative,-2.6666667461395264,-1.0833104848861694,0.9199784398078918,0.019883237779140472,0.060138341039419174
73449$_$2,Positive,Positive,0.3333333432674408,0.4259002208709717,0.18158265948295593,0.29945170879364014,0.5189656615257263
73449$_$4,Negative,Negative,-1.3333333730697632,-0.9705517292022705,0.5088618993759155,0.45714831352233887,0.033989716321229935
73449$_$8,Neutral,Positive,0.0,0.11061257123947144,0.3583793640136719,0.2793942987918854,0.36222630739212036
74101$_$1,Neutral,Neutral,0.0,-0.37105709314346313,0.28539255261421204,0.492007851600647,0.22259962558746338
74101$_$6,Positive,Negative,1.0,-0.5673668384552002,0.7067467570304871,0.19257479906082153,0.10067843645811081
74184$_$11,Negative,Negative,-1.0,-1.7340424060821533,0.9761453866958618,0.015450363978743553,0.008404244668781757
74184$_$7,Positive,Neutral,1.0,-0.18780098855495453,0.2244357466697693,0.6024036407470703,0.1731605976819992
74184$_$8,Negative,Negative,-0.3333333432674408,-0.21142223477363586,0.6724777221679688,0.22022055089473724,0.107301726937294
74870$_$3,Negative,Negative,-0.3333333432674408,-0.35155242681503296,0.557758629322052,0.34832799434661865,0.09391336888074875
74870$_$4,Neutral,Neutral,0.0,0.16081202030181885,0.20194141566753387,0.501736044883728,0.2963225841522217
75938$_$1,Positive,Neutral,0.3333333432674408,-0.10162241756916046,0.09640438854694366,0.7483209371566772,0.15527470409870148
76124$_$10,Negative,Negative,-1.3333333730697632,0.27280333638191223,0.6419896483421326,0.05453137308359146,0.30347901582717896
76124$_$1,Positive,Negative,0.3333333432674408,-0.7331520915031433,0.5276597738265991,0.41312456130981445,0.0592157207429409
76124$_$3,Neutral,Negative,0.0,-0.49412092566490173,0.5184005498886108,0.4136806130409241,0.0679188147187233
76124$_$2,Neutral,Neutral,0.0,0.187236487865448,0.28475722670555115,0.4883461594581604,0.22689659893512726
76124$_$8,Positive,Positive,0.3333333432674408,0.6408963799476624,0.03449282422661781,0.23542946577072144,0.7300776839256287
76sN4tvbPGk$_$9,Negative,Neutral,-0.6666666865348816,-0.12527310848236084,0.33591875433921814,0.5040096640586853,0.16007155179977417
76sN4tvbPGk$_$4,Neutral,Negative,0.0,-0.27153900265693665,0.5082390308380127,0.2796168029308319,0.21214412152767181
78577$_$11,Negative,Negative,-0.3333333432674408,0.030503321439027786,0.49853551387786865,0.21337680518627167,0.2880876660346985
78577$_$3,Negative,Negative,-0.6666666865348816,-0.5793724060058594,0.7571418881416321,0.17185817658901215,0.07099994271993637
78577$_$8,Negative,Negative,-0.6666666865348816,-0.7251403331756592,0.7518572807312012,0.20793969929218292,0.040202945470809937
79644$_$2,Negative,Negative,-2.0,-2.2536497116088867,0.9852522611618042,0.012874411419034004,0.0018734005279839039
79934$_$5,Positive,Neutral,0.3333333432674408,0.02834232710301876,0.14505815505981445,0.7166606783866882,0.13828109204769135
79935$_$13,Negative,Negative,-2.0,-1.753558874130249,0.9860467314720154,0.010810659267008305,0.0031425785273313522
79935$_$15,Negative,Negative,-1.6666666269302368,-1.7678192853927612,0.980445921421051,0.014758518896996975,0.004795565269887447
79935$_$7,Negative,Negative,-2.3333332538604736,-1.9316091537475586,0.9841094613075256,0.010940635576844215,0.00494984770193696
79935$_$6,Negative,Negative,-1.3333333730697632,-1.6678879261016846,0.9646198153495789,0.026936769485473633,0.008443368598818779
79935$_$8,Negative,Negative,-1.6666666269302368,-2.1550464630126953,0.9935391545295715,0.00511378375813365,0.0013471451820805669
7EWOMjaKlus$_$12,Negative,Positive,-0.3333333432674408,0.7195559740066528,0.09790617972612381,0.1237340047955513,0.7783598303794861
7EWOMjaKlus$_$14,Positive,Positive,1.3333333730697632,1.199422836303711,0.005913849454373121,0.08005746454000473,0.9140287041664124
7R70kKqtGh0$_$1,Positive,Positive,1.3333333730697632,0.8870357275009155,0.008204132318496704,0.2570667564868927,0.7347291111946106
7U_z0JfleAw$_$8,Positive,Positive,0.3333333432674408,0.12613677978515625,0.04984480142593384,0.4291227459907532,0.521032452583313
7UlSX-syPeo$_$18,Positive,Positive,0.6666666865348816,1.000942587852478,0.02580297365784645,0.13194744288921356,0.8422495722770691
7UlSX-syPeo$_$22,Positive,Positive,1.0,0.7168334722518921,0.15728408098220825,0.27636897563934326,0.5663470029830933
7UlSX-syPeo$_$4,Neutral,Negative,0.0,-0.11040519922971725,0.477143257856369,0.29852211475372314,0.22433462738990784
7ZzbemE4QEE$_$25,Negative,Negative,-0.6666666865348816,-0.2880546450614929,0.6877403855323792,0.13516806066036224,0.1770915687084198
7ZzbemE4QEE$_$27,Positive,Neutral,0.3333333432674408,0.30771487951278687,0.0159105584025383,0.5451365113258362,0.4389529526233673
7ZzbemE4QEE$_$21,Positive,Positive,0.6666666865348816,0.379082053899765,0.07492435723543167,0.2305612862110138,0.6945143938064575
7ZzbemE4QEE$_$3,Positive,Positive,0.6666666865348816,0.536613941192627,0.024776577949523926,0.23712128400802612,0.73810213804245
7ZzbemE4QEE$_$2,Positive,Positive,1.3333333730697632,0.8884338140487671,0.03953590616583824,0.2632801830768585,0.6971839070320129
7ZzbemE4QEE$_$39,Neutral,Neutral,0.0,-0.032917048782110214,0.09003762155771255,0.5248854160308838,0.38507696986198425
7ZzbemE4QEE$_$15,Positive,Negative,0.3333333432674408,0.07820498943328857,0.5596906542778015,0.21325555443763733,0.22705377638339996
7ZzbemE4QEE$_$33,Neutral,Neutral,0.0,0.1340896338224411,0.056170105934143066,0.7791455388069153,0.16468438506126404
7ZzbemE4QEE$_$34,Neutral,Neutral,0.0,0.2068910300731659,0.21145351231098175,0.6125795245170593,0.17596693336963654
7ZzbemE4QEE$_$32,Neutral,Neutral,0.0,-0.14543156325817108,0.14942951500415802,0.6331230401992798,0.21744747459888458
7eJqqvvziQo$_$1,Positive,Neutral,0.3333333432674408,0.2006055861711502,0.02955556847155094,0.5631998777389526,0.40724456310272217
7eJqqvvziQo$_$0,Positive,Positive,2.0,1.1502797603607178,0.011327425949275494,0.15851615369319916,0.8301564455032349
7eJqqvvziQo$_$5,Positive,Positive,0.3333333432674408,0.9683066606521606,0.008476401679217815,0.19015488028526306,0.8013687133789062
7eJqqvvziQo$_$7,Positive,Positive,0.3333333432674408,1.2170653343200684,0.005406707990914583,0.0976836308836937,0.8969097137451172
7eWclVCXOtk$_$0,Neutral,Positive,0.0,0.8176036477088928,0.1261461228132248,0.33530986309051514,0.5385439991950989
7eWclVCXOtk$_$4,Positive,Neutral,1.0,0.6635876893997192,0.09582779556512833,0.5199161171913147,0.3842560648918152
7eWclVCXOtk$_$8,Positive,Positive,0.3333333432674408,0.3062902092933655,0.04910892993211746,0.4411061108112335,0.509784996509552
7fPYpqzw1iY$_$12,Positive,Positive,0.3333333432674408,0.5390661954879761,0.04927971586585045,0.28181010484695435,0.6689101457595825
7hSWYI99-24$_$3,Positive,Positive,1.3333333730697632,1.2222623825073242,0.005270124413073063,0.0749373733997345,0.9197925329208374
7hSWYI99-24$_$6,Positive,Positive,1.0,1.6555571556091309,0.006992741022258997,0.038351040333509445,0.954656183719635
7pZPQbMKGkY$_$0,Positive,Neutral,0.6666666865348816,0.5012838840484619,0.01902197115123272,0.5421522259712219,0.438825786113739
7pZPQbMKGkY$_$5,Neutral,Neutral,0.0,-0.09330292791128159,0.11220717430114746,0.7262833118438721,0.16150949895381927
7rMLN0KKE5k$_$28,Negative,Positive,-0.3333333432674408,0.13266058266162872,0.3706669509410858,0.12809912860393524,0.5012338757514954
7rMLN0KKE5k$_$19,Negative,Positive,-0.3333333432674408,0.5572173595428467,0.42568957805633545,0.1373574584722519,0.4369529187679291
7rMLN0KKE5k$_$32,Positive,Positive,1.6666666269302368,1.2548648118972778,0.04071741923689842,0.04198278859257698,0.9172998666763306
7sgAWvbLtiM$_$1,Neutral,Positive,0.0,0.43958285450935364,0.02408350259065628,0.4659441113471985,0.5099723935127258
7sgAWvbLtiM$_$6,Neutral,Neutral,0.0,0.2881321310997009,0.022848108783364296,0.6581840515136719,0.3189677894115448
8-Hi9NmF4rM$_$1,Positive,Positive,1.0,0.2856064438819885,0.07059136778116226,0.4591217339038849,0.47028690576553345
8-Hi9NmF4rM$_$2,Positive,Positive,2.3333332538604736,1.165875792503357,0.021974535658955574,0.22456887364387512,0.7534566521644592
80620$_$0,Positive,Neutral,0.3333333432674408,-0.025135241448879242,0.10176964849233627,0.6391372084617615,0.25909313559532166
80620$_$2,Negative,Negative,-2.0,-2.0187599658966064,0.9881126284599304,0.007295848801732063,0.004591509699821472
80620$_$5,Negative,Negative,-2.0,-1.7514889240264893,0.9771474003791809,0.010146171785891056,0.012706376612186432
80627$_$11,Negative,Negative,-1.3333333730697632,-2.0087358951568604,0.9889935851097107,0.007578205782920122,0.0034282724373042583
80627$_$13,Negative,Negative,-2.0,-1.7514259815216064,0.9823126196861267,0.011646387167274952,0.006041025742888451
80866$_$13,Neutral,Positive,0.0,0.13915567100048065,0.22925741970539093,0.35981684923171997,0.41092580556869507
80866$_$12,Negative,Negative,-1.6666666269302368,-1.4987494945526123,0.9808291792869568,0.012128429487347603,0.00704241544008255
80866$_$14,Negative,Negative,-1.6666666269302368,-1.5931389331817627,0.9693658351898193,0.018846385180950165,0.011787733994424343
80866$_$1,Positive,Neutral,0.6666666865348816,0.8521593809127808,0.01440592110157013,0.5888465046882629,0.3967476189136505
80866$_$3,Positive,Neutral,0.3333333432674408,-0.4571642279624939,0.12306846678256989,0.7265841364860535,0.15034739673137665
80866$_$2,Positive,Neutral,0.3333333432674408,0.5673635005950928,0.06095965579152107,0.5804452300071716,0.35859519243240356
80866$_$5,Neutral,Neutral,0.0,0.08329568803310394,0.05585577338933945,0.7315286993980408,0.2126154601573944
80866$_$4,Neutral,Neutral,0.0,0.22049546241760254,0.20702607929706573,0.6208348870277405,0.1721390336751938
80866$_$6,Neutral,Neutral,0.0,0.2244429588317871,0.014689024537801743,0.801368772983551,0.1839423030614853
80914$_$3,Positive,Neutral,0.3333333432674408,0.017481166869401932,0.13986149430274963,0.5539939403533936,0.3061446249485016
81406$_$0,Positive,Neutral,1.0,0.12805010378360748,0.3006385862827301,0.3867490291595459,0.3126124143600464
81406$_$2,Negative,Negative,-2.3333332538604736,-1.0420539379119873,0.8998688459396362,0.06421086192131042,0.03592026233673096
81615$_$3,Positive,Positive,1.6666666269302368,1.9739024639129639,0.017291024327278137,0.061553388833999634,0.921155571937561
81615$_$7,Negative,Negative,-1.0,-2.2771902084350586,0.9962090253829956,0.0026910637971013784,0.001099909539334476
81615$_$6,Negative,Negative,-1.0,-2.222726345062256,0.9927612543106079,0.0056946068070828915,0.0015441452851518989
83310$_$1,Negative,Negative,-0.6666666865348816,-0.17982947826385498,0.45081689953804016,0.39233505725860596,0.1568480134010315
83859$_$25,Positive,Neutral,0.6666666865348816,0.071901336312294,0.13082222640514374,0.5402906537055969,0.3288871645927429
83859$_$29,Neutral,Neutral,0.0,0.3650120198726654,0.2557232975959778,0.4732724726200104,0.27100425958633423
83859$_$1,Positive,Neutral,2.6666667461395264,1.1313825845718384,0.020258305594325066,0.5305753350257874,0.4491664171218872
83859$_$3,Positive,Positive,2.6666667461395264,1.6813820600509644,0.0251929871737957,0.07319137454032898,0.9016156792640686
83859$_$11,Positive,Positive,2.6666667461395264,1.478875994682312,0.016975516453385353,0.11023122072219849,0.8727932572364807
83859$_$12,Neutral,Neutral,0.0,0.3657114505767822,0.08650524914264679,0.6445552110671997,0.2689395844936371
83859$_$16,Positive,Positive,3.0,1.702087640762329,0.01240142248570919,0.11843135952949524,0.8691672682762146
8404$_$11,Positive,Negative,2.0,0.20116621255874634,0.5784940123558044,0.14616143703460693,0.2753445506095886
8404$_$4,Positive,Positive,3.0,2.3834493160247803,0.01462564431130886,0.00823734700679779,0.97713702917099
84133$_$23,Negative,Negative,-2.0,-1.7539262771606445,0.978667676448822,0.012231554836034775,0.009100782684981823
84133$_$2,Neutral,Neutral,0.0,0.136414036154747,0.2585854232311249,0.4867621064186096,0.2546524405479431
84133$_$9,Neutral,Neutral,0.0,0.33095523715019226,0.03480071201920509,0.6032987236976624,0.36190056800842285
84133$_$16,Positive,Positive,1.6666666269302368,0.7818902730941772,0.1521492749452591,0.19018791615962982,0.6576628088951111
84133$_$19,Negative,Negative,-1.6666666269302368,-1.6199946403503418,0.9523429274559021,0.04347781091928482,0.004179203882813454
84176$_$10,Negative,Negative,-0.3333333432674408,-0.9666217565536499,0.8950417637825012,0.036912303417921066,0.06804586201906204
84176$_$1,Positive,Positive,1.6666666269302368,1.512721300125122,0.014606439508497715,0.0800231471657753,0.9053704142570496
84176$_$8,Negative,Negative,-3.0,-1.9755051136016846,0.9905856251716614,0.0030164800118654966,0.006397796329110861
856LGms_0s0$_$9,Positive,Positive,0.6666666865348816,0.7635940313339233,0.05302998796105385,0.1648518443107605,0.7821181416511536
87161$_$3,Neutral,Neutral,0.0,-0.3616391122341156,0.3680455982685089,0.4732360541820526,0.15871837735176086
87161$_$2,Neutral,Neutral,0.0,0.13659848272800446,0.08241110295057297,0.741294264793396,0.17629463970661163
87161$_$5,Neutral,Neutral,0.0,-0.06018706411123276,0.0780664011836052,0.7802321314811707,0.14170150458812714
87400$_$13,Positive,Positive,2.6666667461395264,1.8111552000045776,0.004435213748365641,0.04214855656027794,0.9534162282943726
87400$_$12,Positive,Negative,1.6666666269302368,-0.23852238059043884,0.6453102231025696,0.07571455836296082,0.278975248336792
87400$_$14,Negative,Negative,-0.3333333432674408,-0.18190084397792816,0.6456526517868042,0.22009475529193878,0.13425254821777344
88245$_$6,Negative,Negative,-1.0,-1.2275466918945312,0.9011577367782593,0.062157630920410156,0.03668464347720146
88797$_$12,Negative,Negative,-0.3333333432674408,-1.7266623973846436,0.9641202688217163,0.03150784224271774,0.004371863789856434
88797$_$0,Neutral,Neutral,0.0,-0.20123206079006195,0.0721551924943924,0.7548678517341614,0.17297694087028503
88797$_$3,Neutral,Neutral,0.0,-0.14839567244052887,0.17860405147075653,0.5960059762001038,0.2253899872303009
88797$_$7,Neutral,Neutral,0.0,-0.4503054618835449,0.2871713638305664,0.6112977266311646,0.10153086483478546
88888$_$4,Positive,Neutral,1.6666666269302368,0.05867038667201996,0.28427621722221375,0.570171594619751,0.14555217325687408
88S1BjwMfdw$_$7,Positive,Neutral,0.3333333432674408,0.07511703670024872,0.03207791969180107,0.7690365314483643,0.19888560473918915
88oSn21TFcA$_$0,Neutral,Neutral,0.0,0.5135638117790222,0.018196409568190575,0.5499254465103149,0.43187808990478516
88oSn21TFcA$_$8,Negative,Negative,-1.0,-1.1857361793518066,0.9175219535827637,0.06792911142110825,0.014548856765031815
89747$_$9,Positive,Positive,2.0,0.7158128023147583,0.20217715203762054,0.21681587398052216,0.5810069441795349
89787$_$14,Neutral,Neutral,0.0,-0.13130991160869598,0.19503487646579742,0.555588960647583,0.24937619268894196
89787$_$4,Positive,Negative,1.0,-0.2984268367290497,0.5138864517211914,0.27717044949531555,0.208943173289299
89787$_$7,Negative,Negative,-2.0,-1.6889476776123047,0.9494250416755676,0.044378019869327545,0.006196923553943634
89951$_$10,Neutral,Neutral,0.0,0.13288336992263794,0.16004537045955658,0.6604236960411072,0.17953093349933624
89951$_$8,Positive,Negative,0.3333333432674408,0.1335369348526001,0.46656617522239685,0.12486153841018677,0.40857234597206116
8Cp8c-eQELQ$_$11,Positive,Positive,0.6666666865348816,0.29233449697494507,0.04964958503842354,0.318815141916275,0.6315352916717529
8Cp8c-eQELQ$_$16,Neutral,Positive,0.0,0.2231462597846985,0.0429270900785923,0.45607414841651917,0.5009987950325012
8EHEEXex5D8$_$11,Positive,Positive,1.0,0.44247061014175415,0.022319387644529343,0.3905680775642395,0.587112545967102
8EHEEXex5D8$_$23,Positive,Positive,0.6666666865348816,0.7881361246109009,0.010846721939742565,0.21144762635231018,0.7777056694030762
8EHEEXex5D8$_$18,Positive,Positive,1.3333333730697632,0.5725579261779785,0.025658993050456047,0.2981735169887543,0.6761675477027893
8Lmqsakmw3M$_$20,Positive,Positive,0.3333333432674408,1.0144318342208862,0.02305969037115574,0.13150620460510254,0.8454341292381287
8P0zm2oYDyY$_$1,Positive,Negative,1.0,0.36896204948425293,0.4486840069293976,0.16711951792240143,0.3841964304447174
8P0zm2oYDyY$_$6,Positive,Positive,1.6666666269302368,0.8847790956497192,0.10627274960279465,0.25035345554351807,0.6433737277984619
8VB6pdJTpX4$_$1,Positive,Positive,0.3333333432674408,1.415696144104004,0.01326335035264492,0.07331933826208115,0.9134172797203064
8VP1qxX9mh4$_$0,Positive,Positive,1.0,1.0061330795288086,0.007048231083899736,0.2579755485057831,0.7349761724472046
8X5tGQLBqPo$_$11,Positive,Positive,0.3333333432674408,0.856297492980957,0.01667875237762928,0.2359941154718399,0.7473271489143372
8X5tGQLBqPo$_$10,Neutral,Positive,0.0,0.27035677433013916,0.030852625146508217,0.4772646725177765,0.49188271164894104
8X5tGQLBqPo$_$13,Neutral,Positive,0.0,0.46589410305023193,0.013227452524006367,0.38574448227882385,0.6010280251502991
8X5tGQLBqPo$_$15,Neutral,Positive,0.0,0.542046308517456,0.026706231757998466,0.31231382489204407,0.6609799265861511
8XODJwsvBa0$_$2,Positive,Positive,1.3333333730697632,1.1193959712982178,0.03384455293416977,0.30931034684181213,0.6568450927734375
8YsIvz4qnk4$_$1,Positive,Positive,2.6666667461395264,1.6957495212554932,0.005723149981349707,0.04338937997817993,0.9508875012397766
8ovb-GaZ3QE$_$3,Negative,Negative,-1.6666666269302368,-0.827834963798523,0.8339304327964783,0.10418008267879486,0.06188951060175896
8ovb-GaZ3QE$_$5,Positive,Positive,1.0,0.6225485801696777,0.1092958077788353,0.179142564535141,0.7115616202354431
8qCNtqjygW8$_$10,Positive,Positive,1.0,0.8943098783493042,0.13502784073352814,0.13281986117362976,0.7321522235870361
8qCNtqjygW8$_$12,Positive,Negative,1.3333333730697632,0.35478922724723816,0.5076291561126709,0.20303544402122498,0.2893354892730713
8qCNtqjygW8$_$1,Positive,Neutral,0.3333333432674408,0.06777801364660263,0.36566391587257385,0.45693761110305786,0.1773984730243683
8qCNtqjygW8$_$0,Positive,Neutral,0.3333333432674408,0.16762585937976837,0.21901321411132812,0.43106022477149963,0.34992656111717224
8qCNtqjygW8$_$7,Negative,Negative,-0.3333333432674408,0.12848645448684692,0.47439831495285034,0.25789034366607666,0.2677113711833954
8qCNtqjygW8$_$8,Neutral,Positive,0.0,0.987547755241394,0.04981869459152222,0.4598783850669861,0.4903028905391693
8u5aet7s9_w$_$8,Positive,Positive,2.3333332538604736,0.36471328139305115,0.2497340887784958,0.2625332772731781,0.4877326786518097
8x81fzwcJko$_$5,Positive,Positive,0.3333333432674408,0.9084965586662292,0.03123144432902336,0.1806490421295166,0.7881194353103638
8xfW_azeNPk$_$12,Positive,Positive,0.6666666865348816,0.8005959391593933,0.010017476975917816,0.2495661973953247,0.7404162883758545
8xfW_azeNPk$_$1,Positive,Positive,2.3333332538604736,1.5538108348846436,0.016125187277793884,0.038582511246204376,0.9452922940254211
8xfW_azeNPk$_$8,Positive,Positive,1.3333333730697632,0.9073982238769531,0.011492413468658924,0.2499045431613922,0.7386030554771423
9-EO2oCAGA4$_$10,Neutral,Negative,0.0,-0.4988274574279785,0.8566305041313171,0.08790985494852066,0.05545962601900101
9-EO2oCAGA4$_$0,Positive,Positive,0.6666666865348816,0.9522929191589355,0.02923521399497986,0.1596168577671051,0.811147928237915
9-EO2oCAGA4$_$3,Positive,Positive,0.6666666865348816,0.7640745639801025,0.22288691997528076,0.12259960174560547,0.6545134782791138
9-EO2oCAGA4$_$4,Positive,Neutral,0.6666666865348816,0.5024482607841492,0.057496681809425354,0.5604708790779114,0.3820323944091797
9-EO2oCAGA4$_$7,Positive,Negative,1.0,-0.049733079969882965,0.686976969242096,0.1597921997308731,0.15323077142238617
9-K1CXCXui4$_$15,Positive,Positive,0.6666666865348816,0.46084898710250854,0.040838971734046936,0.41219186782836914,0.5469691753387451
9-K1CXCXui4$_$16,Positive,Neutral,0.3333333432674408,0.2106102705001831,0.013294888660311699,0.7609861493110657,0.22571901977062225
90172$_$11,Negative,Negative,-1.3333333730697632,-1.1594138145446777,0.9157696962356567,0.05680355802178383,0.027426766231656075
90172$_$14,Negative,Negative,-1.6666666269302368,-0.58986896276474,0.8532921671867371,0.09916223585605621,0.04754549637436867
90172$_$0,Negative,Negative,-1.6666666269302368,0.14298298954963684,0.48053714632987976,0.2479989379644394,0.27146387100219727
90172$_$3,Neutral,Neutral,0.0,0.210246741771698,0.1912955939769745,0.5175070762634277,0.29119735956192017
90172$_$7,Negative,Negative,-2.3333332538604736,-1.8887865543365479,0.9941229224205017,0.0025208652950823307,0.003356193657964468
90wZz0thye4$_$11,Positive,Positive,0.6666666865348816,1.6298067569732666,0.005322557408362627,0.07462549954652786,0.9200519919395447
90wZz0thye4$_$10,Positive,Positive,0.3333333432674408,1.2267906665802002,0.0052506932988762856,0.08865739405155182,0.9060919284820557
90wZz0thye4$_$2,Positive,Positive,1.0,0.6872991323471069,0.02478278987109661,0.24144263565540314,0.7337746024131775
91276$_$1,Neutral,Neutral,0.0,0.002082779537886381,0.06823674589395523,0.8615491986274719,0.07021410018205643
91276$_$7,Negative,Negative,-1.6666666269302368,0.1333072930574417,0.4239982068538666,0.2682828903198242,0.3077189028263092
91276$_$8,Negative,Negative,-1.0,-1.3302721977233887,0.902513325214386,0.07767071574926376,0.01981591247022152
91y7nPEWdmQ$_$5,Negative,Negative,-0.6666666865348816,-0.6795005798339844,0.7565200924873352,0.17151860892772675,0.07196132093667984
92221$_$11,Positive,Neutral,0.3333333432674408,0.15805208683013916,0.14367739856243134,0.5512637495994568,0.30505886673927307
92221$_$12,Neutral,Neutral,0.0,0.24070090055465698,0.04296756908297539,0.7120895981788635,0.2449428141117096
92221$_$18,Positive,Positive,1.0,0.8299645185470581,0.01762944832444191,0.22624990344047546,0.7561206221580505
92221$_$5,Positive,Positive,0.3333333432674408,1.3026390075683594,0.013129398226737976,0.19989553093910217,0.786975085735321
92331$_$20,Negative,Negative,-2.6666667461395264,-2.365814208984375,0.9927321076393127,0.005943503230810165,0.0013243965804576874
92331$_$21,Negative,Negative,-3.0,-1.786489725112915,0.9784455299377441,0.010599453933537006,0.010955050587654114
92331$_$22,Negative,Negative,-2.0,-1.0490930080413818,0.8265658617019653,0.10394849628210068,0.0694856196641922
92331$_$1,Positive,Positive,0.3333333432674408,0.8322594165802002,0.006038899999111891,0.21278682351112366,0.7811743021011353
92331$_$2,Negative,Negative,-2.6666667461395264,-1.4807183742523193,0.9152975678443909,0.06537342071533203,0.01932900957763195
92331$_$8,Negative,Negative,-1.6666666269302368,-0.37873584032058716,0.5391494631767273,0.32374948263168335,0.13710100948810577
92331$_$10,Negative,Negative,-0.6666666865348816,-0.769209623336792,0.7834283113479614,0.14347407221794128,0.07309757173061371
92331$_$18,Negative,Negative,-2.0,-2.1649653911590576,0.9935449361801147,0.004415437113493681,0.0020396998152136803
92521$_$0,Neutral,Neutral,0.0,0.480838418006897,0.0605693943798542,0.5951380133628845,0.344292551279068
92521$_$6,Positive,Positive,2.0,1.823162317276001,0.024283699691295624,0.08612990379333496,0.889586329460144
92533$_$7,Negative,Negative,-2.0,-1.520756721496582,0.9171696901321411,0.06658411771059036,0.016246262937784195
92533$_$6,Negative,Negative,-2.3333332538604736,-2.1561708450317383,0.9934179782867432,0.004242363851517439,0.002339763566851616
93821$_$1,Negative,Negative,-1.6666666269302368,-1.5650746822357178,0.9470265507698059,0.03951802849769592,0.013455430045723915
93821$_$7,Positive,Positive,1.3333333730697632,1.0264023542404175,0.03797784447669983,0.1500903069972992,0.811931848526001
93839$_$11,Negative,Negative,-2.0,-0.2929198145866394,0.7572919726371765,0.058407530188560486,0.18430045247077942
93839$_$1,Negative,Negative,-2.6666667461395264,-1.1711184978485107,0.8468292355537415,0.11483283340930939,0.03833797574043274
93839$_$7,Negative,Negative,-1.6666666269302368,-1.9919918775558472,0.990454375743866,0.005693551152944565,0.0038521147798746824
94215$_$1,Negative,Negative,-2.0,-2.0327048301696777,0.9915767908096313,0.0050596073269844055,0.003363476600497961
94983$_$11,Negative,Negative,-2.3333332538604736,-1.6932846307754517,0.9784952998161316,0.012325252406299114,0.009179417975246906
94983$_$6,Negative,Negative,-1.0,-2.155836820602417,0.9933738708496094,0.0048513696528971195,0.0017746934900060296
94ULum9MYX0$_$11,Neutral,Negative,0.0,-0.06495475769042969,0.48236483335494995,0.14221836626529694,0.3754168748855591
96099$_$3,Neutral,Neutral,0.0,0.1535925269126892,0.08652563393115997,0.7719447612762451,0.1415296345949173
96099$_$9,Negative,Negative,-2.3333332538604736,-2.132075071334839,0.993762195110321,0.004919141530990601,0.0013186110882088542
96179$_$13,Negative,Negative,-2.0,-2.3921661376953125,0.9961829781532288,0.0026161945424973965,0.0012007926125079393
96179$_$14,Negative,Negative,-1.0,-1.6135609149932861,0.9246749877929688,0.06752722710371017,0.0077978093177080154
96179$_$5,Negative,Negative,-1.0,-1.4905874729156494,0.962801992893219,0.02499494142830372,0.01220302376896143
96194$_$12,Negative,Negative,-0.6666666865348816,-1.0637178421020508,0.8972324132919312,0.0798402652144432,0.0229272972792387
96194$_$6,Negative,Negative,-1.3333333730697632,-1.0801231861114502,0.8509754538536072,0.1302666813135147,0.018757836893200874
96350$_$2,Neutral,Neutral,0.0,-0.1744498610496521,0.15252792835235596,0.6881955862045288,0.15927644073963165
96350$_$5,Negative,Negative,-2.0,-1.7995755672454834,0.9635571241378784,0.03064182959496975,0.005800995510071516
96350$_$7,Negative,Negative,-1.0,-0.770374596118927,0.6541790962219238,0.14469848573207855,0.2011224329471588
96350$_$9,Negative,Negative,-2.6666667461395264,-1.0397990942001343,0.9189301133155823,0.04421612247824669,0.03685373812913895
96350$_$8,Negative,Negative,-2.3333332538604736,-1.4862475395202637,0.8929030299186707,0.09002885222434998,0.017068147659301758
96361$_$4,Neutral,Neutral,0.0,0.12257632613182068,0.044881753623485565,0.7337352633476257,0.2213829755783081
96361$_$7,Positive,Positive,1.6666666269302368,0.35978490114212036,0.13567182421684265,0.4289819002151489,0.4353462755680084
96361$_$6,Positive,Positive,1.3333333730697632,0.9405229091644287,0.15258264541625977,0.17807281017303467,0.6693446040153503
96361$_$8,Negative,Negative,-0.6666666865348816,-0.8411874175071716,0.7470393776893616,0.20894017815589905,0.044020503759384155
97095$_$24,Positive,Negative,3.0,0.41147667169570923,0.4734346568584442,0.2650696337223053,0.2614957094192505
97095$_$20,Neutral,Neutral,0.0,0.0028311712667346,0.3624676764011383,0.48438122868537903,0.15315110981464386
97095$_$29,Positive,Positive,2.0,1.7121665477752686,0.010638329200446606,0.08415839821100235,0.9052032232284546
97095$_$0,Neutral,Neutral,0.0,0.23681962490081787,0.05933557450771332,0.6818830966949463,0.25878143310546875
97095$_$2,Neutral,Neutral,0.0,-0.30055704712867737,0.2546544373035431,0.6415125727653503,0.10383299738168716
97095$_$5,Neutral,Neutral,0.0,0.0289338119328022,0.23070240020751953,0.6934382319450378,0.07585933804512024
97095$_$11,Positive,Positive,2.6666667461395264,1.1250547170639038,0.03761989623308182,0.2682933807373047,0.6940867304801941
97095$_$17,Positive,Negative,0.6666666865348816,-0.22359168529510498,0.7007825374603271,0.15100902318954468,0.14820845425128937
97095$_$16,Neutral,Neutral,0.0,0.04070597141981125,0.22702647745609283,0.5999041795730591,0.17306938767433167
97095$_$33,Positive,Positive,1.6666666269302368,1.2051267623901367,0.05811662599444389,0.16922059655189514,0.7726627588272095
97095$_$32,Positive,Positive,0.6666666865348816,0.495796799659729,0.30153194069862366,0.31714096665382385,0.3813270628452301
97992$_$10,Positive,Positive,2.3333332538604736,1.6988744735717773,0.060978442430496216,0.058290768414735794,0.8807307481765747
97992$_$9,Negative,Negative,-0.6666666865348816,-1.4346281290054321,0.90473473072052,0.09062521904706955,0.004640053492039442
98187$_$11,Negative,Negative,-2.0,-1.8421515226364136,0.9795010685920715,0.014216401614248753,0.006282412447035313
98187$_$12,Negative,Negative,-1.0,-1.5832725763320923,0.9668079614639282,0.026031488552689552,0.007160546258091927
98187$_$1,Neutral,Neutral,0.0,0.39128679037094116,0.05487038195133209,0.5776405930519104,0.3674889802932739
98442$_$10,Negative,Negative,-0.6666666865348816,-0.44260841608047485,0.7126896977424622,0.11153259873390198,0.17577768862247467
984VkHzXl8w$_$7,Positive,Neutral,1.3333333730697632,0.758247971534729,0.03752973675727844,0.5241405367851257,0.4383297562599182
9BceQC_SdTM$_$3,Positive,Positive,0.3333333432674408,0.44850102066993713,0.09242934733629227,0.21805454790592194,0.6895161271095276
9BceQC_SdTM$_$6,Negative,Negative,-0.3333333432674408,-0.19844764471054077,0.4358275830745697,0.38252127170562744,0.18165116012096405
9K5mYSaoBL4$_$4,Positive,Negative,0.3333333432674408,0.27494463324546814,0.4320322573184967,0.13750648498535156,0.43046125769615173
9K5mYSaoBL4$_$9,Neutral,Positive,0.0,0.2628999948501587,0.14148347079753876,0.41056522727012634,0.4479512870311737
9Un1O2ypJmI$_$5,Positive,Positive,2.3333332538604736,1.1479380130767822,0.01747160218656063,0.12843523919582367,0.8540931344032288
9VZ4cpoTFbo$_$2,Neutral,Neutral,0.0,0.08470790833234787,0.3327922821044922,0.4674534797668457,0.1997542679309845
9VZ4cpoTFbo$_$5,Positive,Positive,1.0,0.8549332618713379,0.04149874672293663,0.12415232509374619,0.8343489766120911
9cSJglGi9Pg$_$6,Neutral,Positive,0.0,0.01653570681810379,0.2878360450267792,0.28976529836654663,0.4223986268043518
9cxlcpbmrH0$_$11,Positive,Negative,0.6666666865348816,-0.6991006135940552,0.8011413812637329,0.14305280148983002,0.05580582097172737
9dFEGb_RfwE$_$11,Neutral,Positive,0.0,0.5683685541152954,0.1196037009358406,0.29911404848098755,0.5812822580337524
9f6A3ucYArQ$_$3,Negative,Neutral,-1.6666666269302368,-0.017843050882220268,0.1997653990983963,0.6296719908714294,0.17056261003017426
9pdyTplXwM4$_$5,Positive,Positive,0.3333333432674408,0.5086066722869873,0.0397619791328907,0.46145814657211304,0.49877989292144775
9pzn93kdP_g$_$11,Positive,Neutral,0.3333333432674408,0.2607436776161194,0.06608374416828156,0.5161167979240417,0.41779953241348267
9pzn93kdP_g$_$17,Positive,Positive,1.6666666269302368,0.8303669691085815,0.026091765612363815,0.32938316464424133,0.6445250511169434
9pzn93kdP_g$_$3,Neutral,Neutral,0.0,0.2544795274734497,0.037464383989572525,0.8302745819091797,0.1322609782218933
9tX18DNC74w$_$4,Neutral,Negative,0.0,-0.43285512924194336,0.8246877789497375,0.12512876093387604,0.05018341541290283
9zWeMrfr-l0$_$0,Neutral,Positive,0.0,1.0406053066253662,0.016536591574549675,0.19777821004390717,0.7856851816177368
A4dzxgHDhF0$_$1,Neutral,Positive,0.0,0.568756103515625,0.12767815589904785,0.3708780109882355,0.5014438629150391
A8plGi4rbxM$_$4,Negative,Negative,-2.6666667461395264,-1.1804041862487793,0.9064450860023499,0.06557846069335938,0.02797640487551689
ABSC1JNdpTw$_$9,Positive,Positive,0.3333333432674408,0.15437789261341095,0.3086221516132355,0.2778119742870331,0.41356590390205383
ABSC1JNdpTw$_$11,Neutral,Neutral,0.0,0.12835493683815002,0.057668287307024,0.5078032612800598,0.4345284700393677
ADYia28RrFU$_$4,Positive,Positive,1.0,1.2370027303695679,0.007835926488041878,0.07459286600351334,0.9175711274147034
ADYia28RrFU$_$7,Positive,Positive,0.3333333432674408,1.3444604873657227,0.04306161403656006,0.024536609649658203,0.9324017763137817
ADYia28RrFU$_$9,Positive,Positive,1.0,1.3871487379074097,0.008748949505388737,0.08610734343528748,0.9051437377929688
ADYia28RrFU$_$8,Negative,Negative,-0.3333333432674408,-0.2165903002023697,0.7904767990112305,0.055037982761859894,0.15448515117168427
AGFgaKPzjMQ$_$2,Positive,Positive,0.6666666865348816,0.8795076608657837,0.07709729671478271,0.219054713845253,0.7038480043411255
AIPqRuTjI4E$_$14,Neutral,Neutral,0.0,0.1499049961566925,0.08197193592786789,0.6204249858856201,0.297603040933609
AIPqRuTjI4E$_$16,Neutral,Neutral,0.0,0.04463742673397064,0.07304303348064423,0.6081313490867615,0.3188255727291107
AKofHsmxa1I$_$6,Positive,Positive,2.3333332538604736,2.0336475372314453,0.0072687892243266106,0.019655125215649605,0.9730761051177979
APYv5s4ucd0$_$9,Positive,Positive,0.6666666865348816,0.40578705072402954,0.1778397560119629,0.21618306636810303,0.6059772372245789
AVScVfLgNmw$_$1,Neutral,Neutral,0.0,-0.2292611002922058,0.34713825583457947,0.4175899922847748,0.23527173697948456
AVScVfLgNmw$_$2,Positive,Positive,1.0,1.3625563383102417,0.014018042013049126,0.07818954437971115,0.9077923893928528
AepwIhSbAws$_$2,Negative,Negative,-1.3333333730697632,-0.6330500245094299,0.706461489200592,0.23322246968746185,0.060315947979688644
AggyS1coOb8$_$1,Positive,Positive,0.3333333432674408,0.4427485466003418,0.03541666269302368,0.45772233605384827,0.5068609714508057
AmGocfFQfVE$_$1,Negative,Negative,-0.3333333432674408,-0.09772589802742004,0.6289063096046448,0.17413337528705597,0.19696035981178284
AuPCZlKBzq8$_$11,Positive,Positive,1.3333333730697632,1.0614150762557983,0.011037366464734077,0.1058318242430687,0.8831308484077454
Az3e1Opu0LE$_$1,Neutral,Neutral,0.0,0.2952537536621094,0.08074641972780228,0.5759583711624146,0.3432951867580414
Az3e1Opu0LE$_$5,Neutral,Neutral,0.0,-0.24193280935287476,0.11799488961696625,0.6973738074302673,0.18463125824928284
BAi3ZJo5Vwg$_$11,Positive,Positive,0.6666666865348816,0.8265950679779053,0.014730628579854965,0.24995578825473785,0.7353136539459229
BAi3ZJo5Vwg$_$7,Neutral,Positive,0.0,0.6181477308273315,0.04406427964568138,0.4050357937812805,0.5508999228477478
BB_VwJSg3AI$_$6,Neutral,Neutral,0.0,0.0453670471906662,0.24018165469169617,0.5695834755897522,0.19023483991622925
BBoe8-HWPSw$_$4,Positive,Positive,0.3333333432674408,0.5544276237487793,0.21148402988910675,0.11493314802646637,0.6735828518867493
BBoe8-HWPSw$_$7,Positive,Positive,2.3333332538604736,1.5645215511322021,0.004782214295119047,0.04420267418026924,0.9510151743888855
BDCFV4EqHjY$_$1,Positive,Positive,0.3333333432674408,-0.0613628625869751,0.30736836791038513,0.3448723256587982,0.3477593660354614
BMhG11CXgww$_$5,Negative,Negative,-1.3333333730697632,-0.3160630166530609,0.6149529814720154,0.29556357860565186,0.08948344737291336
BRdw-_dbJXc$_$19,Positive,Neutral,0.6666666865348816,0.4704274535179138,0.024786576628684998,0.4906925559043884,0.4845208525657654
BRzjQHYWbSs$_$11,Neutral,Neutral,0.0,-0.020976565778255463,0.0875277891755104,0.5102483034133911,0.4022238850593567
BRzjQHYWbSs$_$15,Negative,Negative,-1.0,-0.11640554666519165,0.47027823328971863,0.22932036221027374,0.30040132999420166
BRzjQHYWbSs$_$16,Positive,Positive,1.0,0.7269644737243652,0.019118957221508026,0.2906685769557953,0.6902124881744385
BdqoZ5qpz0E$_$7,Positive,Positive,0.6666666865348816,0.29059088230133057,0.3092842102050781,0.3348305821418762,0.35588520765304565
BdqoZ5qpz0E$_$6,Negative,Negative,-0.3333333432674408,-0.07151360809803009,0.48896947503089905,0.4130065441131592,0.09802388399839401
BdqoZ5qpz0E$_$15,Positive,Negative,1.0,-0.06474863737821579,0.6960937976837158,0.18365952372550964,0.12024670839309692
Bf5owLv3X98$_$4,Positive,Neutral,0.3333333432674408,0.26292887330055237,0.1699482649564743,0.4799863398075104,0.35006535053253174
Bg-PA5KTjNs$_$1,Negative,Negative,-0.3333333432674408,-0.8214787244796753,0.9037058353424072,0.04331258684396744,0.05298151820898056
Bg-PA5KTjNs$_$3,Negative,Negative,-0.3333333432674408,-0.7559772729873657,0.9499775767326355,0.009429807774722576,0.040592629462480545
Bg-PA5KTjNs$_$6,Positive,Negative,1.3333333730697632,-0.5723410844802856,0.8545097708702087,0.060763537883758545,0.08472664654254913
Bg-PA5KTjNs$_$8,Positive,Positive,1.6666666269302368,1.6413227319717407,0.02977009117603302,0.03458217531442642,0.9356477856636047
BnWvk0YRgE4$_$0,Negative,Positive,-0.6666666865348816,0.6253836154937744,0.05667475610971451,0.31016668677330017,0.6331585645675659
Bo5IDtP8_Fk$_$11,Positive,Negative,1.0,-0.35011112689971924,0.8089985847473145,0.06561494618654251,0.12538649141788483
BseI8-TYWm8$_$1,Neutral,Neutral,0.0,0.5333099365234375,0.15722550451755524,0.5195389986038208,0.323235422372818
BseI8-TYWm8$_$2,Neutral,Neutral,0.0,0.28850477933883667,0.16890814900398254,0.48541831970214844,0.3456735610961914
BseI8-TYWm8$_$4,Positive,Positive,2.0,1.3582571744918823,0.02765580266714096,0.207617849111557,0.7647264003753662
BuPhjBayua8$_$7,Negative,Negative,-0.6666666865348816,-0.384108304977417,0.6490342020988464,0.24115140736103058,0.1098143681883812
BuPhjBayua8$_$6,Positive,Positive,0.6666666865348816,1.7654560804367065,0.003921617288142443,0.041075002402067184,0.9550033211708069
C03473pYcRM$_$7,Positive,Positive,0.3333333432674408,1.0498120784759521,0.03335345536470413,0.0941225215792656,0.8725240230560303
C3lDRFu1ZcI$_$1,Positive,Neutral,0.3333333432674408,0.3978305160999298,0.07673383504152298,0.6346421837806702,0.28862398862838745
C3lDRFu1ZcI$_$3,Positive,Positive,0.6666666865348816,0.6653299331665039,0.05615449324250221,0.3339456021785736,0.6098998785018921
CBYQDIqucxE$_$0,Positive,Positive,1.0,0.8997110724449158,0.01916186511516571,0.10729542374610901,0.8735427260398865
CE9yV4SearE$_$11,Positive,Neutral,0.3333333432674408,-0.3363053798675537,0.30021896958351135,0.5711168646812439,0.12866416573524475
CHh6hWo1AFE$_$2,Negative,Negative,-0.6666666865348816,-0.9425526857376099,0.9276062846183777,0.04726862162351608,0.025125062093138695
CIqRibqChDQ$_$0,Negative,Negative,-0.6666666865348816,-0.5129651427268982,0.5596641898155212,0.2516680657863617,0.18866778910160065
CIqRibqChDQ$_$8,Neutral,Positive,0.0,0.5455695390701294,0.031927984207868576,0.46568143367767334,0.5023905634880066
CK31s0kfp-k$_$16,Positive,Positive,0.6666666865348816,1.2616177797317505,0.007834753021597862,0.11394640058279037,0.8782188892364502
CL4hDu95Eqw$_$0,Positive,Positive,0.6666666865348816,0.8046389818191528,0.02979852445423603,0.23653627932071686,0.7336652278900146
CL4hDu95Eqw$_$3,Positive,Positive,2.6666667461395264,0.9441632032394409,0.0317058227956295,0.1324528157711029,0.8358414173126221
CLkTjujFVKU$_$12,Positive,Negative,0.6666666865348816,-0.07849232852458954,0.4869077801704407,0.22641009092330933,0.28668212890625
CLkTjujFVKU$_$0,Positive,Negative,1.0,0.008677905425429344,0.5508533716201782,0.1791638284921646,0.26998278498649597
CT7QOWbhfv4$_$3,Positive,Positive,2.0,0.7451128959655762,0.200790673494339,0.15423555672168732,0.6449738144874573
CVx494kExvc$_$2,Positive,Positive,0.6666666865348816,1.053674578666687,0.012140976265072823,0.10364989191293716,0.884209156036377
CVx494kExvc$_$6,Neutral,Positive,0.0,0.6840909719467163,0.01069143321365118,0.35407504439353943,0.6352335214614868
CVx494kExvc$_$15,Positive,Positive,0.6666666865348816,0.6461619138717651,0.03997957706451416,0.2671620547771454,0.6928583383560181
CVx494kExvc$_$8,Positive,Positive,0.6666666865348816,0.8230825066566467,0.010688744485378265,0.21421505510807037,0.7750961780548096
CXojk-oSaEw$_$2,Negative,Negative,-0.6666666865348816,-0.025021009147167206,0.5616836547851562,0.14212192595005035,0.2961944341659546
CZigX1ntOsI$_$3,Neutral,Negative,0.0,0.37362140417099,0.3898017406463623,0.3468806743621826,0.26331761479377747
Cb8ay6WtJuM$_$1,Positive,Positive,2.6666667461395264,1.3283510208129883,0.03372993320226669,0.20738741755485535,0.7588826417922974
Cb8ay6WtJuM$_$4,Positive,Positive,1.6666666269302368,2.324338674545288,0.0020067121367901564,0.007300684228539467,0.9906925559043884
Cd0JH1AreDw$_$5,Neutral,Neutral,0.0,0.15060770511627197,0.054759733378887177,0.6819878816604614,0.2632524073123932
CdB8QBhFccs$_$1,Positive,Neutral,0.3333333432674408,0.11989811807870865,0.13506712019443512,0.5179416537284851,0.34699124097824097
CdB8QBhFccs$_$2,Negative,Positive,-2.0,-0.04152453690767288,0.31614530086517334,0.3049537241458893,0.37890103459358215
CdB8QBhFccs$_$4,Negative,Negative,-1.0,-0.4747573733329773,0.7433423399925232,0.13163979351520538,0.1250178962945938
Ceu9AkIjuLY$_$13,Negative,Positive,-0.6666666865348816,0.6147910952568054,0.04688480123877525,0.3122316300868988,0.6408835649490356
Ceu9AkIjuLY$_$2,Positive,Positive,0.3333333432674408,0.3016786277294159,0.2542071044445038,0.35536834597587585,0.390424519777298
Ceu9AkIjuLY$_$4,Negative,Negative,-0.6666666865348816,-0.5938467979431152,0.616082489490509,0.29722264409065247,0.08669483661651611
Ceu9AkIjuLY$_$8,Negative,Negative,-1.0,-0.3414912223815918,0.6755196452140808,0.22648347914218903,0.09799691289663315
Cj7R36s4dbM$_$10,Positive,Positive,0.6666666865348816,1.772857427597046,0.009749341756105423,0.04363251477479935,0.9466181397438049
Ctc23Icfzvg$_$3,Neutral,Neutral,0.0,0.46288180351257324,0.014995642006397247,0.7406318187713623,0.24437254667282104
Ctc23Icfzvg$_$5,Neutral,Neutral,0.0,0.20003336668014526,0.0384158194065094,0.5961450338363647,0.36543911695480347
CvW0Mh1EWFA$_$3,Positive,Positive,1.0,1.636484146118164,0.009909392334520817,0.034890733659267426,0.9551998376846313
CzstrpOTtgo$_$4,Neutral,Positive,0.0,0.030298709869384766,0.29461199045181274,0.33464857935905457,0.37073948979377747
D5cQWqYcBAE$_$0,Neutral,Positive,0.0,0.48269838094711304,0.02640906721353531,0.3206181824207306,0.6529727578163147
D5cQWqYcBAE$_$2,Positive,Positive,1.3333333730697632,1.1057854890823364,0.01390065997838974,0.14691118896007538,0.8391881585121155
DEFDuYyc-Xw$_$7,Negative,Neutral,-0.3333333432674408,-0.05869247764348984,0.33557015657424927,0.47632646560668945,0.1881033480167389
DGeBPk1op3E$_$2,Neutral,Positive,0.0,0.45057186484336853,0.09879235178232193,0.3375728726387024,0.5636347532272339
DGeBPk1op3E$_$5,Positive,Positive,2.0,1.0646352767944336,0.014984202571213245,0.26403316855430603,0.7209826707839966
DQ7QKE3hzVg$_$1,Positive,Positive,0.3333333432674408,0.7696194648742676,0.05228986218571663,0.404705673456192,0.5430043935775757
DXQGngge7vU$_$4,Neutral,Neutral,0.0,-0.04613755643367767,0.10350608080625534,0.6405733823776245,0.25592055916786194
DZBpdzrMelA$_$3,Neutral,Negative,0.0,-0.7998192310333252,0.846295177936554,0.13344499468803406,0.020259922370314598
DZBpdzrMelA$_$5,Positive,Positive,1.0,0.7147061824798584,0.06079532951116562,0.1485493779182434,0.7906553149223328
DZIFCYOhosQ$_$5,Negative,Negative,-0.3333333432674408,-0.4341566562652588,0.8253082633018494,0.11135914921760559,0.06333258002996445
DZIFCYOhosQ$_$6,Neutral,Positive,0.0,0.5885949730873108,0.045370914041996,0.44299641251564026,0.5116326808929443
DaXkixKFEvE$_$4,Positive,Neutral,0.3333333432674408,0.24915580451488495,0.05624357983469963,0.6524103283882141,0.29134607315063477
DatH-ra0VKY$_$12,Positive,Positive,1.0,1.2540993690490723,0.016379237174987793,0.09798281639814377,0.8856379985809326
DatH-ra0VKY$_$3,Positive,Positive,0.6666666865348816,0.6322795748710632,0.12874023616313934,0.13854141533374786,0.7327183485031128
DatH-ra0VKY$_$4,Neutral,Positive,0.0,0.8719072937965393,0.020737938582897186,0.19927673041820526,0.7799853086471558
DbAppk7xT0Y$_$0,Positive,Negative,0.3333333432674408,0.4007875323295593,0.3707536458969116,0.31475600600242615,0.314490407705307
DfTMoqwMHVE$_$0,Positive,Positive,0.3333333432674408,0.6393336057662964,0.20192094147205353,0.2300839126110077,0.5679951310157776
DhXBaBOB4E8$_$5,Positive,Positive,0.6666666865348816,0.3783246874809265,0.23106354475021362,0.22723622620105743,0.5417003035545349
DiOw-w5LDJ0$_$1,Positive,Positive,1.0,0.9152635335922241,0.044608160853385925,0.1597246676683426,0.7956672310829163
DiOw-w5LDJ0$_$0,Positive,Positive,1.0,1.0984371900558472,0.010995931923389435,0.08810185641050339,0.900902271270752
Drhrzj1yhVs$_$8,Neutral,Positive,0.0,-0.026011500507593155,0.29554927349090576,0.3158392310142517,0.3886115550994873
Drhrzj1yhVs$_$5,Positive,Neutral,1.0,-0.14824700355529785,0.29352983832359314,0.48158302903175354,0.22488708794116974
Dws8ZrzF7xQ$_$7,Positive,Positive,0.3333333432674408,0.32880765199661255,0.0662863478064537,0.30224981904029846,0.6314638257026672
E0g6nae4Ae4$_$24,Positive,Negative,1.0,-0.5894782543182373,0.7812888026237488,0.1311250478029251,0.0875861868262291
E0g6nae4Ae4$_$22,Positive,Positive,0.6666666865348816,-0.1484476774930954,0.3464982807636261,0.3045954406261444,0.3489062488079071
E0g6nae4Ae4$_$23,Positive,Positive,1.3333333730697632,0.5128023624420166,0.053729183971881866,0.330658495426178,0.6156123280525208
E0g6nae4Ae4$_$1,Positive,Positive,0.3333333432674408,0.4536834955215454,0.06577165424823761,0.36972251534461975,0.5645058155059814
E0g6nae4Ae4$_$4,Positive,Positive,1.3333333730697632,0.6233954429626465,0.06363992393016815,0.4128035008907318,0.5235565304756165
E0g6nae4Ae4$_$8,Neutral,Positive,0.0,0.3063713312149048,0.043571632355451584,0.43978720903396606,0.5166411995887756
E0g6nae4Ae4$_$19,Positive,Neutral,1.3333333730697632,0.13773971796035767,0.27397385239601135,0.49958834052085876,0.2264377772808075
E0g6nae4Ae4$_$33,Positive,Positive,1.0,0.839606761932373,0.05356995761394501,0.10260312259197235,0.8438268899917603
E8L1Z71vKG8$_$3,Neutral,Positive,0.0,0.7762439846992493,0.144343301653862,0.2472427934408188,0.608413815498352
EEUGfVTyTQM$_$1,Positive,Positive,1.3333333730697632,0.707460880279541,0.02967594377696514,0.3362915813922882,0.6340325474739075
EHbZ2EeVags$_$1,Positive,Positive,1.3333333730697632,0.8596711158752441,0.04087128862738609,0.25424784421920776,0.7048808336257935
EJT25p7JahU$_$7,Negative,Negative,-1.3333333730697632,-0.5657949447631836,0.792111873626709,0.12210226058959961,0.0857858657836914
EJT25p7JahU$_$6,Positive,Positive,0.3333333432674408,0.38480210304260254,0.08138801157474518,0.29982608556747437,0.6187858581542969
EO_SN04Xef0$_$2,Positive,Positive,2.0,1.4029102325439453,0.0044101509265601635,0.12827114760875702,0.8673186302185059
EOkdFMw0pmk$_$11,Neutral,Neutral,0.0,0.6019757986068726,0.10206575691699982,0.6297926902770996,0.26814156770706177
EOkdFMw0pmk$_$9,Neutral,Negative,0.0,-0.541930079460144,0.6041017174720764,0.3454357981681824,0.05046245828270912
ERnYvxojeu0$_$1,Neutral,Neutral,0.0,-0.05898527801036835,0.13486160337924957,0.6428254246711731,0.22231300175189972
ERnYvxojeu0$_$2,Neutral,Positive,0.0,0.6263811588287354,0.032084107398986816,0.479434072971344,0.4884817898273468
ERnYvxojeu0$_$4,Positive,Positive,0.3333333432674408,0.31130868196487427,0.05926330387592316,0.4352439343929291,0.5054926872253418
EULEL3QhKD0$_$3,Positive,Positive,0.3333333432674408,0.44727545976638794,0.12114056944847107,0.41754859685897827,0.46131083369255066
E_ocLuUw-1I$_$1,Positive,Positive,0.5,1.112396478652954,0.014977764338254929,0.12130805104970932,0.8637141585350037
Ea_Huc2-lwo$_$2,Positive,Positive,1.6666666269302368,1.483966588973999,0.005039694719016552,0.04244719073176384,0.9525131583213806
Emi9cw9xa00$_$9,Negative,Positive,-1.0,0.43096625804901123,0.1916997730731964,0.2762867212295532,0.532013475894928
Emjv2cDzW1E$_$0,Neutral,Positive,0.0,0.5833654999732971,0.021279796957969666,0.30846062302589417,0.6702595353126526
EoC83JhkCAw$_$10,Positive,Positive,0.6666666865348816,0.8182448148727417,0.03890499845147133,0.24958597123622894,0.7115089893341064
EoC83JhkCAw$_$5,Positive,Positive,1.3333333730697632,1.4160927534103394,0.022154396399855614,0.0906105637550354,0.8872350454330444
EoC83JhkCAw$_$4,Positive,Positive,2.3333332538604736,1.1060638427734375,0.010387856513261795,0.17697644233703613,0.8126356601715088
EpadyoYlAjQ$_$0,Positive,Positive,0.3333333432674408,0.5965653657913208,0.00941837765276432,0.434291809797287,0.5562898516654968
ExDLNkDVsxY$_$4,Neutral,Positive,0.0,0.38008934259414673,0.318923681974411,0.22931674122810364,0.45175957679748535
ExDLNkDVsxY$_$6,Positive,Negative,0.3333333432674408,0.3150871992111206,0.44759926199913025,0.355960875749588,0.19643984735012054
F2M7WbPXRps$_$11,Positive,Positive,0.3333333432674408,0.897781252861023,0.03294747695326805,0.14997190237045288,0.8170806169509888
F2M7WbPXRps$_$12,Positive,Positive,0.3333333432674408,0.7457911968231201,0.019876966252923012,0.1554403007030487,0.8246827125549316
F4OhXQTMOEc$_$3,Negative,Negative,-1.3333333730697632,-1.086454153060913,0.9099247455596924,0.05926814675331116,0.0308071281760931
F59hwsm4Ld0$_$23,Positive,Positive,0.6666666865348816,0.5374511480331421,0.18384984135627747,0.23482529819011688,0.5813249349594116
F59hwsm4Ld0$_$49,Positive,Positive,1.0,0.575398862361908,0.01687762886285782,0.46264559030532837,0.520476758480072
F59hwsm4Ld0$_$0,Positive,Positive,1.6666666269302368,1.818838119506836,0.0036078717093914747,0.0409790575504303,0.9554131031036377
F59hwsm4Ld0$_$7,Positive,Positive,1.0,0.361697793006897,0.05043592303991318,0.4254406690597534,0.5241233706474304
F59hwsm4Ld0$_$6,Positive,Neutral,1.3333333730697632,0.5820615887641907,0.30375954508781433,0.3564183712005615,0.33982208371162415
F59hwsm4Ld0$_$11,Positive,Positive,1.0,0.8157514333724976,0.1884937435388565,0.1581854671239853,0.653320848941803
F59hwsm4Ld0$_$14,Negative,Negative,-0.6666666865348816,-0.72126305103302,0.8431676030158997,0.12134433537721634,0.0354880690574646
F59hwsm4Ld0$_$17,Positive,Positive,1.3333333730697632,0.5605477690696716,0.0687883272767067,0.38243135809898376,0.5487802624702454
F59hwsm4Ld0$_$16,Neutral,Neutral,0.0,0.39722365140914917,0.025267107412219048,0.7154862284660339,0.25924673676490784
F59hwsm4Ld0$_$36,Positive,Negative,1.0,0.13275179266929626,0.3596234619617462,0.3515375852584839,0.2888389527797699
F5SGdvSRJmo$_$10,Positive,Positive,1.0,1.106618046760559,0.016837725415825844,0.20751328766345978,0.7756489515304565
F5SGdvSRJmo$_$3,Positive,Positive,1.3333333730697632,0.8845012187957764,0.06275635957717896,0.2632825970649719,0.6739609837532043
F5SGdvSRJmo$_$7,Positive,Positive,2.0,0.9230301380157471,0.01272644940763712,0.4187752306461334,0.5684983134269714
F6Ci45lP5aA$_$0,Positive,Positive,0.6666666865348816,0.7282663583755493,0.01167269516736269,0.1528654396533966,0.8354619145393372
F8KE2ZhoUe4$_$16,Positive,Neutral,0.3333333432674408,0.3401183784008026,0.16355718672275543,0.4677463471889496,0.36869654059410095
F8KE2ZhoUe4$_$19,Positive,Positive,1.0,1.7582563161849976,0.0024870443157851696,0.026533938944339752,0.9709789752960205
F8KE2ZhoUe4$_$4,Positive,Positive,0.3333333432674408,0.8955486416816711,0.02629728429019451,0.20438745617866516,0.7693153023719788
F8KE2ZhoUe4$_$20,Positive,Positive,1.0,1.753332495689392,0.0040999529883265495,0.029556985944509506,0.966343104839325
FHlzZ2VxuGQ$_$13,Negative,Negative,-0.6666666865348816,-0.8425865173339844,0.8676464557647705,0.07833237200975418,0.05402109771966934
FHlzZ2VxuGQ$_$7,Positive,Positive,0.3333333432674408,0.2988271117210388,0.1935838907957077,0.20512554049491882,0.6012905836105347
FHlzZ2VxuGQ$_$9,Positive,Positive,1.0,1.4486688375473022,0.021271949633955956,0.07385678589344025,0.9048712253570557
FLyWn2DCci4$_$1,Positive,Positive,0.3333333432674408,1.0611536502838135,0.04197680205106735,0.1735295206308365,0.7844936847686768
FLyWn2DCci4$_$3,Neutral,Neutral,0.0,0.06936995685100555,0.253333181142807,0.5606143474578857,0.18605239689350128
FMW6diQ9rMo$_$4,Negative,Negative,-0.3333333432674408,-0.6595993638038635,0.8785715103149414,0.04479116573929787,0.0766373947262764
FMW6diQ9rMo$_$8,Negative,Negative,-0.3333333432674408,-0.4697716236114502,0.8306077718734741,0.03693563863635063,0.13245660066604614
FOMXt3lStco$_$1,Positive,Neutral,0.3333333432674408,0.28412511944770813,0.10419915616512299,0.5214473605155945,0.37435340881347656
FR0B64ID-hA$_$5,Negative,Negative,-0.6666666865348816,-0.2875196635723114,0.7757875919342041,0.1459387242794037,0.07827381044626236
FRKwvmrwrZA$_$24,Positive,Positive,0.3333333432674408,0.605536699295044,0.05645741522312164,0.4020579755306244,0.5414845943450928
FRKwvmrwrZA$_$22,Negative,Negative,-0.3333333432674408,-0.26181501150131226,0.7665756940841675,0.11580303311347961,0.1176212728023529
FX-YgVKC1AI$_$5,Positive,Neutral,0.6666666865348816,-0.36933431029319763,0.42111775279045105,0.47990891337394714,0.09897331148386002
FX-YgVKC1AI$_$7,Positive,Positive,1.3333333730697632,1.262923002243042,0.013409249484539032,0.1143275573849678,0.8722632527351379
FaHosBIr0xY$_$3,Positive,Positive,0.6666666865348816,1.1690113544464111,0.02244052290916443,0.08272717148065567,0.8948323130607605
FdTczBnXtYU$_$3,Positive,Positive,1.3333333730697632,0.9875478744506836,0.013992412947118282,0.13718152046203613,0.8488261103630066
FmIS69vB12I$_$13,Positive,Neutral,0.3333333432674408,0.35457751154899597,0.049127232283353806,0.5392933487892151,0.4115794003009796
FmIS69vB12I$_$0,Positive,Positive,1.0,0.9801981449127197,0.01144606713205576,0.26192912459373474,0.7266247868537903
FmIS69vB12I$_$3,Positive,Positive,0.3333333432674408,0.7475241422653198,0.0552336759865284,0.2419872134923935,0.7027791738510132
FmIS69vB12I$_$2,Neutral,Positive,0.0,0.5418719053268433,0.051165495067834854,0.3423472046852112,0.6064872741699219
FmIS69vB12I$_$7,Negative,Neutral,-0.6666666865348816,0.031055383384227753,0.07120927423238754,0.5956647396087646,0.3331259787082672
Fmwc7wkIc4Q$_$10,Neutral,Neutral,0.0,0.08825168013572693,0.1105918288230896,0.7467353343963623,0.14267288148403168
Fmwc7wkIc4Q$_$13,Positive,Neutral,0.3333333432674408,0.18883183598518372,0.20419801771640778,0.5956322550773621,0.20016977190971375
Fmwc7wkIc4Q$_$14,Neutral,Positive,0.0,0.4141940474510193,0.18915024399757385,0.3524903655052185,0.4583593010902405
FphtHpVV-7w$_$0,Negative,Negative,-1.0,-0.6635077595710754,0.8922168612480164,0.07476143538951874,0.033021628856658936
FphtHpVV-7w$_$3,Positive,Negative,0.6666666865348816,-0.34086018800735474,0.8990641832351685,0.040314849466085434,0.06062094867229462
FsmNLTdE2p0$_$0,Positive,Positive,0.3333333432674408,0.7976584434509277,0.026168886572122574,0.4840491712093353,0.4897818863391876
FvoZgWvc3gc$_$11,Positive,Positive,0.6666666865348816,0.5205646753311157,0.054165251553058624,0.38266944885253906,0.5631653070449829
FylhSeozvG8$_$3,Positive,Positive,1.0,1.3011707067489624,0.007632205728441477,0.170587420463562,0.8217803239822388
FylhSeozvG8$_$2,Negative,Negative,-0.3333333432674408,-0.14191384613513947,0.5617228746414185,0.290620893239975,0.1476561725139618
FylhSeozvG8$_$5,Positive,Positive,0.6666666865348816,0.7178396582603455,0.17445720732212067,0.22701452672481537,0.598528265953064
FylhSeozvG8$_$6,Negative,Negative,-1.3333333730697632,-1.8377737998962402,0.9779244065284729,0.017623718827962875,0.004451823886483908
G1Z_JUTgZqo$_$0,Neutral,Neutral,0.0,0.24181851744651794,0.018935881555080414,0.655580461025238,0.32548367977142334
G1Z_JUTgZqo$_$3,Neutral,Neutral,0.0,0.455105185508728,0.029027123004198074,0.599049985408783,0.37192291021347046
G1Z_JUTgZqo$_$2,Positive,Neutral,0.3333333432674408,0.5738383531570435,0.015022571198642254,0.5392162203788757,0.44576120376586914
G38DwNDQ8Cc$_$26,Negative,Neutral,-0.6666666865348816,0.2826755940914154,0.31012603640556335,0.4238407611846924,0.26603320240974426
G38DwNDQ8Cc$_$1,Negative,Negative,-1.6666666269302368,-0.8971803188323975,0.9006277322769165,0.05907105281949043,0.04030121490359306
G38DwNDQ8Cc$_$0,Neutral,Positive,0.0,0.9774007201194763,0.004873050842434168,0.1746426671743393,0.8204842209815979
G38DwNDQ8Cc$_$2,Negative,Positive,-1.0,0.5800124406814575,0.148019477725029,0.31967321038246155,0.5323072671890259
G38DwNDQ8Cc$_$5,Negative,Neutral,-0.3333333432674408,0.06607603281736374,0.2301313579082489,0.5147032141685486,0.2551653981208801
G4HMKRdIva0$_$10,Negative,Negative,-0.3333333432674408,-0.7381224632263184,0.9322015047073364,0.02857847884297371,0.039220087230205536
G4HMKRdIva0$_$18,Negative,Negative,-0.3333333432674408,0.39895009994506836,0.5552490949630737,0.077516570687294,0.36723434925079346
G4HMKRdIva0$_$15,Positive,Positive,1.0,1.6053447723388672,0.007275570183992386,0.05141108110547066,0.9413133263587952
G8p4QMjLUXI$_$7,Positive,Positive,0.3333333432674408,0.7994461059570312,0.14826561510562897,0.16103456914424896,0.6906997561454773
G8p4QMjLUXI$_$9,Positive,Positive,2.6666667461395264,0.49498438835144043,0.15730515122413635,0.37022969126701355,0.47246506810188293
GAY5ICoVnA8$_$12,Positive,Positive,1.0,0.7435450553894043,0.014811079017817974,0.3042030334472656,0.6809858679771423
GAY5ICoVnA8$_$3,Positive,Positive,0.6666666865348816,0.9358378648757935,0.01907653920352459,0.16776864230632782,0.8131547570228577
GAY5ICoVnA8$_$5,Positive,Positive,1.0,0.4893527030944824,0.033292610198259354,0.2641791105270386,0.7025282979011536
GCOFujDHDx0$_$10,Neutral,Positive,0.0,0.42783671617507935,0.0617070309817791,0.43750709295272827,0.5007858872413635
GCOFujDHDx0$_$2,Positive,Neutral,0.3333333432674408,0.11445748805999756,0.0767362043261528,0.6478890776634216,0.2753746807575226
GCOFujDHDx0$_$5,Negative,Positive,-0.3333333432674408,0.31980469822883606,0.20632107555866241,0.19982460141181946,0.5938543081283569
GCOFujDHDx0$_$9,Positive,Neutral,0.3333333432674408,0.3621433675289154,0.059032656252384186,0.6526243686676025,0.2883429527282715
GICVzJMDfv0$_$1,Positive,Positive,1.0,1.2412550449371338,0.01494644582271576,0.1330297589302063,0.8520237803459167
GJyzeK-Cn-0$_$6,Positive,Positive,0.6666666865348816,1.5607988834381104,0.00734330527484417,0.045801207423210144,0.9468554258346558
GMnoxaqqReQ$_$1,Neutral,Neutral,0.0,-0.3902696371078491,0.19478929042816162,0.6807026863098145,0.12450800836086273
GOj7TBcEA8E$_$3,Positive,Positive,1.3333333730697632,1.2833833694458008,0.004160789307206869,0.09105482697486877,0.9047843813896179
GOj7TBcEA8E$_$4,Neutral,Positive,0.0,1.0987693071365356,0.01398375816643238,0.10569635033607483,0.8803198933601379
GOj7TBcEA8E$_$8,Positive,Positive,1.0,0.25507742166519165,0.21130654215812683,0.32553964853286743,0.46315377950668335
GRFXnnrQaB4$_$0,Negative,Negative,-0.6666666865348816,-1.100036382675171,0.8752815127372742,0.1000080481171608,0.024710437282919884
GSnt_fW8qjI$_$4,Positive,Positive,0.6666666865348816,0.5656778812408447,0.1963261365890503,0.32450222969055176,0.47917160391807556
GTGtVdAuyRc$_$10,Positive,Positive,0.3333333432674408,0.6126939058303833,0.10698426514863968,0.41590315103530884,0.4771125316619873
GTGtVdAuyRc$_$0,Positive,Positive,0.3333333432674408,1.0317937135696411,0.008955064229667187,0.10154508054256439,0.889499843120575
GTGtVdAuyRc$_$5,Positive,Neutral,1.6666666269302368,0.6195175647735596,0.014527207240462303,0.5105069279670715,0.4749659299850464
GUffC7vu9zA$_$26,Positive,Neutral,0.3333333432674408,-0.17372536659240723,0.3481679856777191,0.4651370346546173,0.18669497966766357
GUffC7vu9zA$_$37,Positive,Positive,0.6666666865348816,0.6422790288925171,0.016580304130911827,0.30861473083496094,0.6748049259185791
GUffC7vu9zA$_$43,Positive,Positive,1.0,0.7449571490287781,0.07221104204654694,0.2171400934457779,0.7106489539146423
GUffC7vu9zA$_$41,Neutral,Neutral,0.0,-0.10894214361906052,0.3713061511516571,0.40931978821754456,0.21937398612499237
G_M3lYn6hAA$_$5,Positive,Positive,2.3333332538604736,1.4571481943130493,0.01078081876039505,0.04133819416165352,0.9478809237480164
GcfETVXgtg0$_$3,Positive,Positive,0.6666666865348816,1.2700556516647339,0.010947523638606071,0.1629546731710434,0.8260977268218994
Gg9ZcRlwnbc$_$14,Positive,Positive,0.6666666865348816,0.9268932938575745,0.019561301916837692,0.27347591519355774,0.7069627642631531
Gg9ZcRlwnbc$_$16,Neutral,Positive,0.0,0.6584342122077942,0.05290030315518379,0.32702890038490295,0.6200708150863647
GkoBk5K-FH0$_$21,Positive,Positive,1.6666666269302368,1.1464455127716064,0.16163788735866547,0.11302487552165985,0.7253372669219971
Gljee9uq_Rc$_$11,Negative,Negative,-0.3333333432674408,-0.8428253531455994,0.6881281733512878,0.23813390731811523,0.07373789697885513
Gljee9uq_Rc$_$12,Negative,Negative,-0.3333333432674408,-0.5298243165016174,0.811897337436676,0.10786804556846619,0.08023462444543839
Gljee9uq_Rc$_$16,Negative,Negative,-1.6666666269302368,-1.191013216972351,0.9312065839767456,0.0484045185148716,0.020388944074511528
Gljee9uq_Rc$_$6,Neutral,Neutral,0.0,0.09147903323173523,0.20791016519069672,0.3980939984321594,0.39399582147598267
Gmhi58erY6k$_$0,Neutral,Positive,0.0,0.8231139779090881,0.00914684496819973,0.40663403272628784,0.5842190980911255
GpRDC-S88dM$_$25,Positive,Positive,1.3333333730697632,0.5102461576461792,0.4078499972820282,0.04881845414638519,0.543331503868103
GpRDC-S88dM$_$1,Positive,Positive,0.6666666865348816,1.189302682876587,0.008443119004368782,0.059728510677814484,0.9318283796310425
GpRDC-S88dM$_$18,Positive,Positive,1.0,1.540483832359314,0.004366097040474415,0.05546378344297409,0.940170168876648
GtRxTvuF6J0$_$7,Positive,Positive,1.3333333730697632,1.4900753498077393,0.006830723024904728,0.07163700461387634,0.9215322732925415
Gv0kKbfwPpI$_$2,Neutral,Positive,0.0,1.159325361251831,0.02722787857055664,0.1377853900194168,0.834986686706543
H-AJ-grXvgQ$_$0,Positive,Positive,0.6666666865348816,0.04383097216486931,0.24582523107528687,0.3752259612083435,0.37894877791404724
H26MMmrHTlQ$_$7,Neutral,Neutral,0.0,0.5522638559341431,0.027137115597724915,0.6823626756668091,0.2905002534389496
H26MMmrHTlQ$_$8,Positive,Neutral,0.6666666865348816,0.5954935550689697,0.09882023185491562,0.5369501709938049,0.364229679107666
H4RysMUSQD8$_$7,Neutral,Positive,0.0,0.5275635123252869,0.08320368081331253,0.387141615152359,0.5296547412872314
H4w9mU8B3Mc$_$7,Positive,Neutral,0.6666666865348816,0.07803653925657272,0.047202374786138535,0.711266040802002,0.24153155088424683
HByf7qiO-Kg$_$3,Positive,Positive,0.6666666865348816,1.0318406820297241,0.015941090881824493,0.1251542717218399,0.8589046001434326
HIsJqphLCyw$_$1,Neutral,Negative,0.0,-0.3114379346370697,0.5291719436645508,0.3804798424243927,0.09034819900989532
HLFaW4oVP9E$_$13,Neutral,Negative,0.0,-0.3282102942466736,0.5676634311676025,0.2701737880706787,0.16216276586055756
HOCsiS0pmf0$_$2,Positive,Negative,0.6666666865348816,-0.4076359272003174,0.7268799543380737,0.129456028342247,0.14366409182548523
HQ2LwfRcrVc$_$11,Positive,Positive,2.3333332538604736,1.8064229488372803,0.00787309929728508,0.023242434486746788,0.9688845276832581
HQ2LwfRcrVc$_$8,Positive,Positive,1.0,0.4038499593734741,0.05428909882903099,0.3966091573238373,0.5491017699241638
HUH9BXVmAig$_$2,Positive,Positive,0.6666666865348816,1.286733865737915,0.0055967047810554504,0.07253111898899078,0.9218721389770508
HUOMbK1x7MI$_$6,Positive,Positive,0.6666666865348816,0.27764660120010376,0.07010868936777115,0.4312140643596649,0.4986773133277893
HVksxaUzv9Y$_$5,Neutral,Neutral,0.0,0.008744759485125542,0.19167155027389526,0.5150008201599121,0.2933276891708374
HXuRR2eBHHQ$_$2,Positive,Positive,3.0,1.9356210231781006,0.002430515829473734,0.024915173649787903,0.9726542830467224
Ha7DMd_iKyM$_$3,Positive,Positive,0.3333333432674408,0.5671800374984741,0.02907232940196991,0.24171505868434906,0.7292125821113586
Ha7DMd_iKyM$_$4,Neutral,Neutral,0.0,0.17177924513816833,0.33317795395851135,0.34061121940612793,0.3262108266353607
HgDdU_RB9UA$_$10,Positive,Positive,0.3333333432674408,1.048850178718567,0.028296958655118942,0.1275576800107956,0.8441452980041504
HgDdU_RB9UA$_$7,Positive,Positive,0.3333333432674408,0.6325035095214844,0.061262112110853195,0.2803230285644531,0.6584148406982422
HhpziYYP2Vg$_$16,Positive,Positive,1.0,0.8555867671966553,0.09378151595592499,0.1930641084909439,0.7131543755531311
Hkt_kncJGVM$_$2,Positive,Positive,0.6666666865348816,0.6869440078735352,0.03505970165133476,0.4479599893093109,0.5169802904129028
I--8nRKCkJI$_$4,Positive,Positive,1.0,1.3906257152557373,0.011445887386798859,0.09542351961135864,0.8931306600570679
I--8nRKCkJI$_$7,Positive,Positive,1.3333333730697632,0.9618567824363708,0.008242730982601643,0.13003523647785187,0.8617220520973206
I3SPlbTGuNc$_$5,Positive,Positive,2.3333332538604736,1.5575206279754639,0.007561019621789455,0.05006106570363045,0.9423779249191284
I5cS_TlV5B8$_$2,Positive,Positive,1.6666666269302368,1.5786609649658203,0.0031274945940822363,0.05931580811738968,0.9375566244125366
IB0lGIxP8YY$_$11,Negative,Positive,-0.6666666865348816,0.7092351913452148,0.1897924691438675,0.11898580193519592,0.6912217736244202
IB0lGIxP8YY$_$5,Negative,Negative,-0.6666666865348816,-0.3138507008552551,0.8183877468109131,0.06372084468603134,0.11789141595363617
IB0lGIxP8YY$_$8,Neutral,Negative,0.0,0.08958939462900162,0.569042980670929,0.11795452237129211,0.31300249695777893
ICeSewdyf34$_$5,Positive,Positive,1.6666666269302368,1.7376296520233154,0.0022217868827283382,0.020186228677630424,0.9775919318199158
ITQTVfk9Iqo$_$5,Negative,Positive,-0.3333333432674408,0.3716691732406616,0.18305909633636475,0.3839714229106903,0.43296948075294495
IW7IssCKgmI$_$9,Positive,Positive,0.6666666865348816,0.9125601053237915,0.09037160873413086,0.3683878779411316,0.5412404537200928
I_r2CP56toU$_$6,Positive,Positive,0.3333333432674408,1.0040299892425537,0.07975927740335464,0.1389303207397461,0.7813104391098022
IawsOlEKRf0$_$11,Negative,Negative,-0.6666666865348816,-0.48050013184547424,0.7904762029647827,0.11190066486597061,0.09762316197156906
IawsOlEKRf0$_$26,Negative,Negative,-0.6666666865348816,-0.7399924397468567,0.7963210344314575,0.06823153048753738,0.1354473978281021
IawsOlEKRf0$_$28,Positive,Positive,1.6666666269302368,1.272969365119934,0.017065100371837616,0.07663141936063766,0.9063034653663635
IawsOlEKRf0$_$3,Positive,Positive,1.3333333730697632,1.0446951389312744,0.04913885146379471,0.17129981517791748,0.7795612812042236
IawsOlEKRf0$_$5,Positive,Positive,1.0,1.5442533493041992,0.008566230535507202,0.04783172532916069,0.9436020255088806
IkvL4IAiZog$_$8,Positive,Positive,0.3333333432674408,0.16279199719429016,0.3498571217060089,0.14751385152339935,0.5026290416717529
IlgnbEdOhmI$_$9,Positive,Positive,0.6666666865348816,1.0548235177993774,0.0528690442442894,0.2350529283285141,0.7120780348777771
IlgnbEdOhmI$_$1,Positive,Positive,1.3333333730697632,1.316952109336853,0.005415188614279032,0.0830455794930458,0.9115392565727234
IsAtAzltJNM$_$6,Positive,Positive,1.0,1.1119914054870605,0.0142968175932765,0.23297740519046783,0.7527257800102234
IsAtAzltJNM$_$8,Positive,Negative,0.3333333432674408,-0.07074090093374252,0.47897374629974365,0.19108162820339203,0.3299447000026703
Itqbc2TBXWY$_$26,Positive,Positive,2.6666667461395264,1.7850487232208252,0.005020324606448412,0.027533110231161118,0.9674465656280518
Itqbc2TBXWY$_$23,Positive,Neutral,0.6666666865348816,0.43101587891578674,0.012709747068583965,0.5050519108772278,0.4822383522987366
Itqbc2TBXWY$_$1,Positive,Positive,0.6666666865348816,0.6499900221824646,0.03437867760658264,0.43679746985435486,0.5288237929344177
Itqbc2TBXWY$_$0,Neutral,Positive,0.0,0.85121750831604,0.019521256908774376,0.29083460569381714,0.6896441578865051
Itqbc2TBXWY$_$6,Positive,Neutral,0.3333333432674408,0.016997087746858597,0.07213722914457321,0.606100857257843,0.32176193594932556
Itqbc2TBXWY$_$13,Positive,Positive,0.3333333432674408,0.9351673126220703,0.03585420921444893,0.250702440738678,0.713443398475647
Itqbc2TBXWY$_$18,Positive,Positive,1.0,0.4695878028869629,0.02218015119433403,0.3800732493400574,0.5977466106414795
IwQWibE8EOM$_$3,Positive,Positive,1.6666666269302368,1.05438232421875,0.03325537592172623,0.09667200595140457,0.8700725436210632
Iz_PDdyXr-8$_$3,Neutral,Positive,0.0,0.4832914173603058,0.034510642290115356,0.28182461857795715,0.6836647391319275
J3-NEG8uoiE$_$11,Positive,Neutral,0.6666666865348816,0.42446595430374146,0.05588771775364876,0.8078616857528687,0.13625065982341766
J3-NEG8uoiE$_$1,Positive,Neutral,1.6666666269302368,0.5041221380233765,0.025539806112647057,0.640699028968811,0.3337612450122833
J3-NEG8uoiE$_$3,Positive,Neutral,1.0,0.42696475982666016,0.3263533413410187,0.38346752524375916,0.29017922282218933
J3JU1zBQ4RM$_$2,Positive,Positive,1.3333333730697632,0.9771608114242554,0.013788352720439434,0.19405359029769897,0.7921580076217651
J7UduuBfnrE$_$4,Neutral,Negative,0.0,-0.5157923102378845,0.6366329789161682,0.27933037281036377,0.08403665572404861
J7UduuBfnrE$_$7,Negative,Negative,-0.6666666865348816,-0.6512523889541626,0.6316984295845032,0.30371272563934326,0.06458882987499237
J7UduuBfnrE$_$6,Negative,Negative,-1.3333333730697632,-0.9571554660797119,0.9150192141532898,0.03037959896028042,0.05460111424326897
J7UduuBfnrE$_$8,Positive,Negative,1.0,-0.13078573346138,0.4217357337474823,0.26270267367362976,0.31556159257888794
JAbFsRxxnFo$_$0,Positive,Positive,1.0,1.7993171215057373,0.009200121276080608,0.04935375973582268,0.9414461255073547
JCg26b8EO48$_$4,Positive,Positive,0.6666666865348816,1.3633354902267456,0.015037210658192635,0.06197309494018555,0.9229896664619446
JCg26b8EO48$_$6,Positive,Positive,2.0,1.2605007886886597,0.0398762971162796,0.08345559239387512,0.8766680955886841
JDgqyOkzXHw$_$0,Positive,Positive,1.3333333730697632,0.34846386313438416,0.21619035303592682,0.3673814833164215,0.41642820835113525
JDgqyOkzXHw$_$7,Positive,Positive,0.6666666865348816,0.7297989130020142,0.26102015376091003,0.06892193108797073,0.6700579524040222
JDgqyOkzXHw$_$9,Positive,Positive,0.6666666865348816,0.661180853843689,0.1276853382587433,0.17881911993026733,0.693495512008667
JF-5nlUNx_g$_$20,Positive,Positive,1.3333333730697632,1.5800180435180664,0.0061855679377913475,0.052259016782045364,0.941555380821228
JF-5nlUNx_g$_$21,Positive,Positive,2.3333332538604736,0.4467371106147766,0.1935127079486847,0.16750362515449524,0.6389836668968201
JF-5nlUNx_g$_$2,Positive,Positive,1.0,0.6752451658248901,0.0094530638307333,0.29314669966697693,0.6974002718925476
JF-5nlUNx_g$_$5,Positive,Positive,0.3333333432674408,0.8710025548934937,0.10302142053842545,0.1812475174665451,0.7157310247421265
JF-5nlUNx_g$_$13,Positive,Negative,0.3333333432674408,-0.25766271352767944,0.5676615834236145,0.28393974900245667,0.14839865267276764
JF-5nlUNx_g$_$16,Positive,Positive,0.3333333432674408,0.6443773508071899,0.07575845718383789,0.35061877965927124,0.5736227631568909
JF-5nlUNx_g$_$18,Positive,Positive,1.0,0.6353216171264648,0.043760672211647034,0.230834499001503,0.7254048585891724
JGEEA_JVriE$_$0,Positive,Positive,1.0,1.0470023155212402,0.05542141571640968,0.08484766632318497,0.8597309589385986
JHW3nD6flgU$_$4,Positive,Positive,2.0,1.5664081573486328,0.004375788848847151,0.0757245272397995,0.9198997616767883
JHW3nD6flgU$_$8,Positive,Positive,1.0,1.135865330696106,0.00849013589322567,0.15244638919830322,0.8390635251998901
JLqBVj6f5gI$_$21,Positive,Positive,1.0,0.885272741317749,0.06324649602174759,0.09275323897600174,0.8440002799034119
JLqBVj6f5gI$_$17,Positive,Positive,1.3333333730697632,0.8028079271316528,0.042536333203315735,0.32958316802978516,0.6278805136680603
JLqBVj6f5gI$_$8,Positive,Positive,2.0,1.4450465440750122,0.010413494892418385,0.06199268251657486,0.9275938868522644
JMb18N7lQ0A$_$1,Neutral,Neutral,0.0,0.15728634595870972,0.08411240577697754,0.6432017683982849,0.27268579602241516
JMzilFvwNXE$_$4,Positive,Positive,0.6666666865348816,0.7617893218994141,0.025351887568831444,0.3430914580821991,0.6315566301345825
JP95Fby6qLE$_$23,Positive,Positive,2.3333332538604736,1.383382797241211,0.013116976246237755,0.08071902394294739,0.9061639308929443
JP95Fby6qLE$_$1,Positive,Positive,0.3333333432674408,0.5947128534317017,0.24943099915981293,0.23261183500289917,0.5179571509361267
JSlTJsUulH0$_$2,Negative,Neutral,-0.6666666865348816,0.40644311904907227,0.029748396947979927,0.527106761932373,0.4431447982788086
JW3OfSCZlhc$_$5,Positive,Positive,0.3333333432674408,0.8648052215576172,0.02586033195257187,0.48109862208366394,0.4930410385131836
JX-mwjSw0dk$_$8,Negative,Negative,-0.3333333432674408,-0.19036337733268738,0.6933141946792603,0.10743684321641922,0.1992490440607071
JYdfUNjyYxo$_$5,Positive,Positive,1.0,0.8894541263580322,0.0443008616566658,0.32428425550460815,0.6314148902893066
JYsAacFmXEo$_$11,Neutral,Positive,0.0,0.6025104522705078,0.02576562575995922,0.30150049924850464,0.6727339029312134
JYsAacFmXEo$_$17,Positive,Positive,1.6666666269302368,1.407038688659668,0.007045378442853689,0.04272555559873581,0.9502290487289429
J_DtcW86D9c$_$2,Positive,Positive,0.6666666865348816,0.603452205657959,0.021163195371627808,0.3347528576850891,0.6440839767456055
J_DtcW86D9c$_$9,Positive,Positive,0.3333333432674408,0.9789857864379883,0.008616948500275612,0.1136278435587883,0.8777551651000977
Ja7phs8EbWk$_$10,Positive,Positive,1.0,1.6696711778640747,0.019232874736189842,0.03296146169304848,0.947805643081665
Ja7phs8EbWk$_$6,Negative,Negative,-0.3333333432674408,-0.22648443281650543,0.7823118567466736,0.1826227754354477,0.03506533056497574
JcmqmLaL_MQ$_$7,Positive,Negative,0.3333333432674408,0.23399558663368225,0.541204571723938,0.20377767086029053,0.2550177574157715
JdFaSggG58c$_$5,Negative,Negative,-0.3333333432674408,-0.7141078114509583,0.8210041522979736,0.11037221550941467,0.06862363964319229
JdFaSggG58c$_$6,Neutral,Neutral,0.0,-0.19375763833522797,0.27638158202171326,0.3908555507659912,0.3327629268169403
Jh1uDYOJMwk$_$1,Positive,Positive,1.3333333730697632,0.9185605049133301,0.0172688290476799,0.17827031016349792,0.8044609427452087
Jh1uDYOJMwk$_$4,Negative,Negative,-1.6666666269302368,-0.32407858967781067,0.5211142897605896,0.3506464958190918,0.12823915481567383
JlmpDdm1A1Y$_$3,Positive,Positive,2.0,0.44839122891426086,0.06338032335042953,0.2911461293697357,0.6454735398292542
JvgofTcCSEc$_$15,Positive,Positive,0.3333333432674408,0.7248547077178955,0.0295268502086401,0.4087143838405609,0.5617586970329285
JvgofTcCSEc$_$19,Neutral,Neutral,0.0,-0.25121957063674927,0.24180138111114502,0.5715171098709106,0.18668152391910553
JwzxqrD8tIo$_$9,Positive,Negative,1.0,0.33670878410339355,0.48027917742729187,0.1359204202890396,0.3838003873825073
JzydLJw6y6o$_$14,Positive,Neutral,0.6666666865348816,0.41795316338539124,0.020710289478302002,0.610004186630249,0.36928558349609375
JzydLJw6y6o$_$0,Positive,Positive,2.0,0.9086875319480896,0.08206485956907272,0.32177668809890747,0.5961583852767944
JzydLJw6y6o$_$8,Neutral,Neutral,0.0,0.11718104779720306,0.2800986170768738,0.5082644820213318,0.21163694560527802
K5cGfs3i-tk$_$0,Positive,Positive,1.3333333730697632,-0.05337671935558319,0.1254342794418335,0.4084111452102661,0.4661545753479004
K62NK2KYhws$_$10,Positive,Positive,0.6666666865348816,0.747605562210083,0.014283085241913795,0.17346520721912384,0.8122517466545105
K62NK2KYhws$_$15,Positive,Positive,0.6666666865348816,1.0692051649093628,0.006442955695092678,0.13846664130687714,0.8550904393196106
K62NK2KYhws$_$3,Positive,Positive,1.3333333730697632,0.7396246194839478,0.032134588807821274,0.23332719504833221,0.7345381379127502
K62NK2KYhws$_$8,Positive,Positive,0.6666666865348816,1.450942873954773,0.004458637908101082,0.09251676499843597,0.9030245542526245
K7FiMf-Dmwo$_$2,Positive,Neutral,0.3333333432674408,0.22600117325782776,0.029179686680436134,0.5155944228172302,0.4552259147167206
K7KEtrgBkz4$_$9,Positive,Positive,1.0,1.1169666051864624,0.024057826027274132,0.1354249268770218,0.8405172824859619
K9-KyChw8RM$_$8,Negative,Negative,-0.3333333432674408,-0.11921042203903198,0.5649195313453674,0.32586729526519775,0.10921309143304825
K9U2TAF9DDY$_$6,Neutral,Neutral,0.0,0.11935172975063324,0.09486344456672668,0.6149040460586548,0.2902325391769409
K9faaGel838$_$0,Neutral,Positive,0.0,0.4895504117012024,0.058156512677669525,0.2323022186756134,0.7095412611961365
KD0w4BrNXQg$_$11,Negative,Negative,-1.3333333730697632,-0.6314838528633118,0.6541950106620789,0.2664963901042938,0.07930861413478851
KD0w4BrNXQg$_$7,Positive,Neutral,0.3333333432674408,0.16647420823574066,0.2484489232301712,0.5610535740852356,0.19049745798110962
KEUVzxC7T3E$_$4,Negative,Neutral,-0.3333333432674408,-0.4785614013671875,0.3834119737148285,0.5507655143737793,0.0658225491642952
KI2sU-mhM44$_$16,Positive,Positive,1.6666666269302368,0.801843523979187,0.15674126148223877,0.2098279744386673,0.6334307193756104
KLy4aBLqwCk$_$15,Positive,Positive,0.6666666865348816,0.907124400138855,0.026520278304815292,0.26041656732559204,0.7130631804466248
KLy4aBLqwCk$_$17,Positive,Positive,0.3333333432674408,1.1282727718353271,0.019711880013346672,0.15151086449623108,0.8287772536277771
KPeos6f4HuQ$_$6,Positive,Neutral,0.3333333432674408,0.3468770980834961,0.05123298987746239,0.5293025374412537,0.41946446895599365
KQ86HmgwUns$_$11,Positive,Neutral,0.3333333432674408,0.24813085794448853,0.1519801765680313,0.4359935224056244,0.4120262861251831
KR4MpF0YtgE$_$1,Positive,Positive,1.0,1.1775081157684326,0.031226079910993576,0.1416463404893875,0.8271275758743286
K_5u2Wh_wGk$_$5,Positive,Neutral,0.3333333432674408,-0.19116619229316711,0.19664254784584045,0.515571653842926,0.28778573870658875
Kep_mLLXsqk$_$3,Positive,Neutral,0.3333333432674408,0.09727636724710464,0.06618595868349075,0.7478362917900085,0.18597781658172607
Kep_mLLXsqk$_$7,Neutral,Positive,0.0,0.5713603496551514,0.043971024453639984,0.3783269226551056,0.5777020454406738
Kmtib-wZ0jM$_$0,Negative,Negative,-1.6666666269302368,-1.1958688497543335,0.9655802845954895,0.019519157707691193,0.014900609850883484
L0WUuWYNeCo$_$26,Positive,Positive,1.3333333730697632,0.5033323168754578,0.18126054108142853,0.272971510887146,0.5457680225372314
L0WUuWYNeCo$_$27,Positive,Positive,0.3333333432674408,0.49493756890296936,0.28816866874694824,0.1898009479045868,0.5220303535461426
L0WUuWYNeCo$_$2,Positive,Positive,0.3333333432674408,0.28352123498916626,0.3253649175167084,0.2720191776752472,0.40261590480804443
L0WUuWYNeCo$_$5,Neutral,Positive,0.0,0.8104971647262573,0.1377336084842682,0.21390493214130402,0.6483614444732666
L0WUuWYNeCo$_$8,Neutral,Positive,0.0,0.8057096004486084,0.08149581402540207,0.13211502134799957,0.7863891124725342
L0WUuWYNeCo$_$11,Negative,Negative,-1.0,0.2510896921157837,0.5930303931236267,0.106486976146698,0.3004826307296753
L0WUuWYNeCo$_$10,Positive,Positive,1.3333333730697632,0.9867845773696899,0.0913904532790184,0.12314128130674362,0.7854682803153992
L2uC4_Co9uw$_$0,Positive,Positive,2.0,0.5345396995544434,0.09083522856235504,0.27809473872184753,0.6310700178146362
L382XZ6iZmM$_$7,Negative,Negative,-0.3333333432674408,0.1879187375307083,0.5934260487556458,0.19197972118854523,0.2145942747592926
L5a2ijeWpUI$_$4,Negative,Negative,-0.3333333432674408,-0.45599639415740967,0.658806562423706,0.2609962522983551,0.08019720762968063
L6pg3DQKoH4$_$0,Positive,Positive,0.6666666865348816,0.9714451432228088,0.012731778435409069,0.14653988182544708,0.8407282829284668
LHC7ZKJy4Zw$_$1,Positive,Positive,1.6666666269302368,1.5039507150650024,0.008294178172945976,0.08788636326789856,0.9038195013999939
LUKIYWa0UGA$_$7,Positive,Positive,1.0,0.9277104139328003,0.020832307636737823,0.4819931983947754,0.49717459082603455
LUf9vbe0TcQ$_$1,Positive,Positive,1.6666666269302368,1.2144975662231445,0.009739500470459461,0.13087302446365356,0.8593874573707581
LX2rT5C3sJs$_$5,Positive,Positive,0.3333333432674408,0.9435144066810608,0.006336377002298832,0.14139042794704437,0.852273166179657
LX2rT5C3sJs$_$6,Positive,Positive,1.6666666269302368,1.1918590068817139,0.006749286781996489,0.07417963445186615,0.9190710783004761
LZl9Sj1safM$_$0,Positive,Positive,0.3333333432674408,0.6323617696762085,0.2586900293827057,0.13113076984882355,0.6101791858673096
L_XttWZBKss$_$3,Positive,Neutral,0.6666666865348816,0.5660865306854248,0.03499506413936615,0.48719322681427,0.47781166434288025
LityRNuQihc$_$13,Neutral,Neutral,0.0,0.7393081188201904,0.04194488748908043,0.5340908169746399,0.42396432161331177
LityRNuQihc$_$1,Positive,Positive,0.6666666865348816,0.6416363716125488,0.07537076622247696,0.38477954268455505,0.5398496985435486
LityRNuQihc$_$2,Neutral,Neutral,0.0,0.4729098379611969,0.11626200377941132,0.6380667686462402,0.24567128717899323
LityRNuQihc$_$5,Negative,Negative,-0.3333333432674408,-0.7099841237068176,0.9000274538993835,0.06790557503700256,0.03206702694296837
LpbSYaPRTqI$_$1,Positive,Neutral,0.3333333432674408,0.2577839493751526,0.02078706957399845,0.5755112171173096,0.40370163321495056
LppEvM60-xo$_$9,Positive,Positive,1.3333333730697632,0.6702162027359009,0.04635210335254669,0.1872217059135437,0.766426146030426
Lxs_6Tvq12E$_$3,Positive,Positive,2.0,0.8852052688598633,0.1133088693022728,0.11110891401767731,0.7755821943283081
M2Pb2kx77ww$_$8,Negative,Negative,-1.0,0.03539947047829628,0.4190443754196167,0.24813036620616913,0.3328252136707306
M2Pb2kx77ww$_$35,Negative,Negative,-0.3333333432674408,-0.16563647985458374,0.4680517017841339,0.37435802817344666,0.15759029984474182
MBDZbACupsc$_$11,Negative,Negative,-0.3333333432674408,-0.30754542350769043,0.7968995571136475,0.12262234091758728,0.08047812432050705
MBDZbACupsc$_$7,Negative,Neutral,-0.3333333432674408,-0.2217877060174942,0.2709340751171112,0.624325692653656,0.10474023967981339
MCRCXXPqFOI$_$2,Neutral,Neutral,0.0,0.09573084115982056,0.048354100435972214,0.6385245323181152,0.3131214380264282
MFrwi-RibUk$_$13,Positive,Positive,0.3333333432674408,0.17730587720870972,0.016253529116511345,0.47784242033958435,0.5059040188789368
MFrwi-RibUk$_$0,Positive,Positive,2.0,1.254435658454895,0.004284894093871117,0.1862419992685318,0.8094730973243713
MFrwi-RibUk$_$6,Positive,Positive,2.0,1.275646686553955,0.019106917083263397,0.07003172487020493,0.9108613729476929
MIuJDn_0yVU$_$3,Negative,Negative,-0.6666666865348816,-0.09414340555667877,0.7144066095352173,0.12251909077167511,0.1630743443965912
MJnc4GUhUuY$_$3,Positive,Negative,1.0,0.1635410487651825,0.42022037506103516,0.25488340854644775,0.3248962163925171
MJnc4GUhUuY$_$4,Positive,Positive,1.0,1.1080784797668457,0.012357551604509354,0.11775457113981247,0.8698878884315491
MJnc4GUhUuY$_$9,Positive,Positive,0.6666666865348816,0.4497067928314209,0.04453357309103012,0.3621631860733032,0.5933032631874084
MKShLlJ7X7g$_$1,Positive,Positive,1.6666666269302368,1.9055538177490234,0.007121591828763485,0.01944701187312603,0.9734313488006592
MKShLlJ7X7g$_$2,Positive,Positive,1.3333333730697632,0.8345203399658203,0.03567734733223915,0.1969902068376541,0.7673324346542358
MMaEsDdBsvM$_$0,Positive,Positive,2.0,1.9303747415542603,0.004980260971933603,0.02005835436284542,0.9749614000320435
MNXBOeiPhec$_$2,Positive,Positive,0.6666666865348816,0.9470935463905334,0.026783566921949387,0.13829408586025238,0.8349223136901855
MNXBOeiPhec$_$7,Positive,Positive,1.0,0.8630220890045166,0.019436145201325417,0.12977111339569092,0.8507927656173706
MOfEl_1dh-g$_$4,Negative,Negative,-0.3333333432674408,-0.7380910515785217,0.8928728103637695,0.05049782991409302,0.05662931129336357
MPRqaQqrd9Y$_$7,Neutral,Neutral,0.0,0.09749634563922882,0.11845894157886505,0.5040502548217773,0.3774908483028412
MTU_thei3-c$_$8,Negative,Neutral,-0.3333333432674408,0.09063607454299927,0.24196818470954895,0.42416539788246155,0.3338663578033447
MWCNzYUCys0$_$0,Neutral,Positive,0.0,0.733295202255249,0.013513974845409393,0.3015749156475067,0.6849111318588257
MZoLQD83R-4$_$5,Negative,Negative,-1.0,-0.512538492679596,0.7244384288787842,0.13705003261566162,0.13851147890090942
MZoLQD83R-4$_$8,Neutral,Positive,0.0,0.3396228551864624,0.11379387229681015,0.389422744512558,0.49678340554237366
MbpPBLUjpV4$_$16,Positive,Neutral,0.3333333432674408,0.4205157160758972,0.059298109263181686,0.511186420917511,0.4295154809951782
MbpPBLUjpV4$_$0,Positive,Positive,1.0,0.8301174640655518,0.0200567077845335,0.449741929769516,0.5302013754844666
MnFRVJtHAeo$_$0,Positive,Negative,0.3333333432674408,-0.11221364140510559,0.5610594749450684,0.1866147518157959,0.25232577323913574
MroQfGehC84$_$1,Positive,Positive,1.0,0.693123459815979,0.02327566035091877,0.3445359170436859,0.6321884393692017
MsjnLoTKAXo$_$0,Neutral,Neutral,0.0,0.2618870735168457,0.02496746927499771,0.6697028875350952,0.30532965064048767
MsjnLoTKAXo$_$2,Positive,Positive,1.3333333730697632,1.161985993385315,0.01189865730702877,0.13477247953414917,0.8533288240432739
MsjnLoTKAXo$_$5,Positive,Positive,0.3333333432674408,1.6320923566818237,0.007128606084734201,0.030310725793242455,0.9625605940818787
MvFFYObY9A8$_$2,Positive,Positive,1.0,0.45805585384368896,0.24573104083538055,0.33102312684059143,0.4232458770275116
Mw4EZYZAd9c$_$5,Positive,Positive,1.0,1.285440444946289,0.018369946628808975,0.06826405227184296,0.9133659601211548
MyfRrTjglm8$_$1,Positive,Positive,0.6666666865348816,1.041519045829773,0.03484621271491051,0.2145220935344696,0.7506316900253296
MyfRrTjglm8$_$0,Negative,Negative,-0.6666666865348816,-0.12217214703559875,0.6395560503005981,0.19970279932022095,0.16074110567569733
MyfRrTjglm8$_$2,Positive,Positive,0.6666666865348816,1.2307178974151611,0.006909217219799757,0.1783456653356552,0.8147451877593994
N0pKIn6VhOw$_$2,Positive,Neutral,1.3333333730697632,0.556810736656189,0.018660984933376312,0.550109326839447,0.43122971057891846
N3QuD26DuCI$_$1,Positive,Neutral,1.0,0.6990306377410889,0.07624704390764236,0.4672076106071472,0.45654532313346863
N3QuD26DuCI$_$0,Negative,Negative,-1.0,-0.5799310207366943,0.7771382927894592,0.1795414239168167,0.04332025721669197
N3QuD26DuCI$_$2,Positive,Neutral,0.6666666865348816,0.3800155520439148,0.13711653649806976,0.5398826599121094,0.32300081849098206
N3QuD26DuCI$_$5,Positive,Positive,1.0,1.1964099407196045,0.01839490793645382,0.22650207579135895,0.7551030516624451
N7tS7A0WWpM$_$1,Negative,Negative,-0.6666666865348816,-0.8630051612854004,0.8749378323554993,0.09700369834899902,0.028058497235178947
N7tS7A0WWpM$_$3,Negative,Negative,-0.6666666865348816,-0.41823190450668335,0.5221125483512878,0.3887792229652405,0.08910824358463287
NCJTV5KaJJc$_$1,Positive,Positive,1.0,0.45532768964767456,0.1373146027326584,0.2149164080619812,0.6477689743041992
NCJTV5KaJJc$_$9,Positive,Positive,2.0,1.541117548942566,0.020473290234804153,0.03310586139559746,0.9464208483695984
NG7QLq4XlWo$_$15,Positive,Positive,1.0,1.3496735095977783,0.007802746258676052,0.1052432432770729,0.8869540095329285
NG7QLq4XlWo$_$1,Positive,Positive,0.3333333432674408,0.8754603266716003,0.02328655868768692,0.21258631348609924,0.7641271352767944
NG7QLq4XlWo$_$3,Positive,Positive,0.6666666865348816,1.0047497749328613,0.02487584576010704,0.14077633619308472,0.8343477845191956
NG7QLq4XlWo$_$5,Positive,Positive,2.0,1.177597999572754,0.0058161672204732895,0.15761123597621918,0.8365725874900818
NKindd5Xn3s$_$4,Neutral,Neutral,0.0,0.1460268646478653,0.18901827931404114,0.6101853847503662,0.20079632103443146
NOl0v54DaXo$_$10,Positive,Neutral,1.0,0.44153714179992676,0.05115284025669098,0.49563613533973694,0.4532110095024109
NOl0v54DaXo$_$3,Negative,Neutral,-1.6666666269302368,0.23600199818611145,0.22483313083648682,0.40767186880111694,0.36749497056007385
NSihgq4R8Z0$_$2,Negative,Negative,-1.0,-0.5191296339035034,0.7163667678833008,0.1679983288049698,0.11563492566347122
NSihgq4R8Z0$_$16,Neutral,Positive,0.0,0.47759997844696045,0.22933529317378998,0.18278764188289642,0.5878771543502808
NYuY6HVjMZQ$_$1,Positive,Positive,2.0,0.9829821586608887,0.032259441912174225,0.15878042578697205,0.8089600801467896
NYuY6HVjMZQ$_$6,Neutral,Neutral,0.0,0.02613682672381401,0.32077842950820923,0.49378982186317444,0.18543174862861633
Na6170hd8po$_$11,Positive,Positive,0.6666666865348816,0.7982708215713501,0.022188514471054077,0.26312828063964844,0.7146831750869751
NkbRuTJaj_M$_$18,Positive,Positive,1.6666666269302368,1.4536759853363037,0.011989275924861431,0.14813296496868134,0.839877724647522
O0Nn-5UkfoA$_$2,Negative,Neutral,-0.3333333432674408,0.16797395050525665,0.20194414258003235,0.39965811371803284,0.3983977735042572
O2CEvvYWWbU$_$10,Positive,Positive,0.3333333432674408,0.8456258773803711,0.08449098467826843,0.1929750144481659,0.7225340008735657
O3whFU2lAAk$_$8,Positive,Negative,0.3333333432674408,-0.2420007586479187,0.5993649363517761,0.18049976229667664,0.22013527154922485
O3whFU2lAAk$_$2,Positive,Positive,0.3333333432674408,0.9001013040542603,0.02898353338241577,0.16903331875801086,0.801983118057251
O3whFU2lAAk$_$5,Positive,Positive,0.3333333432674408,0.6840858459472656,0.22422850131988525,0.25862225890159607,0.5171492099761963
O3whFU2lAAk$_$11,Positive,Positive,2.0,1.346636414527893,0.05762369558215141,0.05360538884997368,0.8887708783149719
O8IJh_L0EfM$_$5,Positive,Positive,1.0,0.8824934959411621,0.01785685308277607,0.2884805500507355,0.6936625838279724
OAV6KKf60bQ$_$10,Positive,Neutral,0.3333333432674408,0.2123863697052002,0.11009017378091812,0.5556419491767883,0.33426782488822937
OAV6KKf60bQ$_$0,Positive,Positive,0.3333333432674408,0.22671440243721008,0.11770762503147125,0.298473060131073,0.5838193297386169
OAV6KKf60bQ$_$6,Neutral,Negative,0.0,-0.4399106502532959,0.6606386303901672,0.25974240899086,0.07961894571781158
OBaMn1-x7jQ$_$7,Positive,Positive,1.3333333730697632,0.6368609666824341,0.02963305450975895,0.46682673692703247,0.5035402774810791
OEOkmrKvTUo$_$0,Positive,Positive,0.6666666865348816,1.0816141366958618,0.00950835645198822,0.18735095858573914,0.8031406998634338
OEOkmrKvTUo$_$6,Positive,Positive,0.6666666865348816,0.7705441117286682,0.018801333382725716,0.30138975381851196,0.6798089146614075
OEesmAnTpeA$_$10,Negative,Positive,-0.3333333432674408,0.38954949378967285,0.31476330757141113,0.3337385654449463,0.3514981269836426
OFBc3z99bIc$_$12,Positive,Positive,0.3333333432674408,1.066674828529358,0.013916229829192162,0.17977654933929443,0.8063072562217712
OFBc3z99bIc$_$15,Negative,Positive,-0.3333333432674408,0.12400844693183899,0.39350777864456177,0.20054243505001068,0.40594977140426636
OFBc3z99bIc$_$14,Positive,Positive,0.6666666865348816,0.8806970119476318,0.08676113188266754,0.25198057293891907,0.661258339881897
OGXUtVG0Y9w$_$1,Positive,Positive,2.0,1.255804181098938,0.06819479167461395,0.07956310361623764,0.852242112159729
OHWyYVux-yw$_$10,Positive,Positive,1.3333333730697632,1.297523856163025,0.008391371928155422,0.1762336641550064,0.8153749704360962
OHWyYVux-yw$_$14,Positive,Positive,0.6666666865348816,0.9665908813476562,0.011593624018132687,0.12760844826698303,0.8607980012893677
OHWyYVux-yw$_$18,Positive,Positive,1.3333333730697632,1.1725170612335205,0.020143505185842514,0.07789299637079239,0.9019635319709778
OHWyYVux-yw$_$2,Positive,Positive,1.6666666269302368,0.35230380296707153,0.2109469324350357,0.2210502326488495,0.5680028200149536
OKSx1zxHGpQ$_$5,Positive,Neutral,1.0,0.015524286776781082,0.05368863046169281,0.7841064929962158,0.16220484673976898
OKSx1zxHGpQ$_$4,Positive,Positive,1.0,0.6846363544464111,0.01926799677312374,0.43667930364608765,0.54405277967453
OKSx1zxHGpQ$_$8,Negative,Negative,-0.3333333432674408,-1.0854573249816895,0.912850022315979,0.06076492369174957,0.026385122910141945
OKSx1zxHGpQ$_$15,Positive,Positive,1.3333333730697632,0.9883146286010742,0.034861043095588684,0.22685755789279938,0.7382814288139343
OKSx1zxHGpQ$_$16,Positive,Positive,0.3333333432674408,0.5505896806716919,0.08512432128190994,0.24761460721492767,0.6672611236572266
OKSx1zxHGpQ$_$19,Neutral,Neutral,0.0,0.47775495052337646,0.016348987817764282,0.6878179311752319,0.29583311080932617
OOh1_ffKOKk$_$2,Positive,Neutral,0.6666666865348816,0.2512069642543793,0.322253555059433,0.34364113211631775,0.33410531282424927
OPXmk49KyiU$_$1,Neutral,Positive,0.0,0.9817706346511841,0.02171592228114605,0.18663491308689117,0.7916492223739624
OSyKmOye5Uo$_$4,Positive,Positive,0.6666666865348816,0.8301255702972412,0.0439535416662693,0.17601603269577026,0.7800304293632507
O_fTDhCtAhw$_$8,Positive,Positive,0.3333333432674408,0.3788613975048065,0.0613849014043808,0.3523114323616028,0.5863037109375
O_fTDhCtAhw$_$7,Neutral,Positive,0.0,0.599923849105835,0.07682967185974121,0.3125559985637665,0.6106142997741699
O_fTDhCtAhw$_$6,Neutral,Neutral,0.0,0.1498672515153885,0.059803254902362823,0.5799469351768494,0.36024969816207886
Ob8vPQCPDX0$_$1,Positive,Positive,1.3333333730697632,1.4289963245391846,0.0051700659096241,0.09858889132738113,0.8962410092353821
Ob8vPQCPDX0$_$2,Positive,Positive,2.0,1.5693093538284302,0.017762107774615288,0.11321467161178589,0.8690232038497925
OcqJx_cRc3Y$_$2,Negative,Neutral,-0.3333333432674408,0.14504480361938477,0.1797110140323639,0.46855857968330383,0.3517303466796875
OdKp0hYomgs$_$10,Positive,Positive,3.0,1.381652593612671,0.018221348524093628,0.22613489627838135,0.7556437253952026
OdKp0hYomgs$_$3,Positive,Positive,1.6666666269302368,1.7425227165222168,0.014233549125492573,0.10308993607759476,0.8826764822006226
Oj3XwBBrzXc$_$1,Neutral,Neutral,0.0,0.4160384237766266,0.03194889798760414,0.5329317450523376,0.4351194202899933
Op3CnqRLD9w$_$3,Positive,Positive,0.6666666865348816,0.9857685565948486,0.02571811154484749,0.09822384268045425,0.876058042049408
OwYfPi9St0w$_$1,Neutral,Neutral,0.0,0.4914655089378357,0.03038433939218521,0.6016884446144104,0.3679271638393402
OxyQSJMvWBo$_$11,Negative,Negative,-1.0,-1.5314995050430298,0.9547688961029053,0.030394289642572403,0.014836936257779598
OxyQSJMvWBo$_$13,Negative,Neutral,-0.3333333432674408,-0.007360346615314484,0.24885736405849457,0.441840261220932,0.30930227041244507
OxyQSJMvWBo$_$12,Negative,Negative,-1.0,-0.28265416622161865,0.7334097623825073,0.15273736417293549,0.11385290324687958
P0WaXnH37uI$_$5,Neutral,Positive,0.0,0.6678838729858398,0.15386417508125305,0.30342769622802734,0.5427080988883972
P0WaXnH37uI$_$4,Positive,Neutral,0.3333333432674408,0.4933057129383087,0.13030850887298584,0.5428778529167175,0.326813668012619
P35dyIit1yM$_$4,Positive,Positive,0.6666666865348816,0.9885379076004028,0.02734234184026718,0.1339150369167328,0.8387426137924194
P4qxfjZlIrY$_$4,Positive,Positive,0.3333333432674408,0.600860595703125,0.009879210032522678,0.21106943488121033,0.7790513038635254
P4qxfjZlIrY$_$6,Positive,Positive,0.3333333432674408,0.8461167812347412,0.0082441670820117,0.22879162430763245,0.7629641890525818
PANWQeBKStk$_$0,Positive,Positive,1.0,1.2494072914123535,0.008121926337480545,0.07531435787677765,0.9165636897087097
PGBrZLC15yA$_$0,Positive,Positive,2.6666667461395264,1.2725385427474976,0.019119583070278168,0.15385782718658447,0.8270225524902344
PHJ8eybXJdw$_$5,Neutral,Neutral,0.0,0.0026002891827374697,0.1539805382490158,0.6198087334632874,0.22621066868305206
PMH4mdJeojE$_$3,Neutral,Neutral,0.0,0.1982412338256836,0.03079206310212612,0.7460330128669739,0.22317488491535187
PMH4mdJeojE$_$2,Positive,Neutral,1.0,0.3743637502193451,0.04907432943582535,0.7415392994880676,0.20938630402088165
PN3ApHIGopo$_$6,Negative,Negative,-0.3333333432674408,-1.148039698600769,0.8807730674743652,0.1006910651922226,0.01853587105870247
PQYmOknHA4c$_$5,Neutral,Neutral,0.0,-0.0953887403011322,0.18156816065311432,0.46514350175857544,0.35328835248947144
PQYmOknHA4c$_$4,Positive,Positive,1.0,0.29501065611839294,0.1386241763830185,0.3322165906429291,0.5291592478752136
PUIsiLk8etk$_$11,Negative,Negative,-0.6666666865348816,-0.5584554672241211,0.7865564227104187,0.1398553103208542,0.07358822226524353
PYylJk8R9Ak$_$1,Positive,Positive,1.6666666269302368,1.2687616348266602,0.008866045624017715,0.11314114928245544,0.8779927492141724
PYylJk8R9Ak$_$4,Positive,Positive,1.0,0.9502593278884888,0.06021087244153023,0.1684381365776062,0.7713509798049927
PbyI-sUzLZY$_$5,Positive,Neutral,0.6666666865348816,0.15100708603858948,0.03696078434586525,0.4822787344455719,0.4807605445384979
PbyI-sUzLZY$_$4,Negative,Negative,-0.3333333432674408,-0.6781966686248779,0.8933489918708801,0.05576932057738304,0.05088159069418907
PmemTgQHagk$_$1,Positive,Positive,2.0,1.6771312952041626,0.012036768719553947,0.04217979311943054,0.9457834362983704
PmemTgQHagk$_$7,Positive,Positive,2.0,1.887312650680542,0.002778943395242095,0.02149636670947075,0.9757247567176819
PoKZEKOf1dA$_$1,Positive,Positive,1.0,1.206018328666687,0.037433527410030365,0.11769510805606842,0.8448714017868042
PoKZEKOf1dA$_$4,Neutral,Neutral,0.0,0.33089736104011536,0.08653892576694489,0.4912807047367096,0.4221803843975067
PohW-isYMK0$_$16,Positive,Positive,0.6666666865348816,1.3243980407714844,0.006114233285188675,0.19970805943012238,0.7941776514053345
PohW-isYMK0$_$1,Positive,Positive,1.3333333730697632,0.976486325263977,0.043310754001140594,0.1858936846256256,0.7707955241203308
PohW-isYMK0$_$7,Positive,Positive,1.6666666269302368,1.2210437059402466,0.017081543803215027,0.10302488505840302,0.8798936009407043
Q5fZk_jPjBI$_$9,Positive,Positive,0.3333333432674408,0.720324695110321,0.07698994874954224,0.17562146484851837,0.7473886013031006
Q5fZk_jPjBI$_$0,Positive,Positive,1.6666666269302368,0.5335144996643066,0.027797605842351913,0.24933084845542908,0.7228716015815735
Q7nhtfkIPN4$_$3,Neutral,Neutral,0.0,-0.0854928195476532,0.10892938822507858,0.4842207729816437,0.40684983134269714
Q7nhtfkIPN4$_$6,Neutral,Neutral,0.0,0.28343915939331055,0.1807277798652649,0.4311865270137787,0.38808566331863403
QDRtKv8PvFs$_$3,Positive,Positive,1.3333333730697632,1.755145788192749,0.012719264253973961,0.032142940908670425,0.9551378488540649
QE0pAVSPsKQ$_$26,Positive,Positive,2.0,0.975802481174469,0.020722409710288048,0.1712738573551178,0.8080037832260132
QE0pAVSPsKQ$_$12,Positive,Positive,0.3333333432674408,1.0579432249069214,0.02059544436633587,0.2046249508857727,0.7747795581817627
QE0pAVSPsKQ$_$2,Positive,Positive,2.6666667461395264,2.1569483280181885,0.005424604285508394,0.021531101316213608,0.9730442762374878
QE0pAVSPsKQ$_$7,Negative,Positive,-0.6666666865348816,-0.15634551644325256,0.3287889361381531,0.26078617572784424,0.4104248881340027
QI-TTqj0KnA$_$7,Positive,Positive,0.6666666865348816,0.6904411315917969,0.0318123921751976,0.31241321563720703,0.6557743549346924
QI-TTqj0KnA$_$6,Neutral,Neutral,0.0,-0.17591431736946106,0.35923445224761963,0.4155508279800415,0.22521474957466125
QLEOYF7Mju0$_$11,Positive,Positive,1.0,0.7258648872375488,0.06761732697486877,0.15697091817855835,0.7754117846488953
QLEOYF7Mju0$_$2,Positive,Positive,0.3333333432674408,0.21945521235466003,0.10491765290498734,0.39610397815704346,0.49897831678390503
QMAztkqnvws$_$6,Positive,Negative,0.3333333432674408,-0.2170327752828598,0.37086838483810425,0.33058327436447144,0.2985484004020691
QNxiqu1y1N0$_$1,Positive,Neutral,0.3333333432674408,0.4157902002334595,0.08968394994735718,0.5699927806854248,0.34032323956489563
QOxIdbNwpx0$_$6,Positive,Positive,1.0,0.6700339317321777,0.04577842354774475,0.4059228301048279,0.5482987761497498
QQVRIGEUa_Q$_$5,Positive,Neutral,0.3333333432674408,0.3807543218135834,0.130530446767807,0.46851831674575806,0.4009512662887573
QUpI5kMw_nA$_$10,Positive,Neutral,0.3333333432674408,0.4712753891944885,0.10129078477621078,0.5674099326133728,0.3312993347644806
QUpI5kMw_nA$_$17,Positive,Positive,1.3333333730697632,1.1441667079925537,0.006455898284912109,0.21125686168670654,0.7822872996330261
QYp0lGhyL6A$_$13,Neutral,Neutral,0.0,-0.4820665121078491,0.3340391218662262,0.5272679924964905,0.13869281113147736
QYp0lGhyL6A$_$14,Negative,Negative,-1.3333333730697632,-0.6632786989212036,0.7912421822547913,0.1508060097694397,0.057951800525188446
QYp0lGhyL6A$_$4,Negative,Negative,-2.3333332538604736,-0.6209082007408142,0.5044627785682678,0.39044371247291565,0.10509347170591354
QkMTYY69JYQ$_$1,Positive,Positive,0.6666666865348816,1.3758493661880493,0.02871902473270893,0.15392959117889404,0.8173514008522034
QkMTYY69JYQ$_$4,Positive,Neutral,0.6666666865348816,0.4786025881767273,0.059612907469272614,0.560573160648346,0.37981390953063965
QoIsjc4-GIg$_$8,Negative,Negative,-1.0,-0.47459423542022705,0.6476761698722839,0.2454165816307068,0.10690724104642868
QzdEjKQFisQ$_$8,Negative,Negative,-0.3333333432674408,-1.2547345161437988,0.9039206504821777,0.08295110613107681,0.01312818843871355
R0o37yJ1PP0$_$3,Positive,Neutral,0.6666666865348816,0.17043478786945343,0.0784667581319809,0.6266359090805054,0.29489728808403015
R0o37yJ1PP0$_$5,Neutral,Neutral,0.0,0.275422602891922,0.16316796839237213,0.5063420534133911,0.3304900527000427
R0o37yJ1PP0$_$6,Positive,Positive,0.3333333432674408,0.4934545159339905,0.07706128805875778,0.3917789161205292,0.5311598181724548
R0uRDh-engU$_$10,Positive,Positive,0.3333333432674408,0.9369256496429443,0.03201262652873993,0.18287202715873718,0.7851154208183289
R0uRDh-engU$_$5,Negative,Negative,-0.3333333432674408,0.07893098890781403,0.47647321224212646,0.16438521444797516,0.3591415584087372
R5a3TP-l_n4$_$1,Positive,Positive,1.0,1.1705348491668701,0.03636656329035759,0.06600267440080643,0.8976307511329651
R9ypacCuEZo$_$4,Positive,Positive,1.3333333730697632,0.9645792245864868,0.011394578032195568,0.12264929711818695,0.8659561276435852
R9ypacCuEZo$_$7,Negative,Neutral,-0.3333333432674408,-0.15754559636116028,0.19324563443660736,0.5055789351463318,0.30117541551589966
RE-LIPOFnrE$_$4,Neutral,Neutral,0.0,0.10744598507881165,0.11779258400201797,0.5883116722106934,0.29389575123786926
REkPZ77s3Vc$_$0,Neutral,Neutral,0.0,0.43290597200393677,0.2545371949672699,0.5080665349960327,0.23739635944366455
REkPZ77s3Vc$_$4,Neutral,Negative,0.0,-0.6096241474151611,0.6161796450614929,0.3016943037509918,0.08212610334157944
REkPZ77s3Vc$_$7,Neutral,Neutral,0.0,-0.43472009897232056,0.45926883816719055,0.4682384431362152,0.07249262183904648
RImmdklTOW0$_$10,Positive,Positive,1.6666666269302368,1.5489833354949951,0.012297152541577816,0.0327925868332386,0.9549102783203125
RImmdklTOW0$_$15,Positive,Positive,1.3333333730697632,0.6490448117256165,0.027669783681631088,0.463394433259964,0.508935809135437
RImmdklTOW0$_$8,Positive,Positive,0.6666666865348816,0.9313963651657104,0.026143033057451248,0.21523240208625793,0.7586245536804199
RLHZ6xtIWSM$_$2,Negative,Neutral,-0.6666666865348816,-0.03099104017019272,0.30904367566108704,0.4224745035171509,0.2684818208217621
RLHZ6xtIWSM$_$6,Negative,Negative,-1.3333333730697632,-0.33381667733192444,0.6635249853134155,0.15690965950489044,0.17956529557704926
RRKez9BR-94$_$12,Positive,Positive,0.6666666865348816,0.473772257566452,0.11565949767827988,0.3280008137226105,0.556339681148529
RS5WM3q2ZZQ$_$11,Neutral,Positive,0.0,0.3508742153644562,0.21844631433486938,0.279104083776474,0.5024495720863342
RS5WM3q2ZZQ$_$10,Positive,Positive,0.6666666865348816,0.5817530155181885,0.045452479273080826,0.36436018347740173,0.5901873707771301
RS5WM3q2ZZQ$_$2,Negative,Positive,-0.6666666865348816,0.33908653259277344,0.07487907260656357,0.45119979977607727,0.47392114996910095
RS5WM3q2ZZQ$_$6,Neutral,Positive,0.0,0.4291211664676666,0.15075156092643738,0.40591129660606384,0.443337082862854
RST6PgpsLws$_$2,Positive,Positive,2.3333332538604736,1.367162823677063,0.00928477942943573,0.09181647002696991,0.8988987803459167
RTzDzj4NxIM$_$7,Positive,Neutral,0.6666666865348816,0.30509060621261597,0.36617156863212585,0.38542604446411133,0.2484024465084076
RaTQZrdICKo$_$2,Neutral,Positive,0.0,0.3995931148529053,0.31915178894996643,0.27777454257011414,0.40307366847991943
RadU51t1kL0$_$8,Negative,Negative,-0.6666666865348816,-1.0436859130859375,0.8353339433670044,0.1457291841506958,0.018936887383461
Rdf0Psjyrwc$_$3,Positive,Positive,1.3333333730697632,1.4100407361984253,0.005890219938009977,0.10608308017253876,0.8880266547203064
Rdf0Psjyrwc$_$2,Positive,Positive,1.3333333730697632,1.7153574228286743,0.004988919012248516,0.051678258925676346,0.943332850933075
RgubFcmvgDE$_$0,Negative,Negative,-0.6666666865348816,-0.04916641116142273,0.43672528862953186,0.39143747091293335,0.17183728516101837
RgubFcmvgDE$_$3,Negative,Negative,-2.0,-1.0704315900802612,0.821954607963562,0.14236454665660858,0.03568093106150627
Rse6laKf1i8$_$6,Positive,Positive,1.6666666269302368,1.5419797897338867,0.010943610221147537,0.0654081329703331,0.9236481785774231
Rt9rN1ntS3E$_$1,Positive,Positive,1.0,0.9981997013092041,0.04526156559586525,0.1826913207769394,0.7720471620559692
Rt9rN1ntS3E$_$2,Positive,Positive,1.3333333730697632,1.1793406009674072,0.03353571519255638,0.24853214621543884,0.7179321646690369
Rugd2NMu4bA$_$11,Positive,Positive,0.6666666865348816,0.48597103357315063,0.2583598494529724,0.3556382954120636,0.386001855134964
Rugd2NMu4bA$_$5,Neutral,Negative,0.0,-0.5519315004348755,0.7415981292724609,0.22398830950260162,0.03441359102725983
RvIohowRPAk$_$11,Negative,Negative,-1.3333333730697632,-1.5177063941955566,0.9611611366271973,0.024314964190125465,0.014523864723742008
RvIohowRPAk$_$2,Neutral,Neutral,0.0,0.17247940599918365,0.11553599685430527,0.7275511622428894,0.15691281855106354
Rw2pzFGosmw$_$7,Positive,Positive,0.3333333432674408,0.5138372182846069,0.0798611119389534,0.42815613746643066,0.4919828176498413
RwcTz-tOIeo$_$2,Negative,Negative,-0.3333333432674408,-0.8633252382278442,0.744951605796814,0.20897790789604187,0.04607047140598297
Ry2NJPd4N3s$_$14,Positive,Positive,1.0,1.3929113149642944,0.012168257497251034,0.07315657287836075,0.914675235748291
S21ApRNQ9Ko$_$15,Negative,Negative,-1.0,-1.716091275215149,0.982628583908081,0.011318692937493324,0.006052704527974129
S21ApRNQ9Ko$_$14,Negative,Negative,-0.6666666865348816,-0.2339458167552948,0.6604006290435791,0.1143360510468483,0.2252633422613144
S21ApRNQ9Ko$_$3,Neutral,Positive,0.0,0.37949568033218384,0.354522705078125,0.272288978099823,0.3731882870197296
S21ApRNQ9Ko$_$2,Positive,Positive,1.3333333730697632,0.8375632166862488,0.013693414628505707,0.3313615024089813,0.6549451351165771
S2znq3iRPwE$_$10,Positive,Positive,1.0,1.4448089599609375,0.0068644070997834206,0.10451572388410568,0.8886198401451111
S2znq3iRPwE$_$13,Positive,Positive,2.0,1.7508971691131592,0.028147017583251,0.04370904341340065,0.9281439781188965
S2znq3iRPwE$_$19,Positive,Positive,1.3333333730697632,1.6137206554412842,0.007376701105386019,0.05512731149792671,0.9374959468841553
S6S2XL0-ZpM$_$1,Neutral,Positive,0.0,0.8305279612541199,0.014977303333580494,0.21790187060832977,0.7671208381652832
S9PDgK7fpJI$_$14,Neutral,Negative,0.0,-0.37851735949516296,0.7588528990745544,0.20293575525283813,0.03821134194731712
SGsiGz2fdpo$_$23,Positive,Positive,2.6666667461395264,1.2568799257278442,0.016324862837791443,0.20938730239868164,0.7742878198623657
SGsiGz2fdpo$_$29,Positive,Positive,1.0,1.1407904624938965,0.02269671857357025,0.07954567670822144,0.8977576494216919
SGsiGz2fdpo$_$5,Positive,Positive,0.6666666865348816,1.1732428073883057,0.0181270744651556,0.05249528959393501,0.9293776154518127
SGsiGz2fdpo$_$4,Positive,Positive,0.3333333432674408,0.18824408948421478,0.17840436100959778,0.33168330788612366,0.48991233110427856
SGsiGz2fdpo$_$6,Positive,Positive,0.6666666865348816,0.50609290599823,0.016960540786385536,0.31498983502388,0.6680495738983154
SGsiGz2fdpo$_$9,Neutral,Neutral,0.0,0.15921595692634583,0.03143564239144325,0.567449688911438,0.40111470222473145
SGsiGz2fdpo$_$8,Positive,Positive,0.3333333432674408,0.004456151742488146,0.05697416514158249,0.31970617175102234,0.623319685459137
SGsiGz2fdpo$_$11,Negative,Negative,-0.3333333432674408,-0.973523736000061,0.8368580937385559,0.12797757983207703,0.035164374858140945
SGsiGz2fdpo$_$15,Neutral,Positive,0.0,0.45991218090057373,0.020156145095825195,0.38567864894866943,0.5941652059555054
SGsiGz2fdpo$_$33,Positive,Positive,1.3333333730697632,1.7186038494110107,0.004022681619971991,0.021790310740470886,0.9741869568824768
SH0wXyhsx9s$_$0,Positive,Positive,0.6666666865348816,0.9742288589477539,0.034560274332761765,0.07896275818347931,0.8864769339561462
SI39azgVUR8$_$2,Negative,Negative,-1.6666666269302368,-0.6510090231895447,0.8145471215248108,0.07403507828712463,0.1114177331328392
SLi2gT5H6m8$_$3,Positive,Positive,0.6666666865348816,0.679912269115448,0.022639593109488487,0.40324845910072327,0.5741119980812073
SLi2gT5H6m8$_$5,Positive,Positive,0.3333333432674408,0.31216129660606384,0.13773605227470398,0.4148502051830292,0.44741377234458923
SMr2DprlLu4$_$1,Positive,Positive,2.0,1.594110131263733,0.007014012895524502,0.06220593303442001,0.9307800531387329
SMzV26l6iA0$_$0,Positive,Positive,1.0,1.2103676795959473,0.006958738435059786,0.14746937155723572,0.8455718755722046
STeqtJLakQQ$_$2,Negative,Negative,-1.0,-0.7895252108573914,0.795886218547821,0.11693256348371506,0.08718128502368927
STeqtJLakQQ$_$5,Negative,Negative,-0.6666666865348816,-0.9605528116226196,0.9238324165344238,0.05373671278357506,0.022430872544646263
SWHmteF5Rlk$_$2,Negative,Negative,-0.6666666865348816,0.08422835916280746,0.5452196002006531,0.28499385714530945,0.1697865128517151
SWHmteF5Rlk$_$6,Positive,Positive,1.3333333730697632,0.8590315580368042,0.033638011664152145,0.42371925711631775,0.5426427125930786
SWhfaL7AdEc$_$2,Positive,Positive,1.0,1.1883999109268188,0.008423519320786,0.1813330203294754,0.8102434873580933
SWhfaL7AdEc$_$4,Positive,Positive,0.6666666865348816,1.1948421001434326,0.004775800742208958,0.10974565148353577,0.8854786157608032
SYnygYs-fAg$_$14,Positive,Positive,1.6666666269302368,1.6106683015823364,0.0025471432600170374,0.03346550092101097,0.9639872908592224
SYnygYs-fAg$_$0,Positive,Positive,0.3333333432674408,0.7795535326004028,0.019466547295451164,0.22098074853420258,0.7595527172088623
SYnygYs-fAg$_$6,Positive,Positive,0.3333333432674408,0.4478919506072998,0.04688868299126625,0.4049951136112213,0.5481162667274475
SYnygYs-fAg$_$8,Positive,Positive,2.0,1.942155122756958,0.008683370426297188,0.03341911360621452,0.9578974843025208
S_mxvk4LEh0$_$12,Positive,Positive,2.0,0.7815486788749695,0.020767612382769585,0.260701060295105,0.7185313701629639
S_mxvk4LEh0$_$5,Neutral,Neutral,0.0,0.1464257389307022,0.28427791595458984,0.5202375054359436,0.19548457860946655
Sb2xMPwNKPo$_$18,Neutral,Neutral,0.0,-0.09761887788772583,0.35359370708465576,0.4122260510921478,0.2341802716255188
Sb2xMPwNKPo$_$5,Neutral,Neutral,0.0,-0.2728506624698639,0.19629888236522675,0.655323326587677,0.14837783575057983
ShgrdU9WAJE$_$12,Negative,Negative,-0.3333333432674408,-0.21685969829559326,0.5505641102790833,0.2531485855579376,0.19628725945949554
ShgrdU9WAJE$_$2,Positive,Positive,1.0,0.770747184753418,0.027739737182855606,0.3946976661682129,0.5775625705718994
ShgrdU9WAJE$_$5,Neutral,Neutral,0.0,0.14869190752506256,0.09031504392623901,0.6679981350898743,0.2416868954896927
Sir2QeCh4B0$_$5,Neutral,Positive,0.0,0.7502280473709106,0.05838805064558983,0.30124303698539734,0.6403689384460449
So3bPzg2bq0$_$10,Positive,Positive,0.3333333432674408,0.5213492512702942,0.056041035801172256,0.33631280064582825,0.607646107673645
So3bPzg2bq0$_$2,Neutral,Neutral,0.0,0.5234529972076416,0.0232029240578413,0.4914173483848572,0.485379695892334
SrMN3rwvCsE$_$1,Negative,Negative,-0.3333333432674408,-0.5869830846786499,0.7016185522079468,0.1868787556886673,0.11150266975164413
StgqrTr0JqU$_$10,Positive,Positive,1.3333333730697632,1.073642373085022,0.024936215952038765,0.18418309092521667,0.7908807396888733
StgqrTr0JqU$_$0,Positive,Positive,0.6666666865348816,0.5837552547454834,0.023410238325595856,0.44242218136787415,0.5341676473617554
SxbTZjZD0vU$_$5,Negative,Neutral,-0.6666666865348816,0.14648863673210144,0.18554098904132843,0.4708336591720581,0.34362533688545227
SzJf6viBWBg$_$2,Neutral,Neutral,0.0,0.18111968040466309,0.20953314006328583,0.6353898644447327,0.1550769805908203
SzJf6viBWBg$_$4,Neutral,Neutral,0.0,0.2881736159324646,0.2627440392971039,0.5097565054893494,0.22749949991703033
T-8TvJcS78w$_$3,Positive,Positive,1.6666666269302368,1.1552700996398926,0.025603538379073143,0.0700816959142685,0.9043147563934326
T-8TvJcS78w$_$7,Positive,Positive,1.3333333730697632,0.7050840854644775,0.014225270599126816,0.2549910843372345,0.7307836413383484
T1icdxz0TNs$_$0,Positive,Positive,1.3333333730697632,1.2044012546539307,0.024609751999378204,0.1699977070093155,0.8053925633430481
T4e4Ba1sRg0$_$0,Negative,Negative,-2.0,-1.1135563850402832,0.8945003151893616,0.08334026485681534,0.022159405052661896
T4e4Ba1sRg0$_$3,Negative,Negative,-0.6666666865348816,-0.9734592437744141,0.8763685822486877,0.10347674787044525,0.02015470713376999
T4e4Ba1sRg0$_$9,Negative,Negative,-0.6666666865348816,-0.75313401222229,0.9026592373847961,0.055765967816114426,0.0415748730301857
TBCjKGYBNIo$_$24,Positive,Positive,0.6666666865348816,0.8402009010314941,0.009880450554192066,0.23499274253845215,0.7551268339157104
TBCjKGYBNIo$_$20,Negative,Negative,-1.0,-1.6437487602233887,0.9828890562057495,0.013390358537435532,0.003720560111105442
TBCjKGYBNIo$_$3,Negative,Negative,-1.0,0.10932064056396484,0.4157741665840149,0.21626107394695282,0.36796480417251587
TBCjKGYBNIo$_$19,Negative,Negative,-0.6666666865348816,-0.30589866638183594,0.47673770785331726,0.38679736852645874,0.1364649385213852
TBwetweXRb4$_$5,Positive,Neutral,0.3333333432674408,0.4227214455604553,0.02732059732079506,0.5333868265151978,0.4392925500869751
TFKgo5JlPro$_$1,Negative,Negative,-0.3333333432674408,0.3722676634788513,0.5815175175666809,0.13724856078624725,0.28123387694358826
TFKgo5JlPro$_$0,Neutral,Positive,0.0,0.3641051650047302,0.399579256772995,0.19894497096538544,0.40147584676742554
TM7cHOHfF70$_$30,Positive,Neutral,0.6666666865348816,0.3721897006034851,0.24905501306056976,0.37897032499313354,0.3719746768474579
TM7cHOHfF70$_$5,Negative,Negative,-1.0,-0.7044917345046997,0.7469459772109985,0.22715076804161072,0.025903265923261642
TNwwVWA-oAE$_$22,Positive,Positive,0.6666666865348816,0.7519326210021973,0.04961920157074928,0.2542780935764313,0.6961026787757874
TNwwVWA-oAE$_$16,Positive,Positive,1.0,1.8932301998138428,0.0026747023221105337,0.020841732621192932,0.9764835834503174
TO5HjoK8Iu8$_$10,Positive,Positive,1.3333333730697632,0.773989200592041,0.01296093501150608,0.23388472199440002,0.7531543374061584
TO5HjoK8Iu8$_$12,Positive,Positive,0.6666666865348816,0.8312733173370361,0.011997953988611698,0.2015681266784668,0.78643399477005
TSDC7CCyeGY$_$5,Negative,Negative,-1.0,-0.5330641269683838,0.6094660758972168,0.2503610849380493,0.14017285406589508
TUY83eDK5jc$_$17,Positive,Positive,1.0,0.8379547595977783,0.006036914419382811,0.1939549744129181,0.8000080585479736
TVhXqAI9gyA$_$1,Neutral,Positive,0.0,0.5660858154296875,0.06388997286558151,0.3244148790836334,0.6116951704025269
TWMFQED1Myk$_$1,Positive,Neutral,0.6666666865348816,0.8156919479370117,0.11970983445644379,0.44367915391921997,0.43661102652549744
TWMFQED1Myk$_$3,Neutral,Neutral,0.0,0.9100396633148193,0.034930817782878876,0.6367939710617065,0.32827526330947876
TWMFQED1Myk$_$6,Positive,Positive,1.6666666269302368,1.2008330821990967,0.06858743727207184,0.3086335361003876,0.6227790117263794
TWf0XFpXwfs$_$0,Neutral,Positive,0.0,0.48412400484085083,0.0812925472855568,0.37824299931526184,0.540464460849762
TZXcQemh8n8$_$11,Negative,Neutral,-0.3333333432674408,0.04775845259428024,0.24866259098052979,0.3917723596096039,0.35956498980522156
Ta_IgA3XJ3s$_$27,Positive,Neutral,1.0,0.12819913029670715,0.15668675303459167,0.6864886283874512,0.15682455897331238
Ta_IgA3XJ3s$_$21,Positive,Positive,0.3333333432674408,0.8781356811523438,0.03500507399439812,0.21861785650253296,0.7463770508766174
TahiuVpcROM$_$2,Positive,Positive,0.6666666865348816,0.8639468550682068,0.010125572793185711,0.19731849431991577,0.7925559282302856
TfBVq9oWBmM$_$1,Positive,Positive,0.6666666865348816,0.3926534950733185,0.06559593230485916,0.28401169180870056,0.6503923535346985
Tiq67-bAV3M$_$5,Positive,Positive,0.6666666865348816,0.7378480434417725,0.018509550020098686,0.4222814440727234,0.5592089891433716
TwTLsgfpKvA$_$0,Neutral,Neutral,0.0,0.31727540493011475,0.04830121994018555,0.6007053256034851,0.35099342465400696
TwTLsgfpKvA$_$9,Positive,Positive,0.6666666865348816,1.964240312576294,0.0028122926596552134,0.023434925824403763,0.9737528562545776
TxJjAK0WrOY$_$10,Positive,Negative,0.3333333432674408,-0.3202451169490814,0.45922279357910156,0.42375195026397705,0.11702527850866318
U8Ewftg_8CI$_$2,Negative,Negative,-0.3333333432674408,-1.0439475774765015,0.9426099061965942,0.04020003601908684,0.01719002053141594
UK_IXtJ2BqI$_$17,Positive,Positive,1.0,1.0787570476531982,0.012401694431900978,0.16284722089767456,0.8247510194778442
UK_IXtJ2BqI$_$3,Positive,Positive,0.6666666865348816,0.8921658992767334,0.009996901266276836,0.17463399469852448,0.8153691291809082
UK_IXtJ2BqI$_$7,Negative,Negative,-1.0,-1.1334083080291748,0.9653806686401367,0.019639333710074425,0.014979938976466656
ULtBuI6nMaY$_$10,Positive,Positive,2.0,1.0832324028015137,0.02641516737639904,0.13845200836658478,0.8351327776908875
ULtBuI6nMaY$_$1,Neutral,Negative,0.0,-0.46486055850982666,0.5845211148262024,0.28183096647262573,0.13364793360233307
UUukBV82P9A$_$11,Neutral,Neutral,0.0,0.3867085576057434,0.11305093765258789,0.4950298070907593,0.39191922545433044
UUukBV82P9A$_$10,Negative,Negative,-0.3333333432674408,-0.4639641344547272,0.6722613573074341,0.2683386504650116,0.059399913996458054
UUukBV82P9A$_$2,Positive,Positive,1.3333333730697632,0.6901953220367432,0.05024881660938263,0.377027302980423,0.5727238059043884
UXvMaHD9kmA$_$10,Positive,Positive,0.6666666865348816,0.7579426765441895,0.02550971508026123,0.44281890988349915,0.531671404838562
UXvMaHD9kmA$_$18,Positive,Positive,1.3333333730697632,0.9825056791305542,0.03259694203734398,0.3432667553424835,0.6241363286972046
UXvMaHD9kmA$_$14,Neutral,Positive,0.0,0.8687108755111694,0.07641518861055374,0.2657802104949951,0.657804548740387
Ua4g9q0r-dI$_$24,Neutral,Neutral,0.0,0.24607065320014954,0.34690821170806885,0.40616732835769653,0.24692445993423462
Ua4g9q0r-dI$_$15,Neutral,Neutral,0.0,0.25063085556030273,0.1657765656709671,0.4626927375793457,0.3715307414531708
Ua4g9q0r-dI$_$31,Neutral,Neutral,0.0,0.5066382884979248,0.04226720705628395,0.49687492847442627,0.46085789799690247
Ua4g9q0r-dI$_$14,Negative,Negative,-0.6666666865348816,0.02467159926891327,0.5455377697944641,0.2053358107805252,0.2491264045238495
Uc-0G7RRxoY$_$16,Neutral,Neutral,0.0,0.5967845320701599,0.08574832230806351,0.4611024260520935,0.45314913988113403
Uc-0G7RRxoY$_$6,Positive,Positive,0.3333333432674408,0.32850736379623413,0.3233838975429535,0.26826363801956177,0.40835249423980713
UeOIb6s0pVM$_$6,Positive,Positive,2.0,2.13000750541687,0.004014796111732721,0.043316978961229324,0.9526682496070862
UeOIb6s0pVM$_$8,Positive,Positive,0.6666666865348816,1.0440707206726074,0.020896591246128082,0.11807485669851303,0.8610284924507141
UgTM9y2rD38$_$2,Positive,Positive,2.6666667461395264,1.5560249090194702,0.007292093709111214,0.14991755783557892,0.8427903652191162
UkqTwAuA8jI$_$7,Neutral,Neutral,0.0,0.5635669231414795,0.08436523377895355,0.6144224405288696,0.3012123107910156
UmB5c_QqUPs$_$11,Negative,Negative,-2.3333332538604736,0.03321091830730438,0.3915838599205017,0.25208473205566406,0.3563314974308014
UtjenieM1Ak$_$6,Positive,Positive,1.0,1.0162792205810547,0.014849690720438957,0.13623496890068054,0.8489153385162354
UtuTyW9pUN8$_$6,Neutral,Positive,0.0,0.9152547121047974,0.016041822731494904,0.18604181706905365,0.7979163527488708
Uw1nWfSuyo8$_$2,Positive,Neutral,0.3333333432674408,0.4945434629917145,0.021650897338986397,0.5497038960456848,0.42864522337913513
VAFdgtqZz4g$_$4,Positive,Neutral,0.6666666865348816,0.3316490352153778,0.07164003700017929,0.4806356430053711,0.447724312543869
VAr7gJydnys$_$13,Neutral,Neutral,0.0,0.299315482378006,0.07495473325252533,0.6236879825592041,0.30135732889175415
VAr7gJydnys$_$1,Negative,Negative,-1.3333333730697632,-1.2881238460540771,0.9626169800758362,0.02326062135398388,0.014122401364147663
VAr7gJydnys$_$0,Positive,Neutral,1.0,0.2659834623336792,0.027849340811371803,0.5855880975723267,0.3865625858306885
VAr7gJydnys$_$6,Positive,Neutral,1.0,-0.2728615403175354,0.31522470712661743,0.6070516109466553,0.07772371917963028
VDjnKdFxuBE$_$0,Positive,Positive,2.6666667461395264,1.24663507938385,0.015768174082040787,0.13148550689220428,0.852746307849884
VN1IPN1TL3Q$_$0,Negative,Negative,-1.3333333730697632,-0.6798360347747803,0.8096651434898376,0.14805200695991516,0.042282797396183014
VN1IPN1TL3Q$_$5,Negative,Negative,-1.6666666269302368,-1.2242623567581177,0.9451910853385925,0.03603154420852661,0.018777381628751755
VUrTT7xsrec$_$1,Positive,Negative,1.0,0.19760721921920776,0.4709182381629944,0.18725571036338806,0.34182605147361755
VWik5oKP6IU$_$3,Positive,Neutral,0.3333333432674408,-0.28943461179733276,0.2760331928730011,0.5576465725898743,0.1663202941417694
VZqkWIPmH6w$_$4,Neutral,Neutral,0.0,0.1322712004184723,0.268905907869339,0.38329410552978516,0.3477998971939087
Va54WZgPTdY$_$6,Negative,Positive,-2.0,0.1672225445508957,0.3954089879989624,0.12061982601881027,0.4839712679386139
VbSsGRXIwjc$_$2,Positive,Positive,1.6666666269302368,0.44313013553619385,0.19378210604190826,0.32384124398231506,0.48237669467926025
Ve-mmCM8TI0$_$15,Neutral,Positive,0.0,0.49210846424102783,0.05580001324415207,0.4194876551628113,0.524712324142456
Ve-mmCM8TI0$_$2,Neutral,Neutral,0.0,0.29656752943992615,0.04504629597067833,0.7565312385559082,0.19842244684696198
Ve-mmCM8TI0$_$4,Neutral,Neutral,0.0,0.10767602920532227,0.038871049880981445,0.7727905511856079,0.18833839893341064
Ve-mmCM8TI0$_$7,Positive,Neutral,0.3333333432674408,0.29701825976371765,0.02100318670272827,0.6356287002563477,0.3433681130409241
Ve-mmCM8TI0$_$6,Negative,Neutral,-1.0,0.007857132703065872,0.09773827344179153,0.7279504537582397,0.17431125044822693
VhKJm_jiciU$_$10,Positive,Positive,1.3333333730697632,0.8022687435150146,0.06456278264522552,0.21486017107963562,0.7205770611763
VjAvqFXEmmk$_$3,Neutral,Positive,0.0,0.7009052634239197,0.04493105411529541,0.2678167521953583,0.6872522234916687
VjAvqFXEmmk$_$2,Neutral,Positive,0.0,1.1716848611831665,0.006495156791061163,0.10786282271146774,0.8856419920921326
VjAvqFXEmmk$_$4,Positive,Positive,0.6666666865348816,1.097570776939392,0.011161277070641518,0.09457122534513474,0.8942674398422241
VoETCD8fBLI$_$5,Positive,Positive,0.6666666865348816,0.9994356632232666,0.007747247349470854,0.18426205217838287,0.8079907298088074
Vv2DTPyyw90$_$0,Neutral,Neutral,0.0,-0.045419156551361084,0.3665904998779297,0.46450307965278625,0.16890636086463928
Vw4-ae-ucHE$_$0,Negative,Neutral,-0.3333333432674408,0.31846076250076294,0.11351092159748077,0.4462049603462219,0.44028404355049133
Vw4-ae-ucHE$_$3,Positive,Positive,0.3333333432674408,0.4476202130317688,0.31533417105674744,0.2904273569583893,0.3942384421825409
Vw4-ae-ucHE$_$2,Positive,Positive,0.6666666865348816,0.58678138256073,0.16738176345825195,0.26180100440979004,0.570817232131958
Vx8npmcFxak$_$5,Positive,Positive,2.0,1.7515243291854858,0.02839737758040428,0.04203701391816139,0.9295655488967896
VybXjsmsjAY$_$13,Positive,Positive,1.0,0.5630074143409729,0.09475579857826233,0.2196662425994873,0.685577929019928
W-pA0lOGLR0$_$5,Positive,Neutral,0.3333333432674408,0.41073834896087646,0.0432865247130394,0.574203610420227,0.38250982761383057
W-ptEZFARVo$_$2,Positive,Positive,1.0,1.2651653289794922,0.0073839896358549595,0.08323697745800018,0.9093790650367737
W-q9bPlMIVI$_$14,Neutral,Positive,0.0,0.21880759298801422,0.04718952625989914,0.3004937171936035,0.6523167490959167
W40BaML7mzc$_$0,Positive,Positive,1.0,1.456932783126831,0.006597819272428751,0.07334864884614944,0.9200534820556641
W53uRqITk2I$_$0,Positive,Neutral,0.6666666865348816,0.8503814935684204,0.051989126950502396,0.4790107011795044,0.4690001904964447
W53uRqITk2I$_$6,Positive,Positive,1.0,1.1855427026748657,0.05255032330751419,0.13668054342269897,0.8107690811157227
WAXJRnJXmOA$_$18,Positive,Positive,0.6666666865348816,0.492832213640213,0.029755115509033203,0.3532269299030304,0.617017924785614
WAXJRnJXmOA$_$5,Positive,Positive,0.3333333432674408,0.3044489324092865,0.04204424098134041,0.469045490026474,0.4889101982116699
WBCRTcMJZZc$_$3,Positive,Positive,0.6666666865348816,0.9953500032424927,0.07082570344209671,0.05466870591044426,0.8745055794715881
WGfGxoI05ew$_$3,Positive,Positive,2.0,2.1254048347473145,0.0023677812423557043,0.014349867589771748,0.9832823872566223
WHUHTmtBJWU$_$14,Neutral,Neutral,0.0,-0.40872615575790405,0.29441383481025696,0.6115598082542419,0.09402640908956528
WMzvDL7b4sM$_$0,Positive,Positive,0.6666666865348816,0.9145047068595886,0.03544047847390175,0.3615114688873291,0.6030480265617371
WTF9xgqLIvI$_$2,Positive,Positive,0.6666666865348816,0.6599904894828796,0.02918369509279728,0.40556013584136963,0.5652561783790588
WTF9xgqLIvI$_$7,Positive,Positive,1.3333333730697632,0.8657404184341431,0.17743481695652008,0.19562821090221405,0.6269369125366211
WUeSV0Z23Kg$_$1,Negative,Positive,-0.3333333432674408,0.708302915096283,0.026161208748817444,0.1878257542848587,0.7860130667686462
WXKgBIiP8IA$_$10,Neutral,Neutral,0.0,0.30594244599342346,0.044773995876312256,0.5493415594100952,0.40588444471359253
WXKgBIiP8IA$_$1,Positive,Negative,0.3333333432674408,-0.49808430671691895,0.8962202668190002,0.04369479790329933,0.06008491292595863
WXKgBIiP8IA$_$2,Positive,Neutral,1.3333333730697632,0.6393354535102844,0.17777304351329803,0.42903652787208557,0.3931903839111328
WXKgBIiP8IA$_$5,Positive,Positive,0.3333333432674408,0.24315766990184784,0.12281236797571182,0.3416382968425751,0.5355493426322937
Wfn7XvSEwUA$_$1,Neutral,Neutral,0.0,0.30468666553497314,0.19726602733135223,0.5400410890579224,0.2626928389072418
Wfn7XvSEwUA$_$3,Positive,Positive,0.3333333432674408,0.5460983514785767,0.0789637565612793,0.307629257440567,0.6134070158004761
Wh6sht7xwqQ$_$11,Positive,Positive,0.6666666865348816,0.5122999548912048,0.0431954450905323,0.4333505928516388,0.523453950881958
Wh6sht7xwqQ$_$0,Positive,Negative,0.3333333432674408,-0.5245809555053711,0.8476434946060181,0.057142361998558044,0.09521415829658508
Wn8nz8GPKkI$_$1,Negative,Negative,-0.3333333432674408,-0.4117005467414856,0.4579683542251587,0.4261796176433563,0.11585204303264618
Wn8nz8GPKkI$_$0,Positive,Positive,0.3333333432674408,0.3834463357925415,0.11812999844551086,0.15353527665138245,0.7283347249031067
Wnw1IAEDwDM$_$0,Neutral,Positive,0.0,0.5023006796836853,0.04788295924663544,0.38335004448890686,0.5687670111656189
Wo1RxRjXyYw$_$3,Positive,Positive,0.3333333432674408,0.5677516460418701,0.025504402816295624,0.23570367693901062,0.7387918829917908
Wo1RxRjXyYw$_$2,Positive,Positive,0.3333333432674408,0.6556773781776428,0.03042406029999256,0.3186802864074707,0.6508956551551819
Wo1RxRjXyYw$_$6,Neutral,Neutral,0.0,0.3496757745742798,0.01647278666496277,0.6727972030639648,0.3107299506664276
Wo1RxRjXyYw$_$8,Positive,Neutral,0.3333333432674408,0.035605572164058685,0.38009557127952576,0.39090871810913086,0.22899572551250458
WtiBpLt2wuA$_$2,Neutral,Neutral,0.0,0.036332398653030396,0.2587326765060425,0.4897141754627228,0.2515530586242676
Wx9nThz5z_Y$_$31,Neutral,Positive,0.0,0.5769637823104858,0.054377008229494095,0.4338407814502716,0.511782169342041
WxYb2x_irTM$_$2,Positive,Positive,1.3333333730697632,1.0585036277770996,0.010191339999437332,0.11738615483045578,0.8724225759506226
X0jMZoxUL2A$_$4,Positive,Positive,0.3333333432674408,0.6425226330757141,0.013045460917055607,0.44720223546028137,0.5397523045539856
X0jMZoxUL2A$_$7,Positive,Positive,1.0,0.7620830535888672,0.011142005212605,0.09942543506622314,0.8894324898719788
X0jMZoxUL2A$_$8,Positive,Positive,1.3333333730697632,0.36616092920303345,0.3710514307022095,0.11387436091899872,0.5150743126869202
X2leyjuolDM$_$8,Positive,Neutral,0.6666666865348816,0.2241923213005066,0.12241477519273758,0.47223299741744995,0.40535226464271545
X6-jJO00DMg$_$8,Neutral,Positive,0.0,0.31151920557022095,0.17321202158927917,0.30268269777297974,0.5241053104400635
X7-Gbk8gAD0$_$0,Positive,Positive,0.6666666865348816,0.3708146810531616,0.02233521081507206,0.48674118518829346,0.49092361330986023
X7-Gbk8gAD0$_$2,Neutral,Neutral,0.0,0.3615121841430664,0.02364693395793438,0.5261992812156677,0.45015376806259155
X7-Gbk8gAD0$_$6,Positive,Positive,1.3333333730697632,1.1296067237854004,0.011786272749304771,0.13548366725444794,0.8527300357818604
XAT2IfFFAU0$_$3,Neutral,Neutral,0.0,0.5292542576789856,0.06487495452165604,0.5730787515640259,0.3620462417602539
XAgD-xoil40$_$16,Neutral,Neutral,0.0,0.3768876791000366,0.017771949991583824,0.5006083846092224,0.481619656085968
XAgD-xoil40$_$2,Neutral,Neutral,0.0,-0.24398353695869446,0.24983900785446167,0.5792257785797119,0.17093525826931
XCyngF93SmU$_$5,Neutral,Neutral,0.0,-0.007788782007992268,0.047727376222610474,0.7444935441017151,0.20777907967567444
XCyngF93SmU$_$4,Neutral,Neutral,0.0,0.2498933970928192,0.027784541249275208,0.5625409483909607,0.4096744954586029
XDVkhOziCkg$_$1,Positive,Positive,1.3333333730697632,0.933914303779602,0.018676551058888435,0.23696169257164001,0.7443617582321167
XEZ7e4pf1xE$_$11,Negative,Positive,-1.3333333730697632,0.31808990240097046,0.12769022583961487,0.36781173944473267,0.5044980049133301
XEZ7e4pf1xE$_$12,Negative,Positive,-1.6666666269302368,1.0325042009353638,0.014298115856945515,0.09452399611473083,0.8911778330802917
XFGHTk_3hGg$_$9,Positive,Positive,0.6666666865348816,0.8039056062698364,0.061868611723184586,0.27552250027656555,0.6626089215278625
XFGHTk_3hGg$_$5,Positive,Neutral,0.3333333432674408,0.01856013387441635,0.17716237902641296,0.5753283500671387,0.24750930070877075
XFGHTk_3hGg$_$6,Positive,Positive,0.3333333432674408,0.7162016034126282,0.02471214532852173,0.4369663596153259,0.5383215546607971
XPoY4LD-A1I$_$12,Neutral,Neutral,0.0,-0.25073766708374023,0.2839105725288391,0.5082130432128906,0.20787644386291504
XPoY4LD-A1I$_$8,Negative,Positive,-0.3333333432674408,0.5504806041717529,0.044187117367982864,0.45440247654914856,0.5014104843139648
XQOUZhWI1B0$_$3,Negative,Negative,-3.0,-1.0952131748199463,0.9021664261817932,0.032386455684900284,0.06544705480337143
XQxnAPleuCE$_$3,Positive,Neutral,0.6666666865348816,0.20032593607902527,0.07580013573169708,0.5637397170066833,0.36046019196510315
XVSDfgstFUQ$_$1,Positive,Positive,2.0,0.9487661123275757,0.09203547239303589,0.2904759347438812,0.6174886226654053
XVSDfgstFUQ$_$3,Positive,Positive,2.6666667461395264,1.811822533607483,0.0050089433789253235,0.04407348856329918,0.9509176015853882
XVSDfgstFUQ$_$4,Positive,Positive,2.6666667461395264,2.0805132389068604,0.009019684046506882,0.02330850623548031,0.9676718711853027
XXvSLz8QmGk$_$10,Positive,Positive,1.6666666269302368,1.2899625301361084,0.012115124613046646,0.053121279925107956,0.9347636103630066
XXvSLz8QmGk$_$7,Positive,Positive,2.0,1.0288516283035278,0.05143972858786583,0.21978065371513367,0.728779673576355
XbolrpSc0KU$_$5,Negative,Negative,-0.6666666865348816,-1.114884376525879,0.9098724126815796,0.07118172943592072,0.01894582062959671
XcHLB-qfv5M$_$0,Neutral,Neutral,0.0,0.3164210915565491,0.06192034110426903,0.5302552580833435,0.40782442688941956
XcHLB-qfv5M$_$3,Neutral,Neutral,0.0,0.004257646389305592,0.3028008043766022,0.5259864926338196,0.17121267318725586
XgT2WWcXip4$_$7,Neutral,Neutral,0.0,0.04932696372270584,0.256553590297699,0.41948404908180237,0.3239623010158539
Xo6-V2RlWss$_$1,Positive,Positive,2.6666667461395264,2.040407657623291,0.002703844802454114,0.03564116358757019,0.9616550207138062
Xo6-V2RlWss$_$0,Positive,Negative,1.6666666269302368,-0.19922056794166565,0.6778327822685242,0.1781691312789917,0.14399811625480652
Xq7zLxYHxd8$_$10,Neutral,Negative,0.0,-0.41321513056755066,0.5621997117996216,0.3146742582321167,0.12312610447406769
XsEPZydHWdo$_$4,Positive,Positive,1.3333333730697632,0.42225873470306396,0.03971545025706291,0.2542368471622467,0.7060477137565613
XwOdPYlyqXA$_$12,Positive,Positive,0.6666666865348816,1.034164547920227,0.008617979474365711,0.17695467174053192,0.8144273161888123
Xx7Y2YIbleA$_$16,Positive,Neutral,1.0,0.07960634678602219,0.11625578999519348,0.5785759091377258,0.3051682710647583
Xx7Y2YIbleA$_$9,Positive,Neutral,1.6666666269302368,0.38114428520202637,0.07218866050243378,0.5242906808853149,0.4035205841064453
Xx7Y2YIbleA$_$8,Neutral,Neutral,0.0,0.2676464915275574,0.04563957080245018,0.7791054844856262,0.1752549409866333
XyBU_gZtU0M$_$23,Positive,Positive,0.3333333432674408,0.7516433000564575,0.006507602520287037,0.19938775897026062,0.7941045761108398
XyBU_gZtU0M$_$4,Negative,Negative,-0.3333333432674408,-0.5730271935462952,0.6889930367469788,0.22556135058403015,0.0854455903172493
XyBU_gZtU0M$_$9,Neutral,Neutral,0.0,-0.12548485398292542,0.22788089513778687,0.5881524085998535,0.1839667707681656
XzhRYIeczg4$_$6,Positive,Positive,0.3333333432674408,1.3406537771224976,0.005801577586680651,0.11795608699321747,0.8762423396110535
Y6zyM1nDhN0$_$2,Negative,Negative,-1.0,-0.7671189308166504,0.8333650231361389,0.1310877799987793,0.035547174513339996
Y6zyM1nDhN0$_$4,Neutral,Neutral,0.0,0.05212130397558212,0.3345624506473541,0.5516913533210754,0.11374623328447342
YAYfMkxhRiQ$_$3,Negative,Neutral,-0.6666666865348816,0.10604844242334366,0.10538557916879654,0.718673050403595,0.1759413331747055
YB9EUgrzCCo$_$10,Negative,Negative,-2.0,0.13185925781726837,0.6915050148963928,0.03510916605591774,0.27338582277297974
YB9EUgrzCCo$_$5,Positive,Positive,0.6666666865348816,0.6515272259712219,0.10486769676208496,0.1388692855834961,0.756263017654419
YGeVGXXK3ao$_$1,Neutral,Neutral,0.0,0.23377197980880737,0.03881524130702019,0.7625489830970764,0.19863568246364594
YGeVGXXK3ao$_$4,Neutral,Neutral,0.0,0.49519455432891846,0.19606231153011322,0.4947480261325836,0.30918964743614197
YITXOmhQhYE$_$0,Positive,Positive,1.6666666269302368,0.6870390772819519,0.05079584941267967,0.17545916140079498,0.773745059967041
YITXOmhQhYE$_$3,Positive,Positive,1.0,1.0291825532913208,0.038547005504369736,0.1872527003288269,0.7742003798484802
YITXOmhQhYE$_$5,Positive,Positive,2.0,1.1395304203033447,0.013445360586047173,0.14983321726322174,0.8367213606834412
YITXOmhQhYE$_$7,Positive,Positive,0.3333333432674408,0.5654074549674988,0.11053556203842163,0.2764335572719574,0.6130309104919434
YITXOmhQhYE$_$6,Positive,Positive,0.3333333432674408,1.0818302631378174,0.016875604167580605,0.04005565866827965,0.9430687427520752
YJJoYkFPmds$_$10,Positive,Positive,0.6666666865348816,0.7497247457504272,0.04821037873625755,0.32166051864624023,0.6301290988922119
YJJoYkFPmds$_$5,Positive,Neutral,0.3333333432674408,0.3299838900566101,0.12119460850954056,0.4681113064289093,0.4106941223144531
YJJoYkFPmds$_$7,Positive,Negative,0.3333333432674408,0.08992214500904083,0.5713597536087036,0.2189599722623825,0.20968027412891388
YLA7h1RTa9w$_$4,Neutral,Neutral,0.0,0.031645115464925766,0.31344300508499146,0.38882413506507874,0.2977328300476074
YRmjALBdTdE$_$7,Negative,Negative,-1.0,-1.0353583097457886,0.8941544890403748,0.07242592424154282,0.033419568091630936
YVBsDJtAbk4$_$7,Negative,Positive,-0.6666666865348816,0.10921928286552429,0.26768597960472107,0.3510620594024658,0.3812519907951355
YVHJpAROBvQ$_$2,Positive,Neutral,0.6666666865348816,0.9340003728866577,0.03112976625561714,0.6218191981315613,0.3470509946346283
YWjTWl0oNLk$_$11,Positive,Negative,1.6666666269302368,-0.7940388321876526,0.9134936928749084,0.034839045256376266,0.05166720598936081
YWjTWl0oNLk$_$1,Neutral,Neutral,0.0,-0.235956072807312,0.13231384754180908,0.8049893975257874,0.06269670277833939
YWjTWl0oNLk$_$3,Neutral,Neutral,0.0,0.1132856234908104,0.12330702692270279,0.4629533886909485,0.4137395918369293
YWjTWl0oNLk$_$4,Negative,Negative,-0.3333333432674408,0.05112263560295105,0.41992318630218506,0.296314537525177,0.2837623357772827
YWjTWl0oNLk$_$7,Positive,Positive,0.6666666865348816,0.8484547734260559,0.029898425564169884,0.13171344995498657,0.8383881449699402
YWjTWl0oNLk$_$9,Positive,Neutral,0.6666666865348816,0.2685624957084656,0.12539948523044586,0.4649083912372589,0.4096921384334564
YWxvIFmYnNU$_$13,Neutral,Neutral,0.0,0.39157187938690186,0.12551815807819366,0.5388181805610657,0.33566373586654663
YWxvIFmYnNU$_$20,Neutral,Neutral,0.0,-0.3684779703617096,0.2481546252965927,0.5832895040512085,0.1685558557510376
YWxvIFmYnNU$_$26,Positive,Negative,0.6666666865348816,-0.2687070667743683,0.5026221871376038,0.32025548815727234,0.1771223396062851
YcJ5RJYUr7Y$_$17,Positive,Positive,2.3333332538604736,1.7895288467407227,0.004031104035675526,0.040139395743608475,0.9558295011520386
YcJ5RJYUr7Y$_$19,Positive,Positive,1.6666666269302368,0.818822979927063,0.06912755221128464,0.19000162184238434,0.7408708333969116
YcJ5RJYUr7Y$_$2,Positive,Negative,0.3333333432674408,-0.023533351719379425,0.42596131563186646,0.40609902143478394,0.16793958842754364
YcyHQQXGXWA$_$4,Positive,Positive,1.6666666269302368,1.7045586109161377,0.002440197393298149,0.043332964181900024,0.9542268514633179
YfxtwXXkCmc$_$0,Neutral,Neutral,0.0,-0.0437929593026638,0.0820232629776001,0.667670726776123,0.25030604004859924
Yi6Qyn4X8is$_$16,Negative,Negative,-0.6666666865348816,-1.8483035564422607,0.9879599809646606,0.00833586510270834,0.0037042421754449606
Yi6Qyn4X8is$_$7,Negative,Negative,-2.0,-1.3682342767715454,0.9536147713661194,0.020680278539657593,0.025704968720674515
YmGfjU5PGyE$_$5,Positive,Negative,0.3333333432674408,-0.2508126199245453,0.6660799980163574,0.22046981751918793,0.11345019936561584
Yn8vNC41UMg$_$10,Positive,Positive,0.6666666865348816,0.768242597579956,0.012817036360502243,0.15731702744960785,0.8298658728599548
YodtMIsjM0c$_$7,Positive,Neutral,0.6666666865348816,0.2881605625152588,0.10127434134483337,0.7083010673522949,0.19042456150054932
Z-26eyME6Co$_$10,Negative,Negative,-0.3333333432674408,-0.5626555681228638,0.5871395468711853,0.381283164024353,0.03157735615968704
Z3fcd1wdzr0$_$2,Neutral,Positive,0.0,0.9286914467811584,0.010016351006925106,0.17559446394443512,0.8143892288208008
Z3fcd1wdzr0$_$5,Positive,Neutral,0.6666666865348816,0.18754088878631592,0.061910439282655716,0.5781334042549133,0.35995611548423767
Z3fcd1wdzr0$_$4,Positive,Positive,1.3333333730697632,1.2419970035552979,0.010524114593863487,0.0614594891667366,0.9280163645744324
Z3fcd1wdzr0$_$7,Neutral,Positive,0.0,0.680279016494751,0.01039411686360836,0.4784836173057556,0.5111223459243774
ZDz8Qr-sJ3E$_$3,Negative,Negative,-0.3333333432674408,-0.5515775680541992,0.5999658703804016,0.3468467593193054,0.0531872920691967
ZDz8Qr-sJ3E$_$4,Neutral,Neutral,0.0,-0.3730534315109253,0.3529234528541565,0.5894981622695923,0.05757836997509003
ZJGzEeDXbyM$_$0,Positive,Neutral,0.6666666865348816,0.21809537708759308,0.030312782153487206,0.5628305673599243,0.4068566858768463
ZQuGizjoCTY$_$4,Negative,Neutral,-0.3333333432674408,0.07509487867355347,0.17987579107284546,0.5552888512611389,0.264835387468338
ZQuGizjoCTY$_$8,Positive,Neutral,2.0,0.701651930809021,0.18323510885238647,0.5201789140701294,0.29658597707748413
ZSBoSJaD2tQ$_$1,Neutral,Positive,0.0,0.9093118906021118,0.019581321626901627,0.20901189744472504,0.7714068293571472
ZSBoSJaD2tQ$_$8,Neutral,Positive,0.0,0.3110294044017792,0.16774961352348328,0.3668503165245056,0.4654000699520111
ZW4Oe_fKJM0$_$7,Positive,Positive,1.0,1.0272862911224365,0.009034834802150726,0.14956042170524597,0.8414046764373779
ZXHX_e6HCI0$_$0,Positive,Positive,0.6666666865348816,0.95339035987854,0.011628251522779465,0.1183387041091919,0.8700330257415771
ZZ1IyZaMTWQ$_$0,Positive,Positive,2.0,1.2999298572540283,0.009148170240223408,0.15399515628814697,0.8368567228317261
ZZ1IyZaMTWQ$_$5,Positive,Positive,0.6666666865348816,1.0973174571990967,0.01657097600400448,0.0884796604514122,0.8949493169784546
Zae-zQ3VBpY$_$2,Positive,Positive,1.0,1.411358118057251,0.00611944729462266,0.06413917243480682,0.9297413229942322
Zg9DKOHJdw8$_$3,Positive,Positive,0.6666666865348816,0.7599307298660278,0.04158925265073776,0.29625266790390015,0.6621580719947815
Zj_4YmbMWtg$_$10,Positive,Neutral,1.0,0.19974973797798157,0.3574596643447876,0.42564722895622253,0.21689310669898987
Zo8jCDGMWjw$_$0,Positive,Positive,0.6666666865348816,0.42807823419570923,0.07893741875886917,0.3485482335090637,0.5725142955780029
Zs8x712Y-CM$_$8,Negative,Negative,-0.3333333432674408,-0.26766437292099,0.6659581661224365,0.23154900968074799,0.10249290615320206
ZtuTCuh9C1M$_$11,Positive,Positive,1.6666666269302368,0.8985124826431274,0.025294795632362366,0.18038035929203033,0.7943249344825745
ZtuTCuh9C1M$_$8,Positive,Positive,1.0,0.7109967470169067,0.06439010798931122,0.14153921604156494,0.7940706014633179
ZzL2sHtTWRc$_$1,Neutral,Neutral,0.0,0.33303070068359375,0.08169566094875336,0.47660163044929504,0.4417026937007904
_26JmJnPKfM$_$5,Positive,Positive,1.3333333730697632,0.879267692565918,0.03602195903658867,0.30966049432754517,0.6543176174163818
_26JmJnPKfM$_$8,Positive,Positive,1.0,0.6380154490470886,0.03423888981342316,0.3003988265991211,0.6653622388839722
_26JmJnPKfM$_$11,Positive,Positive,1.6666666269302368,0.7553856372833252,0.02054441161453724,0.24416543543338776,0.7352901697158813
_26JmJnPKfM$_$13,Positive,Neutral,1.0,-0.01964106597006321,0.20889520645141602,0.5939966440200806,0.19710810482501984
_26JmJnPKfM$_$12,Positive,Positive,1.3333333730697632,0.7843077778816223,0.027867086231708527,0.3471667766571045,0.6249661445617676
_26JmJnPKfM$_$15,Neutral,Negative,0.0,-0.8651622533798218,0.8156768679618835,0.13586287200450897,0.04846019297838211
_26JmJnPKfM$_$14,Neutral,Neutral,0.0,0.19116902351379395,0.037268608808517456,0.8905215859413147,0.07220979779958725
_4PNh8dIILI$_$3,Positive,Positive,2.0,1.4325895309448242,0.01010256540030241,0.05545104295015335,0.9344464540481567
_8pvMpMdGM4$_$1,Positive,Positive,1.0,1.4448189735412598,0.012258708477020264,0.13269144296646118,0.8550497889518738
_8pvMpMdGM4$_$0,Positive,Positive,0.3333333432674408,0.8000079989433289,0.017475461587309837,0.25596746802330017,0.7265570163726807
_8pvMpMdGM4$_$4,Positive,Positive,1.3333333730697632,1.7555670738220215,0.005593657493591309,0.04568208381533623,0.9487242102622986
_8pvMpMdGM4$_$6,Positive,Positive,0.3333333432674408,1.2653744220733643,0.029238754883408546,0.10049689561128616,0.8702643513679504
_HabvL0VnrQ$_$31,Positive,Positive,0.3333333432674408,0.8293059468269348,0.013156873174011707,0.2340860813856125,0.7527570724487305
_HabvL0VnrQ$_$0,Neutral,Neutral,0.0,-0.2501757740974426,0.26399290561676025,0.6350341439247131,0.10097294300794601
_HabvL0VnrQ$_$9,Negative,Negative,-0.3333333432674408,-0.5221789479255676,0.6762633919715881,0.28208300471305847,0.04165364429354668
_HanACduNJk$_$10,Negative,Negative,-1.0,-0.31904110312461853,0.4668082594871521,0.45174092054367065,0.08145084232091904
_HanACduNJk$_$12,Neutral,Neutral,0.0,-0.036959171295166016,0.10050101578235626,0.7445799708366394,0.15491901338100433
_HanACduNJk$_$2,Neutral,Neutral,0.0,-0.08583088219165802,0.22874322533607483,0.6513348817825317,0.11992191523313522
_JcML8u5Wes$_$3,Positive,Positive,1.6666666269302368,1.7104471921920776,0.007015564013272524,0.023425627499818802,0.9695587754249573
_PKP676ez2c$_$4,Positive,Positive,0.3333333432674408,0.7938861846923828,0.024337315931916237,0.3028825521469116,0.6727800369262695
_PKP676ez2c$_$7,Neutral,Neutral,0.0,0.07232080399990082,0.22520482540130615,0.6107262372970581,0.16406887769699097
_UNQDdiAbWI$_$4,Positive,Positive,1.0,0.8473829030990601,0.020130349323153496,0.24694818258285522,0.7329214811325073
_XWUKMkxa-Q$_$4,Positive,Positive,1.0,0.844102144241333,0.08212725818157196,0.17475159466266632,0.7431211471557617
_YzIvwvyIq4$_$5,Positive,Positive,1.0,0.7399494051933289,0.025711355730891228,0.2744395136833191,0.6998490691184998
_bIJOxiIJFk$_$5,Positive,Positive,1.3333333730697632,1.5880405902862549,0.006359786260873079,0.0467367023229599,0.9469035267829895
_bIJOxiIJFk$_$4,Positive,Positive,1.3333333730697632,1.2437959909439087,0.007519908715039492,0.08173280209302902,0.9107472896575928
_iRAn6feOmw$_$25,Neutral,Positive,0.0,0.5146749019622803,0.05033421143889427,0.2773946523666382,0.6722710728645325
_iRAn6feOmw$_$15,Positive,Positive,0.3333333432674408,0.5910664200782776,0.01647607609629631,0.33259546756744385,0.6509283781051636
_iRAn6feOmw$_$14,Positive,Positive,0.3333333432674408,1.0149309635162354,0.0069460743106901646,0.09258162975311279,0.9004722833633423
_iy7ftq27xE$_$11,Neutral,Neutral,0.0,-0.08108419179916382,0.18844074010849,0.4885651469230652,0.3229941129684448
_iy7ftq27xE$_$6,Negative,Negative,-1.6666666269302368,-0.9217994213104248,0.7957528829574585,0.15873853862285614,0.04550861567258835
_iy7ftq27xE$_$9,Neutral,Neutral,0.0,0.09307826310396194,0.10646051913499832,0.6288237571716309,0.2647157609462738
_qVgNLJCYdA$_$0,Neutral,Neutral,0.0,0.4543902277946472,0.049674104899168015,0.6583207845687866,0.2920050621032715
_qVgNLJCYdA$_$6,Neutral,Neutral,0.0,0.411687970161438,0.07887862622737885,0.6416419744491577,0.27947938442230225
_t8ETpf2LnM$_$0,Neutral,Negative,0.0,-0.1549951583147049,0.440058171749115,0.405854195356369,0.154087632894516
_v8c7iWkYz0$_$4,Neutral,Positive,0.0,0.6350899338722229,0.019573666155338287,0.43228790163993835,0.5481383800506592
_xjBqNfiEY4$_$0,Positive,Positive,2.0,1.5878223180770874,0.0043125515803694725,0.05977247282862663,0.9359149932861328
a4vRa-_nuJw$_$11,Negative,Positive,-1.3333333730697632,0.516044557094574,0.12272259593009949,0.30698344111442566,0.5702939629554749
a4vRa-_nuJw$_$10,Positive,Positive,1.0,1.3092432022094727,0.021872088313102722,0.05659155920147896,0.9215363264083862
a4vRa-_nuJw$_$4,Positive,Positive,0.6666666865348816,1.0005135536193848,0.054987065494060516,0.13513273000717163,0.8098801970481873
a5CSKvCAhbs$_$11,Neutral,Neutral,0.0,0.6040442585945129,0.03321927785873413,0.5821954607963562,0.3845852315425873
a5CSKvCAhbs$_$7,Neutral,Neutral,0.0,0.294838547706604,0.1456964612007141,0.637749433517456,0.21655403077602386
a5CSKvCAhbs$_$6,Positive,Positive,0.3333333432674408,0.6973584890365601,0.10521596670150757,0.3757762908935547,0.5190077424049377
a5FKWiI90hk$_$3,Positive,Neutral,0.3333333432674408,0.2081003487110138,0.20473740994930267,0.6440860033035278,0.1511765718460083
a7HHg_JygJo$_$5,Positive,Positive,0.3333333432674408,0.7552083134651184,0.020513731986284256,0.3010203242301941,0.6784659028053284
a7HHg_JygJo$_$6,Positive,Positive,0.6666666865348816,0.9629578590393066,0.01182304322719574,0.15210872888565063,0.8360682725906372
a8WV5KEMKSw$_$1,Negative,Negative,-1.6666666269302368,-0.43121421337127686,0.6397334337234497,0.20559614896774292,0.15467043220996857
a8WV5KEMKSw$_$0,Negative,Negative,-1.0,-0.5756810903549194,0.8138884902000427,0.09482929110527039,0.09128221124410629
aCwLQrJz4Bo$_$0,Positive,Negative,1.3333333730697632,-0.9362239837646484,0.9236069321632385,0.034356869757175446,0.04203631728887558
aDvgbBqTWWE$_$10,Neutral,Positive,0.0,1.0828629732131958,0.00584604823961854,0.1588379144668579,0.8353160619735718
aDvgbBqTWWE$_$23,Negative,Negative,-0.3333333432674408,-0.3298691213130951,0.5288902521133423,0.3056868612766266,0.16542281210422516
aDvgbBqTWWE$_$30,Positive,Positive,1.6666666269302368,0.9780031442642212,0.017633115872740746,0.15804579854011536,0.8243210911750793
aE7sckIAWuw$_$4,Negative,Negative,-0.6666666865348816,-0.6034693121910095,0.8398259282112122,0.07921212166547775,0.08096189796924591
aE7sckIAWuw$_$8,Positive,Negative,0.6666666865348816,-0.5756820440292358,0.7221552133560181,0.1926289051771164,0.08521577715873718
aFjMWlR1QAY$_$0,Negative,Negative,-0.6666666865348816,-0.01684749312698841,0.9051382541656494,0.023675763979554176,0.07118597626686096
aFjMWlR1QAY$_$3,Negative,Negative,-1.3333333730697632,-0.7739311456680298,0.7952853441238403,0.1383223533630371,0.06639236211776733
aFjMWlR1QAY$_$2,Neutral,Neutral,0.0,0.38703352212905884,0.09832494705915451,0.5147593021392822,0.3869157135486603
aFjMWlR1QAY$_$9,Negative,Negative,-1.3333333730697632,-1.242578387260437,0.9550215005874634,0.0340518020093441,0.010926775634288788
aI1tdJPHz2I$_$1,Neutral,Neutral,0.0,0.09157561510801315,0.17734259366989136,0.6327081322669983,0.18994930386543274
aIUF3QJJOF4$_$12,Positive,Positive,1.0,1.670515537261963,0.0068451957777142525,0.06862180680036545,0.9245330095291138
aIUF3QJJOF4$_$0,Positive,Positive,1.0,0.720224916934967,0.034760165959596634,0.40244269371032715,0.5627971291542053
aIUF3QJJOF4$_$3,Positive,Positive,0.3333333432674408,1.4732571840286255,0.009463650174438953,0.0497584268450737,0.9407778978347778
aIUF3QJJOF4$_$2,Positive,Negative,0.3333333432674408,-0.10257081687450409,0.5699917078018188,0.22200721502304077,0.208001047372818
aIUF3QJJOF4$_$7,Neutral,Positive,0.0,0.4288879632949829,0.24152542650699615,0.3091960847377777,0.44927847385406494
aNOuoSVlunM$_$8,Negative,Negative,-1.0,-1.2264013290405273,0.9560394883155823,0.03009622171521187,0.013864262029528618
aNOuoSVlunM$_$0,Neutral,Negative,0.0,-0.8548582792282104,0.8687103986740112,0.09816630929708481,0.03312335163354874
afCsKTHteg4$_$5,Positive,Positive,2.3333332538604736,1.0782413482666016,0.01918834261596203,0.11712545901536942,0.8636862635612488
ahcAFnY6iAY$_$1,Neutral,Neutral,0.0,0.20914645493030548,0.11645657569169998,0.6006968021392822,0.28284671902656555
aiUq5xksJy0$_$5,Neutral,Neutral,0.0,0.5986555814743042,0.038694318383932114,0.5740289688110352,0.3872767388820648
aiUq5xksJy0$_$7,Neutral,Neutral,0.0,0.45935338735580444,0.05126572027802467,0.6493028998374939,0.29943132400512695
ak7N0BqMluI$_$3,Negative,Neutral,-0.3333333432674408,-0.3189017176628113,0.37367433309555054,0.521074652671814,0.10525107383728027
ak7N0BqMluI$_$2,Negative,Neutral,-0.3333333432674408,-0.25794684886932373,0.34111908078193665,0.5491758584976196,0.10970505326986313
amem5EmRG3s$_$2,Positive,Positive,2.0,1.1733183860778809,0.021017374470829964,0.09807843714952469,0.8809042572975159
ap465Tlzf88$_$1,Positive,Neutral,0.3333333432674408,0.24731451272964478,0.04752795770764351,0.6514438986778259,0.3010281026363373
aqmRPNfeOy8$_$0,Positive,Positive,0.3333333432674408,0.6548590660095215,0.03508749231696129,0.21983160078525543,0.7450808882713318
aqmRPNfeOy8$_$2,Positive,Positive,0.6666666865348816,0.5461841821670532,0.011375227011740208,0.45274507999420166,0.5358797311782837
asWraTfIqq0$_$11,Positive,Positive,1.0,0.8544814586639404,0.02178904600441456,0.4282231032848358,0.5499879121780396
asWraTfIqq0$_$4,Neutral,Neutral,0.0,0.3191967308521271,0.08034317940473557,0.6489784121513367,0.27067846059799194
asWraTfIqq0$_$6,Positive,Neutral,1.3333333730697632,0.46006298065185547,0.14965911209583282,0.4349576532840729,0.4153832495212555
assx_NKo-L8$_$14,Neutral,Neutral,0.0,-0.01598968170583248,0.034156978130340576,0.8155041337013245,0.15033890306949615
assx_NKo-L8$_$4,Negative,Neutral,-0.3333333432674408,0.007154757156968117,0.23600634932518005,0.4147692918777466,0.3492242693901062
assx_NKo-L8$_$9,Negative,Negative,-1.3333333730697632,-0.289875328540802,0.5190901160240173,0.3400779664516449,0.14083191752433777
assx_NKo-L8$_$20,Negative,Neutral,-0.3333333432674408,-0.2563329339027405,0.38185569643974304,0.4700706899166107,0.1480736881494522
atxoi7pB5TM$_$2,Neutral,Neutral,0.0,-0.06757654249668121,0.1674574464559555,0.7571946978569031,0.07534784823656082
avW2m6VHTyg$_$2,Positive,Positive,2.0,1.5923418998718262,0.002593939658254385,0.04825459420681,0.9491514563560486
b1Il3Nf6BrU$_$6,Positive,Neutral,0.6666666865348816,0.28931427001953125,0.22822968661785126,0.45265305042266846,0.3191171884536743
b8xmgi4VV0M$_$9,Positive,Positive,1.0,0.5663594007492065,0.008257349953055382,0.3774704933166504,0.6142721176147461
bBJ0BxmIocQ$_$1,Positive,Positive,2.3333332538604736,1.776477575302124,0.0035298974253237247,0.026361355558037758,0.9701087474822998
bBJ0BxmIocQ$_$0,Positive,Positive,1.6666666269302368,1.380152940750122,0.005782617721706629,0.10648996382951736,0.8877274394035339
bBJ0BxmIocQ$_$12,Neutral,Positive,0.0,0.42449381947517395,0.040874164551496506,0.4539433419704437,0.5051824450492859
bBJ0BxmIocQ$_$19,Positive,Positive,0.6666666865348816,0.5938260555267334,0.20110811293125153,0.15064871311187744,0.6482431888580322
bBJ0BxmIocQ$_$18,Negative,Negative,-0.3333333432674408,-0.49211663007736206,0.7430073618888855,0.08884955197572708,0.1681431233882904
bCDfIJ12oqM$_$0,Positive,Positive,1.0,0.8073225021362305,0.022511914372444153,0.27754586935043335,0.6999422311782837
bQcJVJcpgAs$_$1,Positive,Positive,1.0,0.9201083779335022,0.02893434651196003,0.0606006421148777,0.9104650616645813
bU6CgE_kMRY$_$5,Positive,Positive,2.0,1.026465892791748,0.015133810229599476,0.12290631979703903,0.8619598746299744
bUFAN2TgPaU$_$11,Positive,Positive,1.6666666269302368,0.9560020565986633,0.02529049664735794,0.3307695984840393,0.6439398527145386
bVhWpCvpSs4$_$1,Positive,Positive,1.3333333730697632,1.509291172027588,0.005338707473129034,0.07551272213459015,0.9191486239433289
bVhWpCvpSs4$_$3,Positive,Positive,1.3333333730697632,1.2203333377838135,0.010397899895906448,0.15161043405532837,0.8379916548728943
bVhWpCvpSs4$_$2,Positive,Positive,1.6666666269302368,1.5747997760772705,0.023075072094798088,0.04079894721508026,0.9361259937286377
bVhWpCvpSs4$_$6,Positive,Positive,2.0,1.999903678894043,0.001640679663978517,0.019375992938876152,0.9789834022521973
bYt4wybVLRQ$_$3,Positive,Positive,1.6666666269302368,1.293800711631775,0.04723762348294258,0.05933000147342682,0.8934323787689209
bYt4wybVLRQ$_$16,Negative,Negative,-0.3333333432674408,-0.18535035848617554,0.7136091589927673,0.18581856787204742,0.10057219862937927
bZ2ytqPtyK4$_$14,Positive,Positive,2.0,1.5325613021850586,0.012065568007528782,0.10460492223501205,0.8833295702934265
b_SffSbPVJM$_$5,Negative,Positive,-0.3333333432674408,0.4317779839038849,0.29863569140434265,0.33496716618537903,0.36639708280563354
babuyKl7EAw$_$5,Neutral,Negative,0.0,-0.16932088136672974,0.6269363760948181,0.09377903491258621,0.27928465604782104
badtXoOJaf8$_$7,Neutral,Negative,0.0,-0.8657358884811401,0.8362852931022644,0.12468627840280533,0.03902842476963997
bcns0Gu66D8$_$3,Negative,Positive,-0.6666666865348816,0.6000735759735107,0.14757584035396576,0.2880955934524536,0.5643285512924194
bdtwQxwySN0$_$15,Positive,Positive,1.3333333730697632,1.7970027923583984,0.018818117678165436,0.035959888249635696,0.945222020149231
bdtwQxwySN0$_$2,Negative,Negative,-1.3333333730697632,-1.1903120279312134,0.9169671535491943,0.05988086014986038,0.023151947185397148
bfy28AlY-TQ$_$3,Positive,Positive,0.6666666865348816,0.45065802335739136,0.3190345764160156,0.21181459724903107,0.4691508710384369
bh4_Kd4hhd4$_$1,Positive,Positive,0.6666666865348816,0.6602141857147217,0.061228133738040924,0.3606661260128021,0.5781058073043823
bhFK-xy76U4$_$1,Positive,Negative,0.6666666865348816,-0.1591930240392685,0.6659160852432251,0.17735682427883148,0.15672709047794342
bhPB19tr-JY$_$0,Positive,Positive,2.0,1.037854552268982,0.006776181515306234,0.17264480888843536,0.8205790519714355
bhPB19tr-JY$_$6,Positive,Positive,0.6666666865348816,0.8515838384628296,0.00633465638384223,0.16674239933490753,0.8269229531288147
bkP-BNW4oMg$_$0,Positive,Neutral,1.3333333730697632,0.8963038921356201,0.020812317728996277,0.548238217830658,0.43094944953918457
c5-L8vC6_sk$_$8,Neutral,Positive,0.0,0.32348060607910156,0.2858973443508148,0.23616528511047363,0.47793740034103394
c6wuh0NRG1s$_$1,Neutral,Neutral,0.0,0.45645439624786377,0.06375692039728165,0.6631101369857788,0.27313295006752014
c6wuh0NRG1s$_$0,Neutral,Negative,0.0,-0.4212420582771301,0.5229851603507996,0.36904722452163696,0.10796760022640228
c6wuh0NRG1s$_$9,Positive,Positive,1.0,1.0909836292266846,0.006287798285484314,0.24841207265853882,0.7453001141548157
c7xUcM68IFE$_$2,Positive,Positive,0.6666666865348816,0.831457257270813,0.04095786064863205,0.17295151948928833,0.786090612411499
c7xUcM68IFE$_$5,Positive,Positive,0.6666666865348816,0.8741028308868408,0.018503431230783463,0.2921540439128876,0.6893425583839417
c7xUcM68IFE$_$9,Positive,Positive,1.0,0.24796155095100403,0.1768008917570114,0.2495110034942627,0.5736880898475647
c805Td8A_Ek$_$22,Positive,Positive,1.3333333730697632,1.4079055786132812,0.009416047483682632,0.04835612699389458,0.9422277808189392
c805Td8A_Ek$_$17,Positive,Positive,0.3333333432674408,0.992965817451477,0.00658614793792367,0.18090519309043884,0.8125086426734924
c805Td8A_Ek$_$16,Positive,Positive,0.6666666865348816,0.7549021244049072,0.014479358680546284,0.23135365545749664,0.7541669607162476
c9jD33baJ60$_$1,Negative,Negative,-1.3333333730697632,-0.5518589615821838,0.7629414796829224,0.14730241894721985,0.0897560864686966
c9jD33baJ60$_$0,Neutral,Positive,0.0,0.2843951880931854,0.11516974121332169,0.23430468142032623,0.6505255699157715
cAA2mONG98w$_$2,Positive,Positive,0.3333333432674408,1.022916555404663,0.015326029621064663,0.1436435878276825,0.8410302996635437
cEXJ2zFbC9I$_$4,Negative,Negative,-1.0,-0.6076596975326538,0.7389211058616638,0.16848646104335785,0.09259243309497833
cKUPgzZu-Fk$_$4,Positive,Positive,1.3333333730697632,0.6139535307884216,0.08053086698055267,0.3819290101528168,0.5375401377677917
cKldvZeyRDA$_$2,Negative,Negative,-1.3333333730697632,-0.5548570156097412,0.5804851055145264,0.2818552851676941,0.13765956461429596
cKxNJY7sA8s$_$1,Positive,Positive,0.3333333432674408,0.8827008008956909,0.04294734075665474,0.14914573729038239,0.8079069256782532
cM1Zuji24dI$_$3,Neutral,Positive,0.0,0.305970698595047,0.05913828685879707,0.3851824402809143,0.555679202079773
cM1Zuji24dI$_$2,Neutral,Negative,0.0,-0.7378677725791931,0.8193333148956299,0.13958218693733215,0.04108449071645737
cOcNe3L4VAg$_$10,Positive,Positive,2.0,0.3682607412338257,0.01872505620121956,0.463411808013916,0.5178631544113159
cOcNe3L4VAg$_$13,Neutral,Positive,0.0,0.8275793790817261,0.00884360820055008,0.1432000994682312,0.8479562997817993
cOcNe3L4VAg$_$2,Positive,Neutral,1.3333333730697632,0.29758211970329285,0.02519165351986885,0.5636371970176697,0.4111711382865906
cRFiXLzcCOA$_$3,Positive,Positive,2.0,1.5417826175689697,0.008053858764469624,0.045960940420627594,0.9459851980209351
cS3BDGNDu_8$_$10,Negative,Negative,-1.3333333730697632,-0.902501106262207,0.8916507363319397,0.07462301105260849,0.03372620791196823
cS3BDGNDu_8$_$2,Negative,Negative,-0.6666666865348816,-0.07209678739309311,0.5117822289466858,0.21732191741466522,0.2708958685398102
cUm0TN3vXRc$_$2,Negative,Negative,-1.0,-1.4197795391082764,0.9508951902389526,0.038541097193956375,0.010563712567090988
cZVM4svwE90$_$25,Positive,Positive,1.0,0.8494647741317749,0.03137895464897156,0.292095810174942,0.6765251755714417
cZVM4svwE90$_$26,Positive,Positive,1.3333333730697632,0.4924857020378113,0.05702115222811699,0.4153716266155243,0.5276072025299072
cZVM4svwE90$_$1,Positive,Neutral,0.6666666865348816,0.13108345866203308,0.0529264435172081,0.7743188738822937,0.17275476455688477
cZVM4svwE90$_$3,Neutral,Neutral,0.0,0.11135590821504593,0.03818253427743912,0.7038430571556091,0.2579743564128876
cZVM4svwE90$_$4,Positive,Positive,1.0,1.1877776384353638,0.024877039715647697,0.0665854886174202,0.9085374474525452
cZVM4svwE90$_$6,Positive,Positive,1.0,1.2724308967590332,0.008880363777279854,0.21416792273521423,0.7769517302513123
cZVM4svwE90$_$13,Positive,Positive,1.3333333730697632,1.5149600505828857,0.0167378056794405,0.04138242080807686,0.9418797492980957
cZVM4svwE90$_$12,Positive,Positive,0.6666666865348816,0.8907369375228882,0.1663864701986313,0.10039938986301422,0.7332140803337097
cZVM4svwE90$_$15,Positive,Positive,1.0,0.6290375590324402,0.06321778893470764,0.29816538095474243,0.6386168599128723
c_FJuhSte8Q$_$5,Negative,Negative,-0.3333333432674408,-0.9673113226890564,0.9500864744186401,0.026361865922808647,0.023551665246486664
c_FJuhSte8Q$_$7,Positive,Positive,1.3333333730697632,1.1696221828460693,0.013777056708931923,0.11384323239326477,0.872379720211029
c_FJuhSte8Q$_$8,Positive,Positive,2.0,1.281451940536499,0.012311371974647045,0.10724946856498718,0.8804391622543335
caLWajc18Y4$_$5,Neutral,Positive,0.0,0.840994119644165,0.011746155098080635,0.20582473278045654,0.7824290990829468
caLWajc18Y4$_$6,Positive,Positive,0.3333333432674408,0.8004992008209229,0.0572434701025486,0.2910968065261841,0.6516597270965576
caLWajc18Y4$_$9,Neutral,Positive,0.0,0.6348364353179932,0.01982864923775196,0.43712374567985535,0.5430476069450378
cfX_iuhCbRY$_$1,Positive,Positive,0.6666666865348816,1.2622151374816895,0.005127680487930775,0.10564015060663223,0.8892321586608887
cfX_iuhCbRY$_$5,Neutral,Neutral,0.0,-0.41004371643066406,0.22871093451976776,0.6375545263290405,0.1337345838546753
cjgq9d8Zn9g$_$2,Neutral,Neutral,0.0,0.1992102563381195,0.2487877458333969,0.5272301435470581,0.2239820659160614
cmJW6mkspkI$_$0,Positive,Positive,2.3333332538604736,1.7084994316101074,0.011395224370062351,0.035062432289123535,0.9535424113273621
cnllFPRyBFs$_$0,Neutral,Neutral,0.0,0.37195825576782227,0.04393308237195015,0.5743234753608704,0.3817433714866638
ctMCSUT2LlQ$_$4,Neutral,Neutral,0.0,0.40140554308891296,0.041544318199157715,0.5812798738479614,0.37717580795288086
d0QNH2vcDgU$_$3,Positive,Positive,0.3333333432674408,0.1607675403356552,0.16404663026332855,0.3870801031589508,0.44887325167655945
d0QNH2vcDgU$_$13,Positive,Positive,2.3333332538604736,2.0210444927215576,0.003811664879322052,0.022010620683431625,0.9741776585578918
d38u9n5GOLM$_$26,Positive,Neutral,1.6666666269302368,0.42464151978492737,0.3171825110912323,0.4359472095966339,0.24687032401561737
d38u9n5GOLM$_$18,Positive,Positive,1.6666666269302368,0.5551973581314087,0.17973652482032776,0.31647151708602905,0.5037919878959656
d38u9n5GOLM$_$28,Positive,Positive,1.3333333730697632,1.3335875272750854,0.005030772183090448,0.09161066263914108,0.903358519077301
d38u9n5GOLM$_$6,Positive,Positive,2.3333332538604736,0.830066978931427,0.024874728173017502,0.18620209395885468,0.7889232039451599
d3I7Ug-_3L0$_$0,Positive,Positive,0.6666666865348816,0.6628714203834534,0.042690858244895935,0.23937402665615082,0.7179350852966309
d3I7Ug-_3L0$_$5,Negative,Neutral,-0.6666666865348816,-0.17039754986763,0.15626125037670135,0.6891801357269287,0.15455864369869232
d3I7Ug-_3L0$_$6,Negative,Negative,-0.3333333432674408,-0.6573950052261353,0.563852071762085,0.40684133768081665,0.029306583106517792
d89Z_olwc2Y$_$24,Positive,Neutral,0.3333333432674408,0.2510219216346741,0.14985868334770203,0.5067084431648254,0.34343287348747253
d99mfGIenCo$_$15,Positive,Positive,0.6666666865348816,0.34812912344932556,0.02873331680893898,0.28585633635520935,0.6854103207588196
d99mfGIenCo$_$16,Positive,Positive,1.0,1.4108920097351074,0.005503437481820583,0.04932902380824089,0.945167601108551
d99mfGIenCo$_$1,Positive,Positive,0.6666666865348816,0.6711567640304565,0.013466973789036274,0.31537923216819763,0.6711538434028625
d99mfGIenCo$_$2,Positive,Positive,2.0,0.5427433848381042,0.017318380996584892,0.4575206935405731,0.5251609086990356
dCDAcBR505Q$_$14,Neutral,Neutral,0.0,0.35339707136154175,0.06476783752441406,0.5555064082145691,0.3797258138656616
dJ5MXl66-UQ$_$1,Positive,Positive,0.6666666865348816,0.7719230651855469,0.017800191417336464,0.19761064648628235,0.7845891118049622
dQ56b0bqmc8$_$5,Positive,Positive,0.6666666865348816,0.9715533256530762,0.0221735667437315,0.13921834528446198,0.8386080265045166
dSax_7klbfE$_$17,Positive,Neutral,0.3333333432674408,-0.0067708902060985565,0.06569713354110718,0.5763866305351257,0.3579162061214447
dSax_7klbfE$_$1,Negative,Negative,-0.3333333432674408,-0.4549272060394287,0.6045027375221252,0.3017721176147461,0.09372517466545105
dWfgSGnd9zM$_$6,Positive,Positive,1.0,0.7687979936599731,0.037614550441503525,0.17440158128738403,0.7879838347434998
dXMAS2tIknw$_$6,Negative,Positive,-0.6666666865348816,0.20067161321640015,0.2355475276708603,0.3780673146247864,0.38638511300086975
dYyg91d7zjY$_$2,Negative,Negative,-0.3333333432674408,-0.7622503042221069,0.4805460572242737,0.46339407563209534,0.056059882044792175
damyXH7mBic$_$11,Positive,Positive,0.6666666865348816,0.8484583497047424,0.01934043876826763,0.23928239941596985,0.7413771152496338
dbpGH5iP0GE$_$2,Positive,Neutral,0.3333333432674408,-0.25045016407966614,0.1267741322517395,0.7960394620895386,0.07718643546104431
dbpGH5iP0GE$_$3,Neutral,Neutral,0.0,0.2676007151603699,0.05186396837234497,0.7676296830177307,0.1805063635110855
dcUlt6zk_S0$_$5,Positive,Positive,0.3333333432674408,0.5113381147384644,0.0838255062699318,0.35198545455932617,0.5641890168190002
ddix4XuaUlY$_$4,Positive,Positive,0.6666666865348816,1.091976284980774,0.009791997261345387,0.17630349099636078,0.8139045238494873
dqragS38hCk$_$10,Neutral,Positive,0.0,0.755152702331543,0.022360002622008324,0.30292099714279175,0.674718976020813
dqragS38hCk$_$2,Negative,Negative,-0.6666666865348816,0.0636989027261734,0.726125955581665,0.12436896562576294,0.14950501918792725
dqragS38hCk$_$8,Negative,Negative,-0.3333333432674408,-0.5789255499839783,0.9049670100212097,0.05292518064379692,0.042107757180929184
dsob2MgUPpA$_$13,Positive,Positive,2.6666667461395264,1.7901148796081543,0.0049542831256985664,0.027806593105196953,0.9672391414642334
dsob2MgUPpA$_$3,Positive,Positive,2.3333332538604736,0.8290239572525024,0.051174845546483994,0.32490548491477966,0.6239197254180908
dsob2MgUPpA$_$2,Positive,Positive,2.3333332538604736,1.7075382471084595,0.003103344002738595,0.05059477314352989,0.9463018178939819
dsob2MgUPpA$_$5,Positive,Positive,2.0,1.260221004486084,0.026027696207165718,0.09080933779478073,0.8831629753112793
dyZdiWNflko$_$6,Positive,Positive,1.0,0.5735880732536316,0.014360594563186169,0.23599223792552948,0.7496472597122192
e-2QlzFeyNU$_$4,Positive,Positive,1.3333333730697632,0.535622239112854,0.02218174748122692,0.31302863359451294,0.664789617061615
e0hYEr848TE$_$0,Positive,Positive,0.6666666865348816,1.0806608200073242,0.09462607651948929,0.2822278141975403,0.6231460571289062
e0ltF8zpEcw$_$9,Positive,Neutral,0.6666666865348816,0.5078191757202148,0.08860298246145248,0.5785863399505615,0.3328106999397278
e0ltF8zpEcw$_$8,Neutral,Neutral,0.0,0.4970833659172058,0.0606287382543087,0.7615811824798584,0.17779012024402618
e1E5W_ZefmY$_$10,Negative,Neutral,-0.3333333432674408,-0.14349544048309326,0.10148362070322037,0.7708934545516968,0.12762300670146942
e1E5W_ZefmY$_$3,Neutral,Neutral,0.0,-0.12661154568195343,0.17883090674877167,0.6675094962120056,0.1536596119403839
e7_2U4lm6TE$_$38,Neutral,Positive,0.0,0.9081167578697205,0.03053867258131504,0.09478478878736496,0.874676525592804
e7_2U4lm6TE$_$28,Negative,Positive,-1.3333333730697632,0.43062448501586914,0.39885732531547546,0.14889644086360931,0.4522462487220764
e7_2U4lm6TE$_$7,Positive,Positive,1.3333333730697632,0.7306188941001892,0.04715986177325249,0.2292954921722412,0.723544716835022
eJwZfdtlks8$_$15,Positive,Neutral,0.6666666865348816,0.29717639088630676,0.19121740758419037,0.5203304886817932,0.28845205903053284
ePtlUYCdrNM$_$1,Neutral,Negative,0.0,0.07839711010456085,0.6227095127105713,0.12615527212619781,0.2511352598667145
eSHOcLD5T58$_$7,Negative,Neutral,-0.3333333432674408,-0.24868100881576538,0.3194963037967682,0.571670413017273,0.10883326828479767
eSHOcLD5T58$_$9,Positive,Positive,1.6666666269302368,0.6628989577293396,0.04664556309580803,0.44538843631744385,0.5079659819602966
eTCnM472-cQ$_$0,Neutral,Positive,0.0,0.6380674242973328,0.016051461920142174,0.2784469723701477,0.7055016160011292
eTn2P4wmFr4$_$12,Negative,Negative,-0.3333333432674408,-0.8627971410751343,0.954167366027832,0.02128058671951294,0.0245521143078804
eTn2P4wmFr4$_$15,Negative,Negative,-0.6666666865348816,0.02812902256846428,0.47429654002189636,0.13199076056480408,0.3937126696109772
eTn2P4wmFr4$_$3,Negative,Negative,-1.0,-0.580498218536377,0.8383809328079224,0.1181710883975029,0.04344800114631653
eTn2P4wmFr4$_$7,Negative,Negative,-2.0,-1.5652580261230469,0.9821538925170898,0.013240521773695946,0.004605521447956562
eTn2P4wmFr4$_$9,Positive,Negative,0.3333333432674408,-0.028722787275910378,0.7014786005020142,0.13821867108345032,0.16030271351337433
eW1vgHE6FRM$_$14,Positive,Positive,1.6666666269302368,1.1505624055862427,0.0272954311221838,0.11528263241052628,0.8574219346046448
eW1vgHE6FRM$_$3,Positive,Neutral,0.3333333432674408,0.7416960000991821,0.03382720425724983,0.4962207078933716,0.4699520468711853
eY64P27khzk$_$0,Negative,Neutral,-0.3333333432674408,-0.14950136840343475,0.2663569152355194,0.4223756194114685,0.3112674057483673
eY64P27khzk$_$3,Neutral,Neutral,0.0,-0.26881226897239685,0.30361345410346985,0.5096901655197144,0.18669632077217102
eeN7l4R3nPc$_$10,Positive,Positive,0.3333333432674408,0.3914071321487427,0.04122172296047211,0.4436669945716858,0.5151112675666809
efLrpnuLwyU$_$1,Neutral,Negative,0.0,-0.1623571217060089,0.5950285196304321,0.1960454285144806,0.20892605185508728
emtvrtk-jsU$_$7,Negative,Negative,-1.0,-0.1841617226600647,0.5757919549942017,0.14167910814285278,0.28252890706062317
ep3IasggD3k$_$10,Positive,Positive,0.3333333432674408,0.7098138332366943,0.05199457332491875,0.37440237402915955,0.573603093624115
esR-tOjT6KM$_$0,Positive,Negative,0.6666666865348816,-1.1698110103607178,0.940773069858551,0.03233405575156212,0.026892876252532005
esR-tOjT6KM$_$3,Positive,Positive,2.0,1.3958966732025146,0.005015234462916851,0.06884317845106125,0.9261415600776672
esR-tOjT6KM$_$6,Positive,Positive,2.0,0.8000226616859436,0.11366153508424759,0.08237652480602264,0.8039619326591492
esnOE1LefKA$_$1,Positive,Positive,0.3333333432674408,0.5360974669456482,0.11210416257381439,0.32273268699645996,0.5651631355285645
f49boM5fb8U$_$6,Neutral,Neutral,0.0,0.10480354726314545,0.1586865931749344,0.5340592265129089,0.3072541356086731
f5k5cF80aUE$_$4,Positive,Neutral,0.3333333432674408,-0.11951044946908951,0.24531109631061554,0.6008928418159485,0.15379598736763
f5k5cF80aUE$_$6,Positive,Positive,1.0,0.9303556680679321,0.021404340863227844,0.13909922540187836,0.8394964933395386
f6S2XNPIiFk$_$19,Positive,Positive,1.0,1.2420111894607544,0.01476182322949171,0.0739232674241066,0.9113149046897888
f6S2XNPIiFk$_$2,Positive,Positive,1.0,1.7191346883773804,0.009975188411772251,0.04891521483659744,0.9411096572875977
f6S2XNPIiFk$_$5,Neutral,Neutral,0.0,-0.04915148764848709,0.29629841446876526,0.4602630138397217,0.24343858659267426
fB816aeHRFk$_$0,Neutral,Positive,0.0,0.8689854741096497,0.008806517347693443,0.26865682005882263,0.7225366830825806
fGYbbP8RDLQ$_$5,Neutral,Neutral,0.0,-0.11476542055606842,0.17255698144435883,0.7025747895240784,0.1248682364821434
fOxg1NstCHA$_$4,Neutral,Neutral,0.0,0.339866042137146,0.02684270404279232,0.6159954071044922,0.35716187953948975
fTNOAssiTYk$_$3,Positive,Positive,1.0,0.6197283864021301,0.04371374100446701,0.18111473321914673,0.7751714587211609
fTNOAssiTYk$_$6,Positive,Positive,0.3333333432674408,0.7955580353736877,0.024382032454013824,0.27791425585746765,0.6977037787437439
fW1pK2L6RgM$_$3,Positive,Neutral,0.3333333432674408,-0.15909364819526672,0.3811006247997284,0.3906176686286926,0.22828173637390137
faXGVcVcVsE$_$14,Neutral,Neutral,0.0,-0.1606372445821762,0.3989364802837372,0.42706090211868286,0.17400263249874115
faXGVcVcVsE$_$9,Neutral,Positive,0.0,0.6314712166786194,0.02151619829237461,0.24159663915634155,0.7368871569633484
faXGVcVcVsE$_$8,Positive,Positive,2.0,0.6325936317443848,0.07647518068552017,0.17862965166568756,0.7448951601982117
fbHlBmq7Ipo$_$10,Positive,Neutral,0.3333333432674408,0.15697263181209564,0.25131872296333313,0.4228207468986511,0.32586050033569336
fbHlBmq7Ipo$_$8,Negative,Negative,-0.3333333432674408,-0.4446380138397217,0.8334168195724487,0.1094088926911354,0.057174213230609894
fbSxct2JcKU$_$5,Positive,Positive,0.6666666865348816,0.6340862512588501,0.10408516973257065,0.37018585205078125,0.5257289409637451
fdK_tsvBXJ8$_$5,Positive,Positive,0.3333333432674408,1.2852181196212769,0.006535363849252462,0.07084515690803528,0.9226195216178894
fi7g4GoK-z4$_$4,Positive,Positive,0.6666666865348816,0.5831478834152222,0.025525791570544243,0.37627771496772766,0.5981964468955994
fjE2EZKgQm8$_$5,Positive,Positive,2.3333332538604736,1.8841384649276733,0.002766174031421542,0.031580351293087006,0.9656535387039185
fjE2EZKgQm8$_$4,Positive,Positive,2.0,1.6675059795379639,0.004336133599281311,0.07106997817754745,0.9245938658714294
flBtk736di4$_$8,Positive,Positive,1.0,1.2117421627044678,0.009397453628480434,0.06766747683286667,0.9229350090026855
frNJdG0GkYw$_$1,Positive,Positive,1.6666666269302368,1.0733722448349,0.021148664876818657,0.1873159110546112,0.7915354371070862
fzuTEKwNS94$_$8,Positive,Positive,1.6666666269302368,1.3123838901519775,0.0029336968436837196,0.08388443291187286,0.9131818413734436
fzuTEKwNS94$_$16,Positive,Positive,2.6666667461395264,1.4497923851013184,0.006183103192597628,0.0965796485543251,0.8972371816635132
g99kISQbyuI$_$11,Positive,Positive,0.3333333432674408,0.45537346601486206,0.1697138100862503,0.22306904196739197,0.6072171926498413
g99kISQbyuI$_$0,Negative,Positive,-0.3333333432674408,0.18002215027809143,0.3014357089996338,0.29201677441596985,0.40654751658439636
g99kISQbyuI$_$3,Positive,Positive,0.6666666865348816,0.9580873250961304,0.05732990428805351,0.20153012871742249,0.7411400079727173
g99kISQbyuI$_$5,Negative,Negative,-0.6666666865348816,-0.14430715143680573,0.6124430894851685,0.08579766005277634,0.3017592132091522
g9rNhtFG9aU$_$12,Neutral,Positive,0.0,1.191249132156372,0.01744202710688114,0.15593060851097107,0.8266273736953735
gAMbkJk6gnE$_$2,Positive,Neutral,0.3333333432674408,0.656348466873169,0.025972887873649597,0.5008346438407898,0.473192423582077
gAMbkJk6gnE$_$4,Positive,Positive,1.3333333730697632,0.6679105758666992,0.05772385001182556,0.35300928354263306,0.5892668962478638
gC_wF3uKFW0$_$2,Negative,Negative,-0.3333333432674408,-0.307187020778656,0.4976799190044403,0.29032769799232483,0.21199242770671844
gC_wF3uKFW0$_$5,Positive,Positive,2.0,0.4546263813972473,0.04368549957871437,0.41839349269866943,0.5379210114479065
gC_wF3uKFW0$_$4,Positive,Positive,2.0,1.4922184944152832,0.009248663671314716,0.05584453418850899,0.9349067807197571
gEgcpVY8WK4$_$27,Neutral,Neutral,0.0,0.24229833483695984,0.14993153512477875,0.5937080979347229,0.25636032223701477
gEgcpVY8WK4$_$21,Positive,Neutral,1.0,0.269564688205719,0.0989212617278099,0.6376823782920837,0.26339638233184814
gEgcpVY8WK4$_$22,Neutral,Negative,0.0,-0.35402917861938477,0.47032949328422546,0.40965306758880615,0.12001741677522659
gEgcpVY8WK4$_$28,Neutral,Neutral,0.0,0.23683150112628937,0.16604165732860565,0.5103674530982971,0.3235909342765808
gEgcpVY8WK4$_$8,Neutral,Positive,0.0,0.2204931080341339,0.026610586792230606,0.4862891435623169,0.4871003329753876
gEgcpVY8WK4$_$14,Positive,Positive,0.3333333432674408,0.5850601196289062,0.05076078325510025,0.36791300773620605,0.5813262462615967
gEgcpVY8WK4$_$17,Neutral,Neutral,0.0,0.0719543918967247,0.07235193252563477,0.7528833150863647,0.1747647076845169
gEgcpVY8WK4$_$30,Positive,Positive,0.6666666865348816,1.321606993675232,0.004293718375265598,0.06483104079961777,0.9308751821517944
gFAOKuqpUq4$_$0,Neutral,Positive,0.0,1.0103464126586914,0.01835525967180729,0.1684207320213318,0.8132240176200867
gPWyANEm0eE$_$10,Negative,Negative,-2.0,0.020499536767601967,0.4065608084201813,0.3282255530357361,0.26521360874176025
gPWyANEm0eE$_$2,Neutral,Positive,0.0,0.24636760354042053,0.02689073234796524,0.48285573720932007,0.4902535676956177
gPWyANEm0eE$_$4,Positive,Positive,0.6666666865348816,0.933435320854187,0.01180648896843195,0.18515467643737793,0.8030388355255127
gRAmIaSlm80$_$0,Positive,Neutral,0.6666666865348816,0.43810534477233887,0.11329402774572372,0.48599234223365784,0.40071362257003784
gU7McujYYPY$_$1,Positive,Positive,2.0,1.0077064037322998,0.02761421538889408,0.16370829939842224,0.8086774945259094
gU7McujYYPY$_$3,Positive,Positive,0.3333333432674408,0.7998141050338745,0.0811770036816597,0.2750726044178009,0.6437504887580872
gU7McujYYPY$_$8,Positive,Positive,0.3333333432674408,0.7082382440567017,0.00747132021933794,0.36973807215690613,0.6227905750274658
gXDRWhJbfFU$_$1,Positive,Positive,1.5,1.028763771057129,0.008365786634385586,0.1751270592212677,0.8165072202682495
gXDRWhJbfFU$_$4,Positive,Positive,0.6666666865348816,0.8584284782409668,0.011040105484426022,0.14055973291397095,0.8484002351760864
gXDRWhJbfFU$_$9,Positive,Neutral,0.1666666716337204,0.2661136984825134,0.015323897823691368,0.5653256177902222,0.4193505048751831
gXDRWhJbfFU$_$8,Positive,Positive,1.1666666269302368,1.2380881309509277,0.007850158028304577,0.09334655106067657,0.8988032341003418
gXuiIWRxrw4$_$19,Positive,Positive,1.0,1.7421870231628418,0.008374206721782684,0.043230827897787094,0.9483950138092041
gXuiIWRxrw4$_$18,Positive,Positive,1.3333333730697632,1.6102914810180664,0.007545552682131529,0.02690405584871769,0.9655503630638123
gXuiIWRxrw4$_$0,Positive,Neutral,0.6666666865348816,0.47185224294662476,0.010898267850279808,0.5095280408859253,0.47957372665405273
gXuiIWRxrw4$_$6,Positive,Neutral,0.3333333432674408,0.04972108453512192,0.29511159658432007,0.4064610004425049,0.29842737317085266
gZDyk95Xob4$_$11,Positive,Positive,1.0,0.9930909872055054,0.015761705115437508,0.22631408274173737,0.7579241991043091
gZDyk95Xob4$_$12,Positive,Positive,1.0,1.855831503868103,0.007463429123163223,0.030202778056263924,0.9623337984085083
gZDyk95Xob4$_$9,Positive,Positive,1.0,0.9197725057601929,0.03417358919978142,0.23675861954689026,0.729067862033844
gZF-YNQHqwI$_$13,Neutral,Neutral,0.0,0.25278401374816895,0.06419975310564041,0.6524792313575745,0.28332099318504333
gZF-YNQHqwI$_$1,Positive,Neutral,0.6666666865348816,0.360985666513443,0.019597560167312622,0.6350793838500977,0.3453230857849121
gZF-YNQHqwI$_$9,Positive,Positive,2.6666667461395264,1.8462159633636475,0.018729673698544502,0.07739434391260147,0.9038759469985962
gcpsSao7kHM$_$10,Positive,Negative,1.0,0.4474755525588989,0.4857107996940613,0.2522512674331665,0.2620380222797394
gcpsSao7kHM$_$1,Neutral,Positive,0.0,0.5288126468658447,0.0933571383357048,0.3602806329727173,0.5463622808456421
ge071m9bGeY$_$1,Positive,Negative,0.3333333432674408,-0.022296346724033356,0.5522540807723999,0.300554096698761,0.1471918374300003
ge071m9bGeY$_$0,Positive,Neutral,0.3333333432674408,0.21674126386642456,0.18828529119491577,0.4073150157928467,0.40439969301223755
ge071m9bGeY$_$5,Positive,Positive,0.6666666865348816,1.0285307168960571,0.01601949706673622,0.17071540653705597,0.8132650852203369
ge071m9bGeY$_$4,Neutral,Neutral,0.0,0.18311509490013123,0.03803848475217819,0.6918829083442688,0.27007853984832764
gjEYmdWrBLM$_$24,Positive,Positive,1.3333333730697632,1.6915730237960815,0.005302251782268286,0.04151935875415802,0.953178346157074
gjEYmdWrBLM$_$26,Positive,Positive,2.0,1.2528669834136963,0.00818204041570425,0.08523338288068771,0.9065845608711243
gjEYmdWrBLM$_$0,Positive,Positive,0.6666666865348816,0.7234785556793213,0.044346198439598083,0.29790911078453064,0.6577447652816772
gjEYmdWrBLM$_$3,Neutral,Positive,0.0,0.8518563508987427,0.0648803636431694,0.1509716808795929,0.7841479778289795
gjEYmdWrBLM$_$9,Positive,Positive,1.6666666269302368,1.5225073099136353,0.007699269335716963,0.041192784905433655,0.9511079788208008
gjEYmdWrBLM$_$18,Positive,Positive,1.6666666269302368,1.4081008434295654,0.008872950449585915,0.08216386288404465,0.9089632034301758
gjGL6YY6oMs$_$2,Neutral,Negative,0.0,0.056909870356321335,0.5648302435874939,0.32128190994262695,0.11388789862394333
gjSyl6evrWk$_$12,Positive,Positive,1.3333333730697632,1.2206008434295654,0.03486688807606697,0.05438074842095375,0.9107524156570435
gr9YU-UTJzQ$_$15,Neutral,Neutral,0.0,0.03875498101115227,0.31056615710258484,0.45549237728118896,0.23394142091274261
grePRQ8zonA$_$2,Positive,Positive,0.3333333432674408,1.021018624305725,0.014912724494934082,0.2045069932937622,0.7805803418159485
guRD0zQC6Q0$_$7,Positive,Positive,1.3333333730697632,1.6029667854309082,0.004423393867909908,0.03295651450753212,0.9626200199127197
gv43BPYYxKQ$_$2,Negative,Negative,-0.3333333432674408,-0.3174545168876648,0.7133370041847229,0.15281212329864502,0.1338508278131485
gvrfI9e5xHQ$_$9,Negative,Positive,-0.3333333432674408,0.7276228070259094,0.03674417361617088,0.3137125074863434,0.6495433449745178
gzZ8NTeTzRs$_$1,Neutral,Positive,0.0,0.4319482147693634,0.07440987974405289,0.26297706365585327,0.6626130938529968
h4LrwMn94ss$_$9,Neutral,Positive,0.0,0.6437951326370239,0.020076975226402283,0.3278375267982483,0.6520854830741882
h7p5URoookk$_$27,Positive,Neutral,0.3333333432674408,0.22818773984909058,0.18684425950050354,0.6462548971176147,0.16690081357955933
h7p5URoookk$_$2,Positive,Positive,1.3333333730697632,0.6726287603378296,0.16583651304244995,0.3684898018836975,0.46567365527153015
hASTLbFHrEs$_$0,Negative,Negative,-1.6666666269302368,-0.8583120107650757,0.8830224275588989,0.057138532400131226,0.05983906611800194
hASTLbFHrEs$_$7,Positive,Positive,2.3333332538604736,0.8822321891784668,0.09079622477293015,0.22982428967952728,0.6793795228004456
hCFV5VLgS0A$_$8,Negative,Negative,-0.6666666865348816,-0.4171752333641052,0.7108489274978638,0.1343015879392624,0.15484951436519623
hF6kFQPdBjY$_$13,Positive,Positive,0.3333333432674408,0.8878546357154846,0.04141358286142349,0.24284538626670837,0.7157410383224487
hF6kFQPdBjY$_$2,Negative,Positive,-0.6666666865348816,0.6985613107681274,0.06496068090200424,0.3741397559642792,0.5608994960784912
hF6kFQPdBjY$_$9,Neutral,Positive,0.0,0.8187899589538574,0.0395306758582592,0.3129951059818268,0.6474741697311401
hGRRlXfH0BY$_$11,Negative,Positive,-0.6666666865348816,0.30350327491760254,0.2606312930583954,0.21111927926540375,0.5282493829727173
hGRRlXfH0BY$_$1,Negative,Negative,-0.6666666865348816,-0.8423610925674438,0.8504886031150818,0.0969797819852829,0.05253159627318382
hGRRlXfH0BY$_$8,Negative,Negative,-2.0,-1.552518606185913,0.9607384204864502,0.028247978538274765,0.011013575829565525
hIQhkTjNaQc$_$11,Positive,Positive,0.3333333432674408,0.578623354434967,0.11330009251832962,0.2126884013414383,0.6740114688873291
hOp6I4jGvu4$_$1,Neutral,Positive,0.0,0.002218365203589201,0.308093786239624,0.3368668258190155,0.3550393581390381
hOp6I4jGvu4$_$4,Positive,Positive,1.6666666269302368,0.6095559597015381,0.16427643597126007,0.20353205502033234,0.6321914792060852
hSgKOKK3L8M$_$0,Positive,Negative,0.3333333432674408,-0.33273130655288696,0.5294631123542786,0.2793983221054077,0.19113858044147491
hSgKOKK3L8M$_$5,Neutral,Positive,0.0,0.3036971688270569,0.12330516427755356,0.32359129190444946,0.553103506565094
hawztAtYHCE$_$9,Positive,Positive,1.3333333730697632,0.43508630990982056,0.19584958255290985,0.3565827012062073,0.4475676715373993
he475nnmMi0$_$14,Negative,Neutral,-0.3333333432674408,0.21856844425201416,0.34785473346710205,0.4322027564048767,0.21994251012802124
he475nnmMi0$_$9,Positive,Neutral,0.3333333432674408,0.5362527370452881,0.030271636322140694,0.671370267868042,0.29835811257362366
hfVXx8hfKak$_$16,Negative,Negative,-1.3333333730697632,-0.8521836996078491,0.8735228180885315,0.09544508159160614,0.03103211708366871
hfVXx8hfKak$_$0,Positive,Positive,2.0,1.6796207427978516,0.008052332326769829,0.03960912674665451,0.9523385167121887
hfvmQuhqMmY$_$8,Positive,Positive,2.0,1.3025950193405151,0.0029765968210995197,0.0805799588561058,0.916443407535553
hh04W3xXa5s$_$0,Positive,Positive,1.0,1.570662021636963,0.004828338511288166,0.10698913037776947,0.8881825804710388
hh04W3xXa5s$_$2,Negative,Negative,-0.3333333432674408,-0.4259266257286072,0.719155490398407,0.1149047464132309,0.16593974828720093
hj1ph17-0jE$_$2,Negative,Negative,-1.3333333730697632,-1.7663097381591797,0.9650512933731079,0.026326211169362068,0.008622519671916962
hjBQmIWiWgw$_$2,Positive,Positive,0.3333333432674408,1.020371913909912,0.11064557731151581,0.15530700981616974,0.7340474128723145
hlBOP5NskhM$_$10,Positive,Positive,2.0,0.911223828792572,0.006454646121710539,0.27510693669319153,0.718438446521759
hlBOP5NskhM$_$12,Positive,Negative,1.0,0.4891030490398407,0.5547747611999512,0.11343243718147278,0.33179283142089844
hlBOP5NskhM$_$2,Neutral,Negative,0.0,0.2898913025856018,0.4134072959423065,0.31328898668289185,0.2733037769794464
hlBOP5NskhM$_$8,Positive,Positive,1.3333333730697632,0.8521633148193359,0.07723259180784225,0.24140799045562744,0.6813594698905945
hlYDicOj2m0$_$2,Positive,Negative,0.3333333432674408,-0.5927732586860657,0.8079360127449036,0.16463764011859894,0.0274263434112072
hlYDicOj2m0$_$6,Negative,Negative,-0.3333333432674408,0.07900051772594452,0.425321489572525,0.30025970935821533,0.27441877126693726
hmjfBZGGZR8$_$1,Positive,Positive,2.6666667461395264,1.22044837474823,0.011103654280304909,0.17491748929023743,0.8139788508415222
hntnelpiyl8$_$13,Neutral,Positive,0.0,0.792579174041748,0.012828471139073372,0.20182718336582184,0.7853443026542664
hp3nsb_eIc0$_$18,Neutral,Positive,0.0,0.41027528047561646,0.21842215955257416,0.29731595516204834,0.48426181077957153
hp3nsb_eIc0$_$1,Neutral,Neutral,0.0,0.2448132187128067,0.03711475431919098,0.6261661052703857,0.3367191553115845
hyazktfsZew$_$26,Positive,Neutral,1.0,0.6372807621955872,0.036563362926244736,0.535697877407074,0.427738755941391
hyazktfsZew$_$22,Positive,Positive,1.0,1.6434284448623657,0.0039931717328727245,0.038016077131032944,0.9579907655715942
hyazktfsZew$_$28,Positive,Positive,0.3333333432674408,0.6943521499633789,0.033965013921260834,0.16421470046043396,0.8018203377723694
hyazktfsZew$_$9,Negative,Neutral,-0.6666666865348816,-0.5328640937805176,0.3560846447944641,0.4913760721683502,0.15253925323486328
hyazktfsZew$_$11,Neutral,Neutral,0.0,0.20541033148765564,0.18138387799263,0.6380652189254761,0.18055084347724915
hyazktfsZew$_$30,Positive,Positive,0.3333333432674408,1.2762489318847656,0.017857350409030914,0.0942116305232048,0.8879310488700867
i5bmKlHv-SA$_$3,Positive,Positive,0.6666666865348816,0.8074545860290527,0.022743860259652138,0.3304276466369629,0.6468285322189331
iEOBNT0HFtU$_$12,Positive,Positive,2.3333332538604736,1.2995251417160034,0.01621268130838871,0.08526533842086792,0.8985219597816467
iEOBNT0HFtU$_$17,Negative,Positive,-0.3333333432674408,1.0888479948043823,0.012827171944081783,0.1108090952038765,0.8763637542724609
iEOBNT0HFtU$_$0,Positive,Positive,1.3333333730697632,1.0868415832519531,0.017186060547828674,0.09234511107206345,0.8904688358306885
iEOBNT0HFtU$_$2,Positive,Neutral,0.6666666865348816,0.5243493318557739,0.03968580439686775,0.4917871356010437,0.46852707862854004
iH04VOkbof0$_$1,Neutral,Positive,0.0,0.7788600325584412,0.021516526117920876,0.35646581649780273,0.6220176815986633
iH04VOkbof0$_$4,Negative,Negative,-0.6666666865348816,-0.16863630712032318,0.624957263469696,0.1606842279434204,0.21435850858688354
iM3wSwoAtwk$_$3,Positive,Positive,0.3333333432674408,0.5188917517662048,0.03203454241156578,0.2483287900686264,0.7196367383003235
iMss8xBhFiI$_$12,Positive,Positive,0.6666666865348816,0.23223009705543518,0.18291661143302917,0.353320449590683,0.46376293897628784
iO34hER47xA$_$3,Positive,Positive,1.6666666269302368,0.7788116931915283,0.07470698654651642,0.22206450998783112,0.7032285332679749
iR1Os7FVGHs$_$6,Neutral,Negative,0.0,-0.37051987648010254,0.6456114649772644,0.2440248727798462,0.1103636771440506
iREkcXde5ds$_$0,Neutral,Neutral,0.0,-0.3804870843887329,0.27027440071105957,0.6677330136299133,0.061992622911930084
iS91daVpH2E$_$10,Positive,Positive,0.3333333432674408,0.7972747087478638,0.021833257749676704,0.1912434995174408,0.7869232296943665
iS91daVpH2E$_$7,Neutral,Positive,0.0,0.5085381269454956,0.04629862308502197,0.40734830498695374,0.5463531017303467
iYtD_ArCdKw$_$3,Neutral,Positive,0.0,0.7584019899368286,0.024292029440402985,0.3481166958808899,0.6275913119316101
iYtD_ArCdKw$_$9,Positive,Positive,0.3333333432674408,0.4691154956817627,0.11818047612905502,0.31994491815567017,0.5618746280670166
icIS9VfbzMw$_$25,Negative,Negative,-0.3333333432674408,-0.6701405048370361,0.8467864394187927,0.08493445813655853,0.06827910989522934
icIS9VfbzMw$_$17,Positive,Positive,1.3333333730697632,1.4958205223083496,0.011554048396646976,0.05063949525356293,0.9378064870834351
icIS9VfbzMw$_$1,Negative,Negative,-1.3333333730697632,-0.6156722903251648,0.795314610004425,0.11778002977371216,0.08690530806779861
icIS9VfbzMw$_$3,Positive,Positive,0.3333333432674408,0.897883951663971,0.012421242892742157,0.20658525824546814,0.7809934616088867
icehEYAiimM$_$0,Positive,Positive,0.6666666865348816,0.5774462223052979,0.062435705214738846,0.3227052092552185,0.6148590445518494
iex7I7iVnLk$_$3,Positive,Neutral,0.6666666865348816,0.6764658093452454,0.03152412176132202,0.4941578507423401,0.4743180274963379
ihuGFUrzD30$_$8,Positive,Neutral,0.6666666865348816,0.496687114238739,0.04952206835150719,0.49358800053596497,0.45688989758491516
ipLoS44xfO4$_$1,Positive,Neutral,0.3333333432674408,0.13787569105625153,0.06477077305316925,0.6474004983901978,0.2878286838531494
ipLoS44xfO4$_$0,Negative,Neutral,-1.3333333730697632,-0.005306543782353401,0.08567767590284348,0.6528869867324829,0.2614353597164154
ipLoS44xfO4$_$3,Negative,Neutral,-1.3333333730697632,0.1987074613571167,0.05385041981935501,0.7469239234924316,0.19922564923763275
ixQbCXLUUj8$_$1,Positive,Positive,0.3333333432674408,0.9608685970306396,0.025733333081007004,0.3953878879547119,0.5788788199424744
ixZAEncExWI$_$1,Negative,Negative,-0.3333333432674408,-0.37671732902526855,0.7770914435386658,0.07525041699409485,0.14765812456607819
izFBeXMTgds$_$1,Positive,Positive,1.6666666269302368,1.8031407594680786,0.014354808256030083,0.017972711473703384,0.9676725268363953
j6R1NTrosuM$_$0,Positive,Positive,1.3333333730697632,1.0973262786865234,0.0059277755208313465,0.12668374180793762,0.8673884868621826
j7fRIGphgtk$_$1,Positive,Positive,1.6666666269302368,0.8907625079154968,0.00577828474342823,0.15182001888751984,0.8424016833305359
j7fRIGphgtk$_$0,Neutral,Positive,0.0,0.41394057869911194,0.18711347877979279,0.27789372205734253,0.5349928140640259
jEQoBvc7V1o$_$12,Positive,Positive,1.0,0.6964837312698364,0.016821367666125298,0.20978818833827972,0.7733904123306274
jFNgOznarMo$_$9,Negative,Negative,-1.0,-1.0711175203323364,0.8672755360603333,0.09940792620182037,0.033316608518362045
jFNgOznarMo$_$10,Neutral,Positive,0.0,0.40904104709625244,0.36008220911026,0.13735730946063995,0.5025604963302612
jFpRdhl3fgw$_$2,Positive,Negative,0.3333333432674408,-0.5828999876976013,0.8283219933509827,0.11835350096225739,0.053324516862630844
jNdvceZ4etc$_$2,Positive,Positive,1.3333333730697632,0.4458564519882202,0.047485850751399994,0.4014644920825958,0.5510496497154236
jNdvceZ4etc$_$7,Positive,Positive,0.6666666865348816,0.5187815427780151,0.2201802283525467,0.28786057233810425,0.49195921421051025
jPf0LjZAS14$_$0,Positive,Positive,0.6666666865348816,0.8279355764389038,0.03903733193874359,0.19112035632133484,0.769842267036438
jQ3EmbRIe58$_$14,Positive,Positive,2.0,1.328810214996338,0.00836581364274025,0.08120884001255035,0.9104253053665161
jT3FSTBA8Us$_$2,Neutral,Positive,0.0,0.7567552328109741,0.03481641411781311,0.36554986238479614,0.5996336936950684
jV6qzF2YROc$_$0,Positive,Positive,0.6666666865348816,1.157957911491394,0.03185507655143738,0.3131675124168396,0.6549773216247559
jVayR0VClxQ$_$12,Positive,Neutral,1.6666666269302368,0.4663540720939636,0.09972317516803741,0.46711739897727966,0.4331594407558441
jVayR0VClxQ$_$0,Negative,Negative,-0.6666666865348816,-1.3170005083084106,0.9511271715164185,0.03955036774277687,0.009322424419224262
jVayR0VClxQ$_$9,Positive,Negative,1.0,-0.009233228862285614,0.6201493740081787,0.11371278762817383,0.2661378085613251
jYT3-RQFy1U$_$10,Neutral,Negative,0.0,-0.808790922164917,0.7744362354278564,0.19218818843364716,0.03337563946843147
jYT3-RQFy1U$_$1,Negative,Negative,-1.6666666269302368,-1.3186274766921997,0.9271126389503479,0.060798756778240204,0.012088639661669731
jakiZQd4boM$_$3,Positive,Positive,0.6666666865348816,0.7075189352035522,0.02833547629415989,0.3524414002895355,0.6192231178283691
jbKDW9URnvM$_$0,Positive,Neutral,0.6666666865348816,0.3949245810508728,0.04375853016972542,0.5655915141105652,0.3906499445438385
jcQi90n008o$_$20,Positive,Positive,1.3333333730697632,1.7567400932312012,0.006129369139671326,0.044109225273132324,0.9497613906860352
jcQi90n008o$_$23,Positive,Positive,1.6666666269302368,1.3966045379638672,0.011825406923890114,0.050122421234846115,0.9380521178245544
jcQi90n008o$_$2,Neutral,Positive,0.0,0.497658908367157,0.023684604093432426,0.47102752327919006,0.5052878260612488
jcQi90n008o$_$5,Positive,Positive,0.6666666865348816,0.43444448709487915,0.12784840166568756,0.2013508826494217,0.6708006858825684
jcQi90n008o$_$18,Positive,Positive,0.3333333432674408,1.017520785331726,0.07155332714319229,0.20511190593242645,0.723334789276123
jgNu58Da9cs$_$2,Positive,Positive,0.3333333432674408,0.5749213695526123,0.0576983280479908,0.40977317094802856,0.5325285196304321
jgNu58Da9cs$_$6,Neutral,Negative,0.0,-0.784788966178894,0.8092169165611267,0.1485268771648407,0.04225620627403259
jjb1cWmkhI8$_$2,Positive,Positive,1.6666666269302368,0.3817089796066284,0.08862362802028656,0.3224703371524811,0.5889061093330383
jjbOD6u7V34$_$3,Neutral,Positive,0.0,0.21491794288158417,0.2439584881067276,0.32656940817832947,0.42947208881378174
jlCFLG6rKKY$_$2,Negative,Negative,-0.6666666865348816,-1.0098893642425537,0.8687351942062378,0.09139034152030945,0.0398743636906147
jnG9zog4NCs$_$2,Positive,Neutral,0.6666666865348816,0.4023568034172058,0.019317299127578735,0.7298645377159119,0.2508182227611542
jnG9zog4NCs$_$4,Negative,Negative,-0.3333333432674408,-0.470159649848938,0.5710688829421997,0.35768070816993713,0.07125037163496017
jqKzaEniiKo$_$13,Positive,Positive,0.3333333432674408,0.5229305028915405,0.03742707893252373,0.3547067642211914,0.607866108417511
jqKzaEniiKo$_$8,Positive,Positive,0.3333333432674408,1.0664482116699219,0.011968479491770267,0.10491365939378738,0.8831179141998291
juI9KoLA87A$_$5,Positive,Positive,0.3333333432674408,0.9872970581054688,0.11575982719659805,0.20151235163211823,0.6827277541160583
jzNIU-w0MVo$_$15,Positive,Positive,1.0,1.316328763961792,0.04598899185657501,0.10990506410598755,0.8441058993339539
jzNIU-w0MVo$_$16,Neutral,Negative,0.0,-0.38050007820129395,0.8006088137626648,0.11013899743556976,0.08925216645002365
jzNIU-w0MVo$_$7,Negative,Positive,-0.6666666865348816,0.2932858169078827,0.36992987990379333,0.18166443705558777,0.4484056532382965
k1ca_xbhohk$_$13,Positive,Neutral,0.6666666865348816,0.307729035615921,0.15414920449256897,0.543817400932312,0.302033394575119
k4T6GaDrcjs$_$2,Positive,Negative,1.3333333730697632,-0.2649354934692383,0.8722889423370361,0.0317559614777565,0.09595517069101334
k4T6GaDrcjs$_$4,Positive,Positive,1.3333333730697632,1.6193078756332397,0.01629575528204441,0.06097843497991562,0.9227257966995239
k4T6GaDrcjs$_$7,Negative,Neutral,-0.6666666865348816,0.05065252259373665,0.18918320536613464,0.6054643392562866,0.20535245537757874
k4T6GaDrcjs$_$9,Neutral,Negative,0.0,-0.590303897857666,0.7580080032348633,0.17547136545181274,0.06652060151100159
k5-3KuvCFms$_$0,Positive,Positive,0.6666666865348816,0.4265977740287781,0.0896657183766365,0.24299007654190063,0.6673442125320435
k8NgVOCDYKM$_$10,Negative,Negative,-0.3333333432674408,0.3224722743034363,0.4153510630130768,0.1982511579990387,0.38639774918556213
k8NgVOCDYKM$_$19,Negative,Negative,-1.6666666269302368,-1.0112475156784058,0.9084010720252991,0.05412611365318298,0.03747287020087242
k8NgVOCDYKM$_$2,Positive,Negative,0.3333333432674408,-0.11861544102430344,0.6483927369117737,0.24700364470481873,0.10460367053747177
kCQqLNiO0mk$_$11,Negative,Negative,-1.0,-0.711052417755127,0.8418149948120117,0.08505083620548248,0.0731341764330864
kCQqLNiO0mk$_$12,Positive,Positive,0.6666666865348816,1.0872020721435547,0.00914645567536354,0.059895724058151245,0.9309578537940979
kCQqLNiO0mk$_$15,Positive,Positive,1.3333333730697632,1.3219401836395264,0.023716669529676437,0.05349205434322357,0.9227912425994873
kCQqLNiO0mk$_$17,Negative,Negative,-1.3333333730697632,-0.511962890625,0.6958940625190735,0.1366855502128601,0.16742034256458282
kCQqLNiO0mk$_$6,Neutral,Positive,0.0,0.48037898540496826,0.15201778709888458,0.3334491550922394,0.5145330429077148
kCQqLNiO0mk$_$8,Positive,Positive,0.3333333432674408,0.6688006520271301,0.07317578792572021,0.25620773434638977,0.6706164479255676
kKMfsWrigTE$_$1,Positive,Positive,0.3333333432674408,1.136344075202942,0.013555954210460186,0.1319933533668518,0.8544507026672363
kKkZihSbxF4$_$2,Positive,Neutral,2.3333332538604736,0.6783621907234192,0.10810373723506927,0.48770204186439514,0.4041942059993744
kPn-t6NSxfQ$_$11,Positive,Neutral,0.3333333432674408,-0.22307395935058594,0.1279410421848297,0.7070632576942444,0.1649957001209259
kPn-t6NSxfQ$_$14,Positive,Negative,0.3333333432674408,0.07809489965438843,0.5082651376724243,0.24660542607307434,0.24512942135334015
kPn-t6NSxfQ$_$0,Positive,Neutral,0.3333333432674408,0.17624995112419128,0.09943521022796631,0.6480835676193237,0.25248122215270996
kPn-t6NSxfQ$_$4,Negative,Negative,-0.6666666865348816,-0.8878374695777893,0.9102723002433777,0.06732065975666046,0.022407062351703644
kRs39SO-neY$_$17,Positive,Positive,0.6666666865348816,0.6628314852714539,0.14196200668811798,0.14920155704021454,0.7088364362716675
kU6YY2z7z0I$_$10,Positive,Positive,1.0,0.7297655344009399,0.03228749707341194,0.23436003923416138,0.7333524227142334
kU6YY2z7z0I$_$5,Negative,Positive,-0.3333333432674408,0.36178088188171387,0.16493703424930573,0.30912142992019653,0.5259415507316589
kU6YY2z7z0I$_$4,Negative,Neutral,-1.3333333730697632,-0.09549795091152191,0.34460321068763733,0.48722389340400696,0.1681729108095169
kU6YY2z7z0I$_$9,Neutral,Neutral,0.0,0.35533714294433594,0.06610842049121857,0.6853832006454468,0.2485082894563675
kU6YY2z7z0I$_$8,Negative,Neutral,-1.0,0.05572444945573807,0.05975192040205002,0.7472171783447266,0.1930309385061264
kY64gXOapYk$_$0,Positive,Positive,0.6666666865348816,0.9817323684692383,0.01613374426960945,0.13640359044075012,0.8474626541137695
kZfcQ4a0kx4$_$21,Positive,Positive,1.3333333730697632,0.7378743886947632,0.03493959456682205,0.19051310420036316,0.7745473384857178
kZfcQ4a0kx4$_$0,Positive,Positive,2.0,0.7938013076782227,0.013325822539627552,0.32533711194992065,0.6613370180130005
kZfcQ4a0kx4$_$3,Positive,Positive,2.0,1.2481253147125244,0.02627457119524479,0.11033310741186142,0.8633923530578613
kZfcQ4a0kx4$_$8,Positive,Positive,2.3333332538604736,1.1179664134979248,0.018823698163032532,0.18779027462005615,0.7933860421180725
kZfcQ4a0kx4$_$15,Positive,Positive,1.6666666269302368,1.3144819736480713,0.008603859692811966,0.14771747589111328,0.8436787128448486
kcIGTPHEsNo$_$20,Positive,Positive,3.0,1.2848162651062012,0.011453176848590374,0.2612200081348419,0.7273268103599548
kcIGTPHEsNo$_$17,Positive,Positive,1.6666666269302368,1.5919175148010254,0.012846363708376884,0.1365886777639389,0.8505650162696838
kcIGTPHEsNo$_$10,Positive,Positive,2.0,2.1202235221862793,0.0018812440102919936,0.0226376224309206,0.9754811525344849
kddCewAsxfA$_$5,Positive,Positive,0.3333333432674408,0.86771160364151,0.008855062536895275,0.22287574410438538,0.7682692408561707
kf3fZcx8nIo$_$2,Negative,Negative,-0.3333333432674408,-0.8230880498886108,0.8342027068138123,0.11354315280914307,0.05225416272878647
kh6eynD9OIk$_$10,Positive,Neutral,0.3333333432674408,0.6014475226402283,0.1356181651353836,0.46439802646636963,0.39998382329940796
kh6eynD9OIk$_$5,Negative,Negative,-2.0,-2.100081443786621,0.99042809009552,0.00712372362613678,0.0024482032749801874
kh6eynD9OIk$_$6,Negative,Negative,-1.3333333730697632,-0.6105138659477234,0.7603018283843994,0.16501735150814056,0.07468078285455704
kiR5zVo2zvU$_$24,Positive,Positive,1.6666666269302368,1.3450865745544434,0.004320600535720587,0.07035475969314575,0.9253246188163757
kiR5zVo2zvU$_$14,Positive,Positive,1.0,0.5050868988037109,0.09960933774709702,0.3565383851528168,0.5438523292541504
kiR5zVo2zvU$_$17,Positive,Positive,0.6666666865348816,0.6004737615585327,0.032111577689647675,0.18189293146133423,0.7859954237937927
kj63uF0RhW8$_$7,Neutral,Positive,0.0,0.11963745206594467,0.3881808817386627,0.15303650498390198,0.4587826728820801
kjQAkrdbREk$_$1,Negative,Negative,-2.3333332538604736,-0.056200429797172546,0.6799730062484741,0.02690092846751213,0.29312607645988464
kjQAkrdbREk$_$2,Positive,Positive,2.0,1.7075810432434082,0.005811514798551798,0.021398037672042847,0.9727904200553894
kqXpf26EL-s$_$11,Positive,Positive,0.6666666865348816,1.2718076705932617,0.01648545078933239,0.19291475415229797,0.7905998229980469
kqXpf26EL-s$_$3,Neutral,Neutral,0.0,0.22140997648239136,0.10167698562145233,0.6385433077812195,0.259779691696167
kqXpf26EL-s$_$5,Neutral,Neutral,0.0,0.3497971296310425,0.016986101865768433,0.5372049808502197,0.44580888748168945
krHZuqfXrPU$_$22,Positive,Negative,1.6666666269302368,0.1058683693408966,0.44061005115509033,0.14671765267848969,0.41267234086990356
krHZuqfXrPU$_$28,Positive,Positive,2.0,1.6437580585479736,0.006154205650091171,0.026637040078639984,0.967208743095398
krHZuqfXrPU$_$11,Negative,Negative,-0.3333333432674408,-0.1807529479265213,0.5844134092330933,0.24926644563674927,0.16632020473480225
krHZuqfXrPU$_$13,Neutral,Positive,0.0,0.12862105667591095,0.11740241199731827,0.4224975109100342,0.46010011434555054
ku-dtUqCm2o$_$1,Negative,Negative,-0.6666666865348816,-0.3050515055656433,0.8090909719467163,0.11022722721099854,0.08068183064460754
kuQWPuhnlHs$_$5,Positive,Positive,1.3333333730697632,0.8262099027633667,0.12875866889953613,0.09763084352016449,0.7736104726791382
kuQWPuhnlHs$_$6,Positive,Positive,1.0,1.4271889925003052,0.009404326789081097,0.05303030461072922,0.9375653266906738
kwkhYpCHWPw$_$6,Positive,Neutral,0.6666666865348816,0.2529340386390686,0.011402529664337635,0.6421672105789185,0.3464302122592926
kx544gnOZB0$_$0,Negative,Negative,-0.6666666865348816,-0.6891639828681946,0.5184561014175415,0.3643139898777008,0.11722998321056366
kxcCxbsKx3w$_$2,Positive,Positive,1.0,1.0206899642944336,0.03659722954034805,0.2095879465341568,0.7538148164749146
kxcCxbsKx3w$_$8,Positive,Positive,1.0,0.9335252046585083,0.20699697732925415,0.13350045680999756,0.6595026254653931
ky7Q5onqxGw$_$7,Negative,Positive,-1.3333333730697632,0.20619888603687286,0.3429136872291565,0.30432426929473877,0.35276204347610474
kyPepNmxaj8$_$2,Neutral,Neutral,0.0,-0.05055049806833267,0.2197609394788742,0.6975570917129517,0.08268192410469055
kz7ahNfXFsk$_$9,Positive,Negative,1.3333333730697632,0.28380125761032104,0.5145645141601562,0.11320152133703232,0.3722339868545532
kzmaKnujN64$_$1,Positive,Positive,0.3333333432674408,0.6825061440467834,0.03897381201386452,0.21597464382648468,0.7450515031814575
kzmaKnujN64$_$6,Negative,Negative,-0.3333333432674408,-0.4788762927055359,0.6949871778488159,0.21710160374641418,0.0879112035036087
l-nM_U1qpko$_$2,Positive,Positive,2.3333332538604736,2.173755407333374,0.0077607217244803905,0.012087461538612843,0.9801518321037292
l-nM_U1qpko$_$5,Positive,Positive,2.6666667461395264,1.743250846862793,0.007219386752694845,0.03164371848106384,0.9611369371414185
l5_DDqck4Rs$_$0,Positive,Neutral,0.3333333432674408,0.18706579506397247,0.05444289743900299,0.5764336585998535,0.3691233992576599
l8LTcZJ-_8k$_$17,Positive,Positive,0.6666666865348816,1.9221711158752441,0.0022892842534929514,0.01396850124001503,0.9837422370910645
l8LTcZJ-_8k$_$19,Positive,Neutral,0.3333333432674408,0.45860493183135986,0.13136544823646545,0.46234408020973206,0.40629056096076965
lEsFI5YJGDo$_$5,Positive,Positive,2.0,0.6539433598518372,0.1447141021490097,0.12195664644241333,0.7333292961120605
lEsFI5YJGDo$_$7,Positive,Positive,1.3333333730697632,1.085524082183838,0.016248779371380806,0.12196727097034454,0.8617839217185974
lEsFI5YJGDo$_$6,Positive,Positive,2.3333332538604736,1.136549711227417,0.018040478229522705,0.09714635461568832,0.8848132491111755
lTfsqoo-jKg$_$4,Negative,Positive,-2.3333332538604736,1.1110764741897583,0.01667698100209236,0.10858593881130219,0.8747370839118958
lTfsqoo-jKg$_$7,Neutral,Neutral,0.0,0.46485525369644165,0.1872590035200119,0.4338214695453644,0.3789195716381073
lUNNDDsm7R8$_$3,Positive,Positive,1.3333333730697632,1.1600306034088135,0.02673627808690071,0.05267506465315819,0.9205886125564575
lWvaIexY2WU$_$0,Negative,Neutral,-1.6666666269302368,0.2612037658691406,0.07682598382234573,0.5355024337768555,0.3876715898513794
laxadgca3Fo$_$0,Positive,Positive,0.6666666865348816,0.8140000104904175,0.016884390264749527,0.1873755156993866,0.7957401275634766
lbx3eu8LUl8$_$4,Neutral,Negative,0.0,-0.503075361251831,0.4786239266395569,0.43713700771331787,0.08423901349306107
ll10nEjTvGE$_$9,Positive,Positive,1.0,0.5947832465171814,0.15136884152889252,0.17508988082408905,0.673541247844696
ll10nEjTvGE$_$8,Negative,Negative,-1.6666666269302368,-1.2661380767822266,0.9547348618507385,0.019711242988705635,0.02555392123758793
lp9vkkimXqg$_$12,Positive,Positive,0.6666666865348816,1.4160131216049194,0.019339099526405334,0.09221003204584122,0.8884508609771729
lp9vkkimXqg$_$15,Positive,Positive,0.6666666865348816,1.0336198806762695,0.016819559037685394,0.1587350070476532,0.8244454264640808
lp9vkkimXqg$_$6,Neutral,Neutral,0.0,0.01585390791296959,0.10820628702640533,0.6872494220733643,0.2045442759990692
lpF-yBYou0s$_$5,Neutral,Negative,0.0,-0.00115402031224221,0.6105766892433167,0.2863842844963074,0.10303906351327896
lpF-yBYou0s$_$6,Negative,Negative,-1.6666666269302368,-0.010959837585687637,0.6042888760566711,0.23539316654205322,0.16031798720359802
luQfWSfb1s0$_$13,Positive,Positive,1.3333333730697632,1.3404655456542969,0.0061782849952578545,0.07006487995386124,0.9237568378448486
luQfWSfb1s0$_$16,Neutral,Positive,0.0,0.5352315306663513,0.00740865059196949,0.30044013261795044,0.6921511888504028
luQfWSfb1s0$_$4,Positive,Positive,1.6666666269302368,1.3643734455108643,0.0018181359628215432,0.05824396759271622,0.9399378895759583
luQfWSfb1s0$_$6,Positive,Positive,1.6666666269302368,1.0631903409957886,0.00825410895049572,0.1503472477197647,0.8413985967636108
lzVA--tIse0$_$0,Positive,Positive,1.6666666269302368,1.2586255073547363,0.007328803651034832,0.09346336871385574,0.8992078304290771
lzyVWNrkgbQ$_$9,Negative,Negative,-0.3333333432674408,-0.7567757964134216,0.7985682487487793,0.12376254051923752,0.07766922563314438
m7SJs73SF8w$_$4,Positive,Positive,1.3333333730697632,0.8243521451950073,0.008716125972568989,0.27044084668159485,0.7208430171012878
m8tzdtrgFUA$_$12,Positive,Neutral,0.3333333432674408,0.35837578773498535,0.0978565439581871,0.5009351372718811,0.4012082815170288
m8tzdtrgFUA$_$0,Positive,Positive,1.0,0.19702935218811035,0.16402113437652588,0.4139045774936676,0.4220742881298065
m8tzdtrgFUA$_$2,Positive,Positive,0.3333333432674408,0.8859956860542297,0.01997629553079605,0.1893915981054306,0.7906320691108704
m8tzdtrgFUA$_$5,Positive,Positive,1.3333333730697632,1.3944956064224243,0.004118969663977623,0.09215214848518372,0.9037289023399353
m8tzdtrgFUA$_$7,Neutral,Neutral,0.0,0.29851222038269043,0.03274892643094063,0.6938381195068359,0.2734130024909973
mHIvH6Nnrls$_$1,Neutral,Neutral,0.0,0.42467236518859863,0.13127544522285461,0.6366251111030579,0.2320994734764099
mI50zj8cTNw$_$1,Neutral,Positive,0.0,0.3958919644355774,0.06357106566429138,0.27279132604599,0.6636375784873962
mKP6TVuixWg$_$11,Negative,Neutral,-0.3333333432674408,0.09609648585319519,0.2828330397605896,0.36544308066368103,0.3517238199710846
mKP6TVuixWg$_$18,Neutral,Neutral,0.0,0.3441937565803528,0.14406254887580872,0.4285600483417511,0.427377313375473
mL2v-sODUZ8$_$11,Neutral,Positive,0.0,0.4928175210952759,0.057509731501340866,0.4295186996459961,0.5129715800285339
mMeGgB9-hSE$_$10,Positive,Positive,0.6666666865348816,0.748827338218689,0.014814103953540325,0.22312122583389282,0.7620646357536316
mMeGgB9-hSE$_$13,Positive,Positive,1.3333333730697632,0.7009822726249695,0.0203865859657526,0.35751208662986755,0.6221013069152832
mN1Z5xEOy10$_$4,Negative,Neutral,-0.6666666865348816,-0.07865869253873825,0.3789372146129608,0.43390777707099915,0.18715496361255646
mQTaEIrNxnQ$_$11,Positive,Positive,0.6666666865348816,0.24689805507659912,0.04117641597986221,0.35757139325141907,0.6012521982192993
mRPIse3OO74$_$1,Negative,Negative,-0.6666666865348816,-0.38329434394836426,0.7355099320411682,0.20150694251060486,0.06298308819532394
mRnEJOLkhp8$_$2,Positive,Positive,0.6666666865348816,0.34007561206817627,0.21822702884674072,0.3728456497192383,0.408927321434021
mSWwz7dXUP8$_$6,Positive,Positive,2.3333332538604736,0.9317620992660522,0.0400325246155262,0.19731543958187103,0.7626520395278931
mW8eL4e7Wrg$_$14,Neutral,Neutral,0.0,-0.11221681535243988,0.35041311383247375,0.47317007184028625,0.1764167696237564
mW8eL4e7Wrg$_$3,Positive,Positive,1.0,1.0270500183105469,0.007048157509416342,0.13072825968265533,0.8622236251831055
mW8eL4e7Wrg$_$2,Neutral,Neutral,0.0,0.20899644494056702,0.03664971515536308,0.5949264764785767,0.36842378973960876
mW8eL4e7Wrg$_$6,Neutral,Neutral,0.0,0.2643604576587677,0.07508008182048798,0.6979397535324097,0.2269800901412964
mW8eL4e7Wrg$_$15,Negative,Neutral,-0.3333333432674408,0.06391436606645584,0.3013903498649597,0.47777059674263,0.22083906829357147
maO6KmmgcB8$_$4,Negative,Negative,-0.6666666865348816,-0.06303655356168747,0.5507174730300903,0.2946670353412628,0.15461549162864685
mgovo8VYtvk$_$24,Positive,Positive,2.0,1.1948755979537964,0.05314543470740318,0.36397483944892883,0.5828797221183777
mgovo8VYtvk$_$20,Positive,Positive,1.6666666269302368,0.9334285259246826,0.004771615378558636,0.26226556301116943,0.7329627871513367
mgovo8VYtvk$_$22,Positive,Positive,0.6666666865348816,0.5908394455909729,0.19535143673419952,0.20465102791786194,0.5999975204467773
mgovo8VYtvk$_$23,Positive,Positive,1.3333333730697632,0.7457981109619141,0.030657563358545303,0.44269585609436035,0.5266464948654175
mgovo8VYtvk$_$29,Positive,Positive,1.6666666269302368,1.7814726829528809,0.0028780275024473667,0.04128657281398773,0.9558353424072266
mgovo8VYtvk$_$3,Positive,Positive,1.3333333730697632,1.081772804260254,0.0104153947904706,0.1940104067325592,0.7955742478370667
mgovo8VYtvk$_$8,Positive,Positive,2.0,0.6377177834510803,0.08307675272226334,0.3978967070579529,0.519026517868042
mgovo8VYtvk$_$13,Positive,Positive,0.6666666865348816,0.8460153937339783,0.032771866768598557,0.3105933964252472,0.6566348075866699
mgovo8VYtvk$_$12,Positive,Positive,2.3333332538604736,1.4266332387924194,0.0064561315812170506,0.13472585380077362,0.858817994594574
mgovo8VYtvk$_$30,Positive,Positive,2.6666667461395264,1.5848917961120605,0.005988132208585739,0.06948763132095337,0.9245242476463318
mgovo8VYtvk$_$37,Positive,Positive,1.6666666269302368,0.6975514888763428,0.15381386876106262,0.34727928042411804,0.49890679121017456
mgovo8VYtvk$_$34,Positive,Positive,0.6666666865348816,1.20872163772583,0.014588046818971634,0.2633824348449707,0.7220295667648315
mgpoY1-110U$_$1,Negative,Negative,-0.6666666865348816,-0.42564573884010315,0.4716052711009979,0.2535766661167145,0.2748180627822876
mgpoY1-110U$_$14,Positive,Positive,0.3333333432674408,1.2009073495864868,0.009177949279546738,0.23375418782234192,0.757067859172821
mkkoJ2iVbGs$_$0,Positive,Positive,0.6666666865348816,0.6874924898147583,0.15890929102897644,0.1725071370601654,0.6685835123062134
mkkoJ2iVbGs$_$5,Neutral,Positive,0.0,0.7392297983169556,0.017072178423404694,0.47204074263572693,0.5108870267868042
mkkoJ2iVbGs$_$4,Positive,Positive,1.3333333730697632,1.082341194152832,0.03365791589021683,0.1987071931362152,0.7676348686218262
mn8_HvzbN5c$_$5,Neutral,Positive,0.0,0.5618516802787781,0.06256520003080368,0.18045899271965027,0.7569757699966431
mpfSRGHFY0g$_$3,Negative,Neutral,-0.3333333432674408,-0.25994405150413513,0.37642017006874084,0.47654861211776733,0.14703118801116943
mrQIrm6hYMQ$_$1,Positive,Positive,1.3333333730697632,1.3034223318099976,0.00924606528133154,0.07654497772455215,0.9142090082168579
mrQIrm6hYMQ$_$2,Positive,Positive,1.6666666269302368,1.2959496974945068,0.01001994963735342,0.043955620378255844,0.946024477481842
muOYAxkG-Zo$_$15,Positive,Neutral,0.3333333432674408,0.051747068762779236,0.1784287840127945,0.6685379147529602,0.15303324162960052
muOYAxkG-Zo$_$6,Neutral,Neutral,0.0,-0.014885244891047478,0.07081963866949081,0.7159643173217773,0.21321603655815125
mud6tEqFiEM$_$2,Positive,Positive,0.6666666865348816,0.9477250576019287,0.009184659458696842,0.18247772753238678,0.8083376288414001
mud6tEqFiEM$_$5,Positive,Positive,1.6666666269302368,0.6226813793182373,0.05391095578670502,0.27048107981681824,0.6756079792976379
mw_ZwML0SbY$_$0,Neutral,Positive,0.0,0.31260359287261963,0.23660704493522644,0.26164209842681885,0.5017509460449219
mw_ZwML0SbY$_$2,Positive,Neutral,0.3333333432674408,0.2510196566581726,0.1119353398680687,0.5532279014587402,0.3348367214202881
mxFU6TrHChY$_$11,Negative,Negative,-1.6666666269302368,-1.1518975496292114,0.9555343389511108,0.022926662117242813,0.021539058536291122
mxFU6TrHChY$_$0,Negative,Negative,-0.6666666865348816,-1.0055084228515625,0.9555907845497131,0.02247321791946888,0.021936025470495224
mxFU6TrHChY$_$8,Neutral,Positive,0.0,0.44247162342071533,0.17776669561862946,0.23315571248531342,0.5890775918960571
mxa4KXSz9rw$_$0,Positive,Neutral,0.6666666865348816,0.1280028522014618,0.01608179695904255,0.5296686291694641,0.4542495310306549
mxa4KXSz9rw$_$6,Positive,Positive,0.3333333432674408,0.4217873215675354,0.04254692792892456,0.44492876529693604,0.5125243067741394
mzTHW2dtbs4$_$8,Neutral,Positive,0.0,0.3911825716495514,0.10799741744995117,0.30702874064445496,0.5849738717079163
mziQcFSsdRI$_$4,Positive,Positive,1.6666666269302368,1.333990454673767,0.011834089644253254,0.1577366441488266,0.8304292559623718
n-sgVVTE9Io$_$0,Positive,Positive,0.3333333432674408,1.0493251085281372,0.011616629548370838,0.1876949965953827,0.8006883859634399
n4xRx0J3rYQ$_$10,Positive,Positive,1.0,0.8502534627914429,0.03620756044983864,0.3471187651157379,0.6166736483573914
n4xRx0J3rYQ$_$0,Positive,Positive,1.0,1.7314894199371338,0.00332139921374619,0.033698827028274536,0.9629797339439392
n4xRx0J3rYQ$_$4,Negative,Positive,-0.3333333432674408,0.815361738204956,0.05981883406639099,0.1556091010570526,0.7845721244812012
n5MU2-GFjo8$_$1,Neutral,Negative,0.0,-0.5561760663986206,0.8676114678382874,0.08229956775903702,0.05008893087506294
n7K5SpMrQt0$_$17,Negative,Negative,-0.3333333432674408,-0.4063624143600464,0.5788143277168274,0.3598233163356781,0.061362266540527344
nD1R4UedEDo$_$10,Positive,Negative,0.6666666865348816,0.33538588881492615,0.3921889662742615,0.22663821280002594,0.38117286562919617
nD1R4UedEDo$_$1,Negative,Negative,-1.0,-0.779389500617981,0.7852368354797363,0.1854986697435379,0.029264509677886963
nD1R4UedEDo$_$2,Positive,Neutral,1.3333333730697632,0.3415735960006714,0.03147478029131889,0.6223261952400208,0.34619906544685364
nD1R4UedEDo$_$4,Positive,Neutral,0.3333333432674408,0.07201920449733734,0.22263266146183014,0.580159604549408,0.19720779359340668
nDXKvarLEOM$_$3,Positive,Negative,1.0,-0.32833555340766907,0.7030550837516785,0.20341035723686218,0.09353447705507278
nErOMpqvcRg$_$7,Positive,Positive,1.3333333730697632,1.3035919666290283,0.026157008484005928,0.06862657517194748,0.90521639585495
nHP7l5zAwGA$_$0,Positive,Positive,1.6666666269302368,1.148141860961914,0.009631854481995106,0.1793520152568817,0.8110162019729614
nHP7l5zAwGA$_$8,Negative,Negative,-1.3333333730697632,-0.342151403427124,0.4574642479419708,0.3707311451435089,0.1718045324087143
nISNBD3I95A$_$0,Positive,Positive,0.6666666865348816,0.9860900044441223,0.22485952079296112,0.1964970827102661,0.5786433815956116
nKiC9sEP2vM$_$5,Positive,Positive,0.3333333432674408,0.617701530456543,0.0409344807267189,0.19284865260124207,0.7662168741226196
nM5S3xxNOlQ$_$10,Positive,Positive,1.6666666269302368,0.8578199744224548,0.09825696051120758,0.18782968819141388,0.7139133810997009
nM5S3xxNOlQ$_$0,Neutral,Positive,0.0,0.6605063080787659,0.01995343156158924,0.4818546772003174,0.4981918931007385
nM5S3xxNOlQ$_$3,Positive,Positive,0.3333333432674408,0.5558894276618958,0.06635972112417221,0.31956928968429565,0.6140710115432739
nM5S3xxNOlQ$_$7,Positive,Neutral,0.3333333432674408,-0.4359990954399109,0.24817180633544922,0.6456905603408813,0.10613763332366943
nM5S3xxNOlQ$_$9,Neutral,Neutral,0.0,0.3447346091270447,0.016180071979761124,0.7890209555625916,0.1947990208864212
nTBKtwqPIYw$_$7,Neutral,Positive,0.0,0.8151085376739502,0.01007985882461071,0.18549580872058868,0.8044243454933167
ngp7s5Wvde0$_$11,Positive,Positive,2.0,1.3612302541732788,0.02485581859946251,0.08707121759653091,0.8880730271339417
ngp7s5Wvde0$_$3,Positive,Positive,1.3333333730697632,1.1117521524429321,0.031337786465883255,0.17308057844638824,0.7955816388130188
ngp7s5Wvde0$_$8,Positive,Positive,2.0,1.4069716930389404,0.03302501514554024,0.06424157321453094,0.9027334451675415
npIVLL_fTf0$_$13,Negative,Negative,-2.6666667461395264,-1.6727546453475952,0.9483997225761414,0.03336638584733009,0.018233880400657654
npIVLL_fTf0$_$12,Negative,Negative,-1.0,-0.466427743434906,0.6434066295623779,0.13713426887989044,0.2194591462612152
npIVLL_fTf0$_$17,Negative,Negative,-1.6666666269302368,-0.9027187824249268,0.8869938850402832,0.04294825345277786,0.07005791366100311
nsLACXjD4KU$_$3,Negative,Negative,-0.6666666865348816,-0.11024489253759384,0.5258867740631104,0.32345303893089294,0.15066015720367432
nsLACXjD4KU$_$2,Neutral,Negative,0.0,-0.42972350120544434,0.6929117441177368,0.11284071207046509,0.1942475438117981
nw6Kf3AtCz4$_$21,Positive,Positive,1.6666666269302368,1.182783603668213,0.014083916321396828,0.1143748089671135,0.8715413212776184
nw6Kf3AtCz4$_$23,Positive,Positive,1.6666666269302368,0.673905611038208,0.059280864894390106,0.43870922923088074,0.5020099878311157
nw6Kf3AtCz4$_$28,Positive,Positive,1.0,0.6422337293624878,0.009408789686858654,0.30657726526260376,0.6840139627456665
nw6Kf3AtCz4$_$4,Positive,Negative,0.3333333432674408,-0.36763980984687805,0.6149815320968628,0.288705050945282,0.09631334990262985
nw6Kf3AtCz4$_$8,Positive,Positive,1.3333333730697632,0.8214073181152344,0.028523039072752,0.28395363688468933,0.6875233054161072
nw6Kf3AtCz4$_$15,Positive,Positive,1.0,0.9216921329498291,0.020724987611174583,0.2557048201560974,0.7235701680183411
nw6Kf3AtCz4$_$18,Positive,Neutral,0.6666666865348816,0.09107612073421478,0.031061727553606033,0.6062561273574829,0.3626822233200073
nw6Kf3AtCz4$_$33,Positive,Positive,2.0,1.2712873220443726,0.018746480345726013,0.06895206868648529,0.9123014211654663
nz2vkMyqfeE$_$15,Positive,Positive,0.3333333432674408,1.01096510887146,0.04919905215501785,0.19540360569953918,0.7553973197937012
nz2vkMyqfeE$_$4,Positive,Positive,1.3333333730697632,1.1217291355133057,0.03861362487077713,0.1162886843085289,0.8450977206230164
o2miCpS7Hwo$_$6,Positive,Positive,1.3333333730697632,0.73802649974823,0.07713358849287033,0.1888071894645691,0.73405921459198
o4b7hjQwpv0$_$5,Positive,Positive,0.3333333432674408,0.8761935234069824,0.013351975940167904,0.18167005479335785,0.8049780130386353
o4b7hjQwpv0$_$6,Neutral,Neutral,0.0,0.13749024271965027,0.07399938255548477,0.49096646904945374,0.4350340962409973
o4b7hjQwpv0$_$8,Positive,Positive,0.6666666865348816,1.5276188850402832,0.007438001222908497,0.0454193539917469,0.9471426010131836
o63doZKEIds$_$1,Negative,Negative,-1.3333333730697632,-1.4596787691116333,0.9863794445991516,0.006762987934052944,0.006857615429908037
o63doZKEIds$_$3,Negative,Negative,-0.3333333432674408,0.05988623946905136,0.4095005989074707,0.2795643210411072,0.3109350800514221
o63doZKEIds$_$9,Positive,Positive,0.3333333432674408,0.520924985408783,0.10162387043237686,0.34210047125816345,0.5562756061553955
oANUXY3xXKM$_$2,Negative,Negative,-1.0,-0.4224712550640106,0.6231600642204285,0.27401381731033325,0.10282612591981888
oCsrnIomHos$_$11,Negative,Negative,-0.3333333432674408,-1.2922419309616089,0.9157832860946655,0.05448584258556366,0.029730845242738724
oDznO5w3v0U$_$3,Neutral,Neutral,0.0,0.10869956016540527,0.1409294158220291,0.6078540086746216,0.25121650099754333
oDznO5w3v0U$_$6,Positive,Positive,1.0,0.8389293551445007,0.03540223464369774,0.2894884943962097,0.6751092672348022
oGnKsroR0R0$_$13,Negative,Negative,-2.0,-1.3357669115066528,0.9184976816177368,0.051468536257743835,0.030033787712454796
oGnKsroR0R0$_$14,Neutral,Positive,0.0,0.8787760734558105,0.14064662158489227,0.15413923561573029,0.7052141427993774
oHV99Y_EWfI$_$12,Positive,Negative,1.0,-0.4054824113845825,0.8543092608451843,0.1036297082901001,0.04206101968884468
oHV99Y_EWfI$_$19,Positive,Positive,0.6666666865348816,0.528430700302124,0.11134320497512817,0.3577985465526581,0.5308582186698914
oK951Y2N_k0$_$1,Negative,Neutral,-0.3333333432674408,-0.1672949194908142,0.2308288812637329,0.586067259311676,0.18310391902923584
oNCvb0F-c88$_$6,Neutral,Negative,0.0,-0.04213173687458038,0.554519772529602,0.2104724794626236,0.23500768840312958
oOhxCwkZsUI$_$0,Neutral,Neutral,0.0,0.28552621603012085,0.02925769053399563,0.6641442179679871,0.30659809708595276
oPvUDLhTrjI$_$11,Positive,Positive,1.0,0.6352085471153259,0.1935768872499466,0.2969713807106018,0.509451687335968
oPvUDLhTrjI$_$13,Positive,Positive,2.3333332538604736,1.5636415481567383,0.003805374028161168,0.04245516285300255,0.9537394642829895
oVqBUyKvgdU$_$7,Negative,Negative,-0.3333333432674408,-0.054320260882377625,0.5155763626098633,0.23928077518939972,0.2451428771018982
oW1OEsP7Dds$_$8,Negative,Neutral,-0.3333333432674408,0.4182735085487366,0.10655438899993896,0.5345970988273621,0.35884854197502136
oW1OEsP7Dds$_$12,Neutral,Positive,0.0,0.6297668814659119,0.023973587900400162,0.4271327555179596,0.5488936901092529
oWAyEzyp2xQ$_$15,Negative,Negative,-1.6666666269302368,-0.9622229337692261,0.8248323202133179,0.1424858421087265,0.03268186002969742
obnOnuzb-Xw$_$1,Negative,Negative,-0.3333333432674408,0.15595519542694092,0.6552634239196777,0.08649813383817673,0.2582384943962097
ogGweZUAVtU$_$51,Neutral,Neutral,0.0,0.4128686785697937,0.10539403557777405,0.6360524296760559,0.25855356454849243
ogGweZUAVtU$_$20,Positive,Positive,0.3333333432674408,0.10587286949157715,0.2725009322166443,0.25665706396102905,0.47084200382232666
ogGweZUAVtU$_$49,Positive,Neutral,0.3333333432674408,0.006799801252782345,0.08894496411085129,0.7132925987243652,0.19776234030723572
ogGweZUAVtU$_$46,Negative,Neutral,-0.3333333432674408,-0.14676977694034576,0.1182737797498703,0.8000204563140869,0.08170574903488159
ogGweZUAVtU$_$40,Neutral,Negative,0.0,-0.2339429408311844,0.47934436798095703,0.4173157215118408,0.10333988815546036
ogGweZUAVtU$_$7,Positive,Positive,0.6666666865348816,0.8864370584487915,0.022541316226124763,0.42940753698349,0.5480511784553528
ogGweZUAVtU$_$9,Neutral,Neutral,0.0,0.004212473519146442,0.11629317700862885,0.698982298374176,0.18472449481487274
ogGweZUAVtU$_$38,Positive,Neutral,1.0,-0.31584468483924866,0.20011217892169952,0.698550283908844,0.10133759677410126
ogGweZUAVtU$_$10,Neutral,Neutral,0.0,0.09227177500724792,0.046198125928640366,0.7618073225021362,0.19199450314044952
ogGweZUAVtU$_$17,Neutral,Neutral,0.0,0.18495476245880127,0.05710742250084877,0.6699209809303284,0.27297157049179077
ogGweZUAVtU$_$37,Negative,Negative,-0.3333333432674408,-0.9324750900268555,0.7294167876243591,0.2501695156097412,0.02041364647448063
ogGweZUAVtU$_$36,Negative,Negative,-0.3333333432674408,-0.30299654603004456,0.7567712068557739,0.16969555616378784,0.07353325933218002
ogGweZUAVtU$_$32,Positive,Neutral,0.6666666865348816,0.17088346183300018,0.08718353509902954,0.7009044289588928,0.2119120955467224
oj7A8mpuBeQ$_$11,Positive,Positive,0.3333333432674408,0.6775402426719666,0.10414748638868332,0.309335321187973,0.5865172147750854
oj7A8mpuBeQ$_$5,Positive,Positive,0.6666666865348816,1.6686118841171265,0.002123772632330656,0.02376433275640011,0.9741118550300598
olcPEN9x5VY$_$2,Positive,Positive,0.3333333432674408,0.5140458345413208,0.015596122480928898,0.305490106344223,0.6789137721061707
olcPEN9x5VY$_$7,Positive,Positive,1.0,0.6169512271881104,0.11342265456914902,0.25020888447761536,0.636368453502655
olcPEN9x5VY$_$9,Positive,Positive,2.3333332538604736,2.1848976612091064,0.004087016452103853,0.007223199587315321,0.9886898398399353
olcPEN9x5VY$_$8,Positive,Positive,1.0,0.4595501124858856,0.055835139006376266,0.3172398805618286,0.626924991607666
omBcvw7izuM$_$10,Positive,Negative,1.3333333730697632,-0.14233185350894928,0.3872346878051758,0.3705194294452667,0.2422458380460739
omBcvw7izuM$_$17,Neutral,Negative,0.0,-0.5866185426712036,0.7343101501464844,0.18598131835460663,0.07970856875181198
omBcvw7izuM$_$2,Neutral,Negative,0.0,0.043849363923072815,0.49882230162620544,0.2839415967464447,0.21723616123199463
omBcvw7izuM$_$6,Positive,Negative,0.6666666865348816,0.127989262342453,0.5980731248855591,0.15817955136299133,0.24374732375144958
omHQ68k50XY$_$8,Negative,Negative,-1.3333333730697632,-0.30347612500190735,0.7216376066207886,0.14313070476055145,0.13523168861865997
ouhCx4TgHlE$_$1,Negative,Negative,-0.3333333432674408,-0.7375825643539429,0.8531632423400879,0.11392109096050262,0.03291571885347366
ouhCx4TgHlE$_$0,Negative,Negative,-1.0,-0.1996665894985199,0.5462964177131653,0.3131069242954254,0.14059670269489288
ouhCx4TgHlE$_$2,Negative,Negative,-1.0,-0.481933057308197,0.6935685873031616,0.2519393563270569,0.05449203774333
owT0_Xfu8a0$_$0,Positive,Positive,0.3333333432674408,1.5829765796661377,0.008917766623198986,0.04485447704792023,0.9462277293205261
oyHKiX5YGDE$_$10,Negative,Positive,-0.3333333432674408,0.5854679346084595,0.15366023778915405,0.3901970386505127,0.456142783164978
oyHKiX5YGDE$_$15,Negative,Negative,-0.3333333432674408,0.014027470722794533,0.5525316596031189,0.301201194524765,0.14626716077327728
p18PVgfxook$_$3,Neutral,Neutral,0.0,0.23683150112628937,0.08260279148817062,0.5627059936523438,0.3546912670135498
p19Hsjx2xgI$_$8,Neutral,Neutral,0.0,-0.24758009612560272,0.3691307008266449,0.4783121645450592,0.15255723893642426
p5LEk2u8tXk$_$13,Positive,Positive,1.6666666269302368,1.797018051147461,0.00603695260360837,0.03419038653373718,0.9597726464271545
p5LEk2u8tXk$_$4,Positive,Positive,0.6666666865348816,1.141170620918274,0.024788102135062218,0.11077811568975449,0.864433765411377
pAclBdj20ZU$_$10,Positive,Neutral,1.0,0.6056205630302429,0.01975158415734768,0.5183262228965759,0.46192216873168945
pAclBdj20ZU$_$0,Negative,Negative,-0.3333333432674408,-0.1458321213722229,0.8043498396873474,0.0907389298081398,0.10491126775741577
pAclBdj20ZU$_$6,Neutral,Neutral,0.0,0.05156031250953674,0.16060733795166016,0.6025378704071045,0.23685477674007416
pAclBdj20ZU$_$8,Positive,Positive,1.0,0.9406431913375854,0.01993200182914734,0.3492584824562073,0.630809485912323
pFh-SLxltms$_$14,Positive,Negative,0.6666666865348816,-0.08529698103666306,0.41802167892456055,0.39004796743392944,0.19193044304847717
pFh-SLxltms$_$23,Positive,Positive,2.0,0.6165978908538818,0.05322329327464104,0.4561588764190674,0.4906177520751953
pFh-SLxltms$_$16,Positive,Positive,1.6666666269302368,0.8259614109992981,0.019041482359170914,0.19026906788349152,0.7906894683837891
pFh-SLxltms$_$1,Positive,Neutral,0.3333333432674408,0.13516683876514435,0.029620245099067688,0.5207452774047852,0.4496344327926636
pFh-SLxltms$_$9,Positive,Positive,0.3333333432674408,0.5274052023887634,0.02420026995241642,0.3202440142631531,0.6555556654930115
pIMByitigYI$_$10,Positive,Positive,0.6666666865348816,1.1472961902618408,0.012985517270863056,0.09050479531288147,0.8965097069740295
pU-MjERGTUk$_$6,Positive,Positive,1.0,0.9490048885345459,0.1153581365942955,0.07415633648633957,0.8104855418205261
pVzHaakhKAw$_$0,Positive,Positive,0.3333333432674408,0.5840587615966797,0.02188950963318348,0.3096505105495453,0.668459951877594
pVzHaakhKAw$_$5,Negative,Negative,-0.3333333432674408,-0.23523014783859253,0.6635045409202576,0.11660029739141464,0.21989519894123077
pbFwuNCQlH8$_$3,Neutral,Neutral,0.0,0.11173999309539795,0.1449338048696518,0.6111608147621155,0.24390533566474915
pbFwuNCQlH8$_$7,Neutral,Neutral,0.0,0.661119818687439,0.05035644769668579,0.5029651522636414,0.4466784596443176
pf-78LF4ORE$_$22,Neutral,Neutral,0.0,0.2254522442817688,0.11658090353012085,0.49083468317985535,0.39258453249931335
pfCPogxnUfw$_$26,Positive,Positive,1.0,1.6063467264175415,0.037450119853019714,0.03428291529417038,0.9282669425010681
pfCPogxnUfw$_$8,Neutral,Positive,0.0,0.1882287561893463,0.20309185981750488,0.346452921628952,0.4504552483558655
pjWLxORDDP4$_$2,Positive,Positive,2.3333332538604736,2.262892246246338,0.004528611898422241,0.010989151895046234,0.9844822883605957
pqAGD3ijMPw$_$9,Negative,Negative,-1.0,-0.9394935965538025,0.8375208377838135,0.09292599558830261,0.06955313682556152
pu1C7tmYHxI$_$2,Positive,Positive,1.0,0.869317889213562,0.019746720790863037,0.18762937188148499,0.7926238775253296
puum3vabpb4$_$15,Negative,Negative,-0.6666666865348816,-0.6885966658592224,0.8208379149436951,0.11036717891693115,0.06879492849111557
pvlmYjQdRmA$_$0,Neutral,Neutral,0.0,0.34464117884635925,0.07952859252691269,0.5483182072639465,0.3721531927585602
pwj9YeMJC08$_$15,Negative,Negative,-1.0,-0.7365932464599609,0.7045125365257263,0.2261945754289627,0.06929289549589157
q-0gu48ClF4$_$2,Positive,Positive,0.3333333432674408,0.624199628829956,0.25006935000419617,0.1523619145154953,0.597568690776825
q1_knonj0Lw$_$17,Negative,Negative,-0.6666666865348816,-0.3526683449745178,0.7079435586929321,0.20232577621936798,0.0897306501865387
q1_knonj0Lw$_$16,Positive,Positive,1.3333333730697632,0.9077286720275879,0.033534370362758636,0.2065431922674179,0.7599225044250488
q1_knonj0Lw$_$4,Positive,Negative,0.3333333432674408,-0.14368613064289093,0.7127450108528137,0.1868571639060974,0.10039779543876648
q1_knonj0Lw$_$7,Positive,Neutral,1.0,0.7166919708251953,0.09038220345973969,0.5322529673576355,0.3773648142814636
q3QUybiOYeU$_$0,Positive,Neutral,0.3333333432674408,0.34535396099090576,0.05223895609378815,0.6016706824302673,0.34609031677246094
q4hP2j7oewo$_$1,Negative,Negative,-0.3333333432674408,-0.5950435400009155,0.7418424487113953,0.226143479347229,0.03201412782073021
q7BxnIM2_z0$_$5,Positive,Positive,2.0,1.1137875318527222,0.018245112150907516,0.20160029828548431,0.7801546454429626
qEkFReBuwxc$_$20,Positive,Positive,1.6666666269302368,0.7615579962730408,0.09955152124166489,0.29249468445777893,0.6079537868499756
qFppeQvdfxI$_$5,Positive,Positive,1.0,1.5141096115112305,0.0024369354359805584,0.048193011432886124,0.9493700265884399
qFppeQvdfxI$_$7,Positive,Positive,1.6666666269302368,1.3990474939346313,0.0034455321729183197,0.09898121654987335,0.8975732326507568
qFppeQvdfxI$_$8,Positive,Positive,1.0,0.7955200672149658,0.008578065782785416,0.38302117586135864,0.6084007024765015
qJBQH14qtHc$_$26,Positive,Positive,1.6666666269302368,0.596817135810852,0.08180054277181625,0.19364935159683228,0.7245501279830933
qJZlp9uxoTU$_$10,Neutral,Neutral,0.0,0.3945727050304413,0.08752281218767166,0.5909707546234131,0.3215063810348511
qJZlp9uxoTU$_$17,Negative,Negative,-0.3333333432674408,0.02895924635231495,0.5741128325462341,0.18471591174602509,0.24117131531238556
qJZlp9uxoTU$_$18,Negative,Positive,-0.3333333432674408,0.7357856631278992,0.08006846904754639,0.11697996407747269,0.8029515743255615
qJh6x4wmmh8$_$0,Negative,Negative,-0.3333333432674408,-0.07099761813879013,0.46715807914733887,0.2164803296327591,0.31636154651641846
qP4uuMI-JSk$_$3,Positive,Positive,0.6666666865348816,1.162835955619812,0.049817901104688644,0.06873398274183273,0.8814481496810913
qP4uuMI-JSk$_$4,Positive,Positive,2.0,1.2693755626678467,0.013054976239800453,0.1498769372701645,0.8370680809020996
qYJtbgLqizk$_$1,Positive,Positive,2.6666667461395264,1.609322190284729,0.007852086797356606,0.20800261199474335,0.7841453552246094
qd6YuFGcBGk$_$12,Positive,Positive,1.0,0.9325606822967529,0.010800085961818695,0.251609206199646,0.7375907301902771
qd6YuFGcBGk$_$0,Positive,Positive,1.3333333730697632,1.33402681350708,0.005130045115947723,0.0670197606086731,0.9278501868247986
qjMyjLSORY4$_$20,Positive,Positive,2.3333332538604736,1.4401628971099854,0.008786307647824287,0.057841744273900986,0.9333720207214355
qjMyjLSORY4$_$29,Positive,Positive,0.3333333432674408,0.5929211378097534,0.01586257666349411,0.27755290269851685,0.7065845131874084
qjMyjLSORY4$_$1,Positive,Positive,2.0,0.7796228528022766,0.022345859557390213,0.24771089851856232,0.7299432158470154
qjMyjLSORY4$_$33,Positive,Positive,1.0,1.299910545349121,0.004803848918527365,0.06334918737411499,0.9318470358848572
qjMyjLSORY4$_$2,Positive,Positive,2.3333332538604736,0.7008185982704163,0.03319697454571724,0.19739501178264618,0.7694080471992493
qjMyjLSORY4$_$5,Neutral,Positive,0.0,0.523685872554779,0.0618189200758934,0.22660425305366516,0.7115768790245056
qkWdc-E6jGI$_$21,Positive,Neutral,1.0,0.4288427233695984,0.18688136339187622,0.46586599946022034,0.34725260734558105
qkWdc-E6jGI$_$6,Neutral,Neutral,0.0,-0.19890868663787842,0.2715321183204651,0.6025245189666748,0.1259433478116989
qlDT-bmIzQI$_$4,Positive,Positive,3.0,2.052966594696045,0.0029243691824376583,0.027008092030882835,0.97006756067276
qlDiE1d45Bc$_$5,Positive,Neutral,0.3333333432674408,0.31809836626052856,0.14329597353935242,0.5183858275413513,0.33831819891929626
qpht9L3s9G4$_$3,Positive,Neutral,0.6666666865348816,0.49249371886253357,0.12052283436059952,0.610055685043335,0.26942142844200134
qrI7XCKRFNk$_$3,Neutral,Neutral,0.0,0.3677675724029541,0.18973885476589203,0.45113033056259155,0.3591308295726776
qrI7XCKRFNk$_$5,Negative,Negative,-0.3333333432674408,-0.5211445689201355,0.6838085055351257,0.23579281568527222,0.08039864897727966
qrI7XCKRFNk$_$4,Neutral,Negative,0.0,-0.16475912928581238,0.45191705226898193,0.3547961413860321,0.19328680634498596
qszy_WSRFUM$_$10,Positive,Positive,1.3333333730697632,1.3886536359786987,0.005027498118579388,0.14120931923389435,0.8537631630897522
qvIhzmujTi8$_$14,Neutral,Positive,0.0,0.6980711817741394,0.17021296918392181,0.13849423825740814,0.6912928223609924
qyJiDgtj6YE$_$4,Positive,Neutral,1.0,0.4638421833515167,0.24711354076862335,0.3988194763660431,0.35406696796417236
r1erb5PSm1A$_$2,Positive,Positive,1.6666666269302368,0.43526482582092285,0.22324615716934204,0.2464834302663803,0.5302704572677612
r4ul1wl_1T8$_$9,Neutral,Positive,0.0,0.7841910123825073,0.01899505965411663,0.2491021454334259,0.7319027781486511
r8OPmbZZlpE$_$3,Positive,Positive,1.0,0.813607931137085,0.05762356147170067,0.39946964383125305,0.5429068803787231
r917wP1qsL4$_$6,Positive,Negative,0.3333333432674408,-0.02427656762301922,0.5437005758285522,0.293170690536499,0.1631287932395935
rApOTQgFW6Y$_$6,Positive,Neutral,0.6666666865348816,0.14453266561031342,0.09001860022544861,0.6227181553840637,0.28726327419281006
rB6WmWvvyxg$_$1,Negative,Negative,-0.6666666865348816,-0.5320552587509155,0.8429941534996033,0.09013650566339493,0.0668693259358406
rB6WmWvvyxg$_$3,Neutral,Neutral,0.0,0.46473437547683716,0.11902357637882233,0.5160101652145386,0.3649662733078003
rB6WmWvvyxg$_$2,Neutral,Neutral,0.0,0.23464050889015198,0.22206920385360718,0.5327566266059875,0.24517419934272766
rB6WmWvvyxg$_$8,Negative,Negative,-0.3333333432674408,0.06185774505138397,0.5993382930755615,0.10426922887563705,0.2963924705982208
rBWeo_rEdcU$_$6,Positive,Neutral,0.3333333432674408,-0.08062327653169632,0.11611046642065048,0.5520341396331787,0.3318554162979126
rBWeo_rEdcU$_$8,Neutral,Positive,0.0,0.47969716787338257,0.03503040969371796,0.3905141353607178,0.5744553804397583
rC7qKZMKa0U$_$0,Positive,Positive,0.3333333432674408,0.936296820640564,0.01689925789833069,0.23975422978401184,0.7433465123176575
rCQYq4T8SEI$_$7,Negative,Positive,-0.6666666865348816,0.5233466625213623,0.33424103260040283,0.08076760917901993,0.5849913954734802
rCQYq4T8SEI$_$0,Positive,Positive,1.0,0.7383533716201782,0.04101883992552757,0.358799010515213,0.6001821756362915
rEWQW_ibDwg$_$7,Positive,Positive,0.3333333432674408,0.14420336484909058,0.23841792345046997,0.3288927376270294,0.4326893985271454
rFHIApgUtoI$_$1,Positive,Neutral,0.3333333432674408,0.021467499434947968,0.27937132120132446,0.40714165568351746,0.3134869933128357
rFHIApgUtoI$_$5,Positive,Positive,0.6666666865348816,0.9588156938552856,0.035345811396837234,0.12530788779258728,0.8393462896347046
rLHJ_ebXCHQ$_$3,Positive,Neutral,0.6666666865348816,0.041973140090703964,0.07497847080230713,0.723057746887207,0.20196379721164703
raQ9Pcgo-II$_$3,Negative,Negative,-1.3333333730697632,-0.9630412459373474,0.8406194448471069,0.13353045284748077,0.02585006132721901
rexJoy4RMdY$_$4,Neutral,Neutral,0.0,0.19157084822654724,0.15219764411449432,0.6694435477256775,0.178358793258667
rsQRiALH5FU$_$11,Positive,Negative,0.6666666865348816,-0.2820417881011963,0.6653953790664673,0.1452244520187378,0.18938018381595612
rsQRiALH5FU$_$10,Positive,Positive,0.6666666865348816,0.25664323568344116,0.16826651990413666,0.3936729431152344,0.43806058168411255
rsQRiALH5FU$_$4,Positive,Neutral,2.0,0.14678466320037842,0.11156277358531952,0.5352017283439636,0.35323554277420044
rvQ2cRnroOU$_$20,Positive,Positive,0.3333333432674408,0.7377511858940125,0.021533697843551636,0.2270427644252777,0.7514234781265259
rvQ2cRnroOU$_$2,Positive,Neutral,0.6666666865348816,0.23608718812465668,0.14382332563400269,0.6505862474441528,0.2055903971195221
rvQ2cRnroOU$_$9,Negative,Negative,-1.0,-0.5554103255271912,0.6106753945350647,0.3264997899532318,0.06282474100589752
rwe-hBNpzH8$_$1,Negative,Negative,-0.3333333432674408,-0.19022038578987122,0.453278511762619,0.348426878452301,0.19829456508159637
rz4Ax6xfZHQ$_$8,Positive,Positive,2.0,1.1783241033554077,0.023438069969415665,0.11830395460128784,0.8582579493522644
s1Yo_MCiMPc$_$12,Neutral,Positive,0.0,0.2794651985168457,0.15315303206443787,0.402243435382843,0.4446035325527191
s1Yo_MCiMPc$_$5,Neutral,Positive,0.0,0.9550607800483704,0.02094966359436512,0.14537692070007324,0.8336734175682068
s53UAEi7JEY$_$9,Neutral,Positive,0.0,1.1929452419281006,0.007807872723788023,0.14806033670902252,0.8441317081451416
sC1NvtirijU$_$22,Positive,Positive,2.3333332538604736,1.8825912475585938,0.004476297181099653,0.01972276158630848,0.9758008718490601
sC1NvtirijU$_$3,Positive,Positive,0.3333333432674408,1.340131163597107,0.01042470708489418,0.08644421398639679,0.9031310081481934
sC1NvtirijU$_$16,Positive,Positive,0.6666666865348816,0.7755520343780518,0.026045870035886765,0.24437212944030762,0.7295819520950317
sC1NvtirijU$_$19,Positive,Positive,0.6666666865348816,1.189442753791809,0.02881978452205658,0.08841341733932495,0.8827667832374573
sFLTjqVS7AE$_$0,Positive,Neutral,1.6666666269302368,0.18772462010383606,0.08269596099853516,0.7103100419044495,0.20699401199817657
sFLTjqVS7AE$_$5,Positive,Positive,1.0,1.4146482944488525,0.005355260334908962,0.057175181806087494,0.9374695420265198
sFxUNO2HOKY$_$5,Positive,Positive,2.0,1.9020698070526123,0.010812602937221527,0.037454985082149506,0.9517324566841125
sIGAq2J4KKI$_$1,Positive,Positive,0.3333333432674408,0.5615171194076538,0.055619362741708755,0.30875489115715027,0.6356257200241089
sKwPCpFtUUI$_$6,Neutral,Neutral,0.0,0.024673398584127426,0.21292592585086823,0.4603642523288727,0.32670992612838745
sLaTZtL0ZIk$_$5,Positive,Positive,0.3333333432674408,0.7200066447257996,0.05038077384233475,0.306917279958725,0.6427019834518433
sMnbpyFqrlE$_$15,Positive,Positive,2.3333332538604736,1.528936743736267,0.005443545989692211,0.05855138227343559,0.9360049962997437
sMnbpyFqrlE$_$0,Positive,Negative,0.6666666865348816,-0.22019314765930176,0.5886124968528748,0.21423402428627014,0.1971534937620163
sPxoGNvnVzg$_$5,Positive,Positive,1.3333333730697632,1.303482174873352,0.021542340517044067,0.19266965985298157,0.7857880592346191
sPxoGNvnVzg$_$7,Positive,Neutral,1.0,0.7417020797729492,0.02371099591255188,0.5223707556724548,0.4539182782173157
sWsDAG6x9n0$_$3,Positive,Positive,2.6666667461395264,1.8800125122070312,0.0036340339574962854,0.04271647706627846,0.9536495208740234
skp_SpnIOCM$_$2,Positive,Positive,0.6666666865348816,0.8023912906646729,0.0345153883099556,0.4423579275608063,0.5231266617774963
soqnBdPOwoo$_$4,Neutral,Neutral,0.0,0.2447441816329956,0.16537593305110931,0.6360480189323425,0.19857601821422577
srbrWyZRMCI$_$11,Positive,Neutral,1.0,0.14879153668880463,0.06469856202602386,0.545954167842865,0.3893471956253052
srbrWyZRMCI$_$1,Positive,Positive,0.3333333432674408,1.1209948062896729,0.006922700442373753,0.0928664430975914,0.9002109169960022
srbrWyZRMCI$_$0,Positive,Positive,0.6666666865348816,0.8227488398551941,0.01216668076813221,0.26644444465637207,0.7213888168334961
srbrWyZRMCI$_$5,Positive,Positive,1.0,0.8798530697822571,0.02899339236319065,0.28329870104789734,0.6877079010009766
srbrWyZRMCI$_$8,Positive,Positive,1.3333333730697632,0.7718974351882935,0.01790868677198887,0.2709379196166992,0.7111533880233765
sw-smuVRByI$_$7,Neutral,Negative,0.0,-0.2419036328792572,0.5008233189582825,0.38637739419937134,0.112799271941185
sw-smuVRByI$_$6,Negative,Negative,-0.3333333432674408,0.054308775812387466,0.37864047288894653,0.36186814308166504,0.25949135422706604
t0Wi5Nb6kbI$_$10,Negative,Negative,-1.3333333730697632,-0.24017632007598877,0.6182664036750793,0.2150259166955948,0.16670769453048706
t4-ZulW5np4$_$1,Negative,Positive,-0.6666666865348816,0.42708921432495117,0.10232994705438614,0.25699201226234436,0.6406779885292053
t4-ZulW5np4$_$5,Positive,Positive,2.0,0.7431628704071045,0.03699029982089996,0.30343735218048096,0.6595723628997803
t7a3zECpT4k$_$17,Negative,Positive,-0.3333333432674408,0.7772229909896851,0.026420267298817635,0.12133366614580154,0.852246105670929
tL8RzwWSmAE$_$0,Negative,Positive,-0.3333333432674408,0.5218276381492615,0.28105854988098145,0.13345742225646973,0.585483968257904
tL8RzwWSmAE$_$2,Positive,Positive,0.6666666865348816,0.9826482534408569,0.0167353805154562,0.11648935079574585,0.8667752742767334
tQk-eoA7JyE$_$5,Positive,Positive,0.3333333432674408,0.3066555857658386,0.14776380360126495,0.3060304820537567,0.5462057590484619
tXxf6-CilNI$_$20,Neutral,Neutral,0.0,-0.00851192232221365,0.12894602119922638,0.5385540723800659,0.3324998617172241
tXxf6-CilNI$_$21,Negative,Negative,-0.3333333432674408,-1.1321972608566284,0.7867940068244934,0.19362540543079376,0.01958061009645462
tXxf6-CilNI$_$9,Neutral,Neutral,0.0,-0.21769201755523682,0.24792475998401642,0.5407357811927795,0.21133947372436523
ta26Z2YEVMQ$_$0,Positive,Positive,1.3333333730697632,1.5834674835205078,0.0064560724422335625,0.08878576010465622,0.9047581553459167
ta26Z2YEVMQ$_$2,Negative,Positive,-0.6666666865348816,0.2236272543668747,0.3003743588924408,0.09553875029087067,0.6040868759155273
taCchyi5h68$_$3,Positive,Positive,0.3333333432674408,0.8057247400283813,0.021731402724981308,0.2425418347120285,0.7357267737388611
taGs3-SMoYM$_$3,Positive,Negative,1.0,0.33241280913352966,0.5238913893699646,0.2381315976381302,0.23797696828842163
taGs3-SMoYM$_$4,Positive,Positive,1.3333333730697632,1.3519396781921387,0.0077642532996833324,0.057888858020305634,0.9343469738960266
tdIZZ9v0IGA$_$6,Neutral,Negative,0.0,-0.056016698479652405,0.47947177290916443,0.27939918637275696,0.241129070520401
tdIZZ9v0IGA$_$8,Positive,Negative,0.3333333432674408,0.12852339446544647,0.594792366027832,0.23913262784481049,0.16607502102851868
tgrxA3CiBv0$_$7,Neutral,Positive,0.0,0.6348299980163574,0.042972322553396225,0.29855653643608093,0.6584711670875549
tgrxA3CiBv0$_$8,Positive,Positive,0.6666666865348816,0.7927038073539734,0.04328766092658043,0.2167477160692215,0.7399646639823914
tv8IhQZQuJI$_$12,Negative,Negative,-1.3333333730697632,-0.6737765073776245,0.6803302764892578,0.25930148363113403,0.06036820262670517
tv8IhQZQuJI$_$5,Neutral,Neutral,0.0,0.3495703935623169,0.151802197098732,0.5616024732589722,0.2865954041481018
tvE_DucE0_k$_$7,Positive,Positive,0.3333333432674408,0.7354897260665894,0.03520946949720383,0.2780263423919678,0.6867641806602478
tw2xFbfgV4U$_$18,Negative,Negative,-1.3333333730697632,-0.7162961363792419,0.8763863444328308,0.09619496762752533,0.027418773621320724
tw2xFbfgV4U$_$3,Positive,Positive,0.3333333432674408,0.6310348510742188,0.04412058740854263,0.3540956974029541,0.6017836928367615
tw2xFbfgV4U$_$2,Positive,Positive,0.6666666865348816,0.917367696762085,0.023956995457410812,0.21970348060131073,0.7563395500183105
tw2xFbfgV4U$_$6,Positive,Positive,1.3333333730697632,1.2072254419326782,0.008309788070619106,0.11571791768074036,0.875972330570221
txjqbr6FoZs$_$7,Positive,Positive,1.0,1.334867000579834,0.005856191273778677,0.0736585408449173,0.9204853177070618
u94VPxEIJPg$_$3,Negative,Negative,-0.3333333432674408,-0.3644372224807739,0.7428767681121826,0.1270628720521927,0.13006041944026947
uAExKaLeOl8$_$13,Positive,Neutral,0.6666666865348816,0.13697969913482666,0.15261392295360565,0.5736398696899414,0.27374619245529175
uAExKaLeOl8$_$9,Positive,Positive,0.6666666865348816,0.5740440487861633,0.07450421154499054,0.3973386883735657,0.5281571745872498
uAExKaLeOl8$_$8,Neutral,Neutral,0.0,-0.03109925612807274,0.23732180893421173,0.6230063438415527,0.13967187702655792
uBgRo9tnv-I$_$0,Positive,Positive,0.3333333432674408,1.0386863946914673,0.007440331391990185,0.09877082705497742,0.8937888741493225
uBgRo9tnv-I$_$6,Negative,Negative,-0.3333333432674408,-0.08955364674329758,0.46134892106056213,0.3759884536266327,0.1626625955104828
uTWeng4h5eM$_$8,Neutral,Negative,0.0,-0.6408005952835083,0.9071536064147949,0.037133555859327316,0.05571289733052254
uU_3tbZ1zG8$_$14,Positive,Positive,1.0,1.5553733110427856,0.0031597132328897715,0.052913930267095566,0.9439263343811035
uU_3tbZ1zG8$_$23,Positive,Positive,1.6666666269302368,1.1404650211334229,0.014666804112493992,0.14049701392650604,0.8448361754417419
uU_3tbZ1zG8$_$1,Negative,Negative,-1.3333333730697632,-0.08266855776309967,0.6774433255195618,0.1352936029434204,0.18726308643817902
uU_3tbZ1zG8$_$21,Positive,Positive,0.6666666865348816,1.3161022663116455,0.006671655457466841,0.07226614654064178,0.921062171459198
uXYAfpQUYVE$_$22,Positive,Neutral,0.3333333432674408,0.09669580310583115,0.3445066809654236,0.4185900390148163,0.23690325021743774
uXYAfpQUYVE$_$5,Negative,Negative,-0.3333333432674408,-0.34102654457092285,0.7242823839187622,0.19343869388103485,0.08227889239788055
uXYAfpQUYVE$_$4,Neutral,Neutral,0.0,0.25207945704460144,0.30848366022109985,0.44052377343177795,0.2509925067424774
uYzZB4ccG1Q$_$24,Positive,Positive,1.0,1.5089231729507446,0.010541235096752644,0.054201889783144,0.9352568984031677
uYzZB4ccG1Q$_$27,Positive,Positive,1.6666666269302368,1.7402933835983276,0.005817858502268791,0.046443238854408264,0.9477389454841614
uYzZB4ccG1Q$_$5,Positive,Neutral,0.3333333432674408,-0.05129218101501465,0.03891368210315704,0.7165655493736267,0.24452081322669983
uYzZB4ccG1Q$_$10,Positive,Positive,0.6666666865348816,0.40185314416885376,0.06568729132413864,0.43863704800605774,0.4956756830215454
uYzZB4ccG1Q$_$15,Neutral,Neutral,0.0,0.2494344711303711,0.06500157713890076,0.5855860710144043,0.34941235184669495
uYzZB4ccG1Q$_$19,Negative,Negative,-0.3333333432674408,-0.33099234104156494,0.6954830884933472,0.18646997213363647,0.11804695427417755
uYzZB4ccG1Q$_$30,Positive,Positive,1.6666666269302368,1.1460858583450317,0.01359482854604721,0.13507325947284698,0.8513319492340088
ueCWy7aTmyo$_$14,Negative,Negative,-0.6666666865348816,-1.10731840133667,0.9177596569061279,0.05027686432003975,0.03196347504854202
ueCWy7aTmyo$_$3,Positive,Positive,0.6666666865348816,0.5904525518417358,0.017253967002034187,0.2609928846359253,0.7217531800270081
ueCWy7aTmyo$_$5,Positive,Positive,0.3333333432674408,-0.05677381902933121,0.2493716925382614,0.2870273292064667,0.4636009633541107
uxHBEfIhY-E$_$2,Neutral,Neutral,0.0,0.37320196628570557,0.2415328323841095,0.5717341303825378,0.18673300743103027
uy9MGhVqCp8$_$5,Negative,Negative,-0.3333333432674408,-1.2063841819763184,0.9121044278144836,0.0672430470585823,0.020652510225772858
uyOrVTq8Tjk$_$3,Positive,Positive,0.3333333432674408,0.706416130065918,0.011864708736538887,0.13236981630325317,0.8557655215263367
v1GKBjohgHc$_$2,Negative,Negative,-1.3333333730697632,-0.7880048751831055,0.8805645108222961,0.06543444097042084,0.0540011040866375
v2DFe9X-jCY$_$22,Positive,Positive,1.3333333730697632,0.784449577331543,0.08981174230575562,0.14741848409175873,0.7627697587013245
v3l56fl6aJM$_$4,Neutral,Positive,0.0,0.6309622526168823,0.04947618767619133,0.32438063621520996,0.6261431574821472
v5AAvrZuR2U$_$6,Neutral,Positive,0.0,0.8604079484939575,0.02268327958881855,0.23625171184539795,0.7410649657249451
vCWpKubBbcw$_$1,Positive,Positive,0.6666666865348816,0.5850737690925598,0.11344777792692184,0.3144133985042572,0.5721387267112732
vM3YB7LmMq4$_$28,Positive,Positive,0.3333333432674408,1.3145978450775146,0.006342428736388683,0.12895329296588898,0.8647043108940125
vM3YB7LmMq4$_$41,Positive,Positive,0.3333333432674408,1.2584047317504883,0.01001065131276846,0.1332423985004425,0.8567469120025635
vM3YB7LmMq4$_$8,Positive,Positive,1.0,0.9448973536491394,0.010940230451524258,0.20864680409431458,0.780413031578064
vM3YB7LmMq4$_$38,Positive,Positive,0.3333333432674408,0.9349971413612366,0.02847910486161709,0.10211063176393509,0.8694102168083191
vM3YB7LmMq4$_$13,Neutral,Positive,0.0,1.397729516029358,0.007108192890882492,0.07666891068220139,0.9162229299545288
vM3YB7LmMq4$_$33,Positive,Positive,2.0,0.990524172782898,0.01731696166098118,0.16014888882637024,0.8225341439247131
vM3YB7LmMq4$_$37,Positive,Positive,1.0,1.1714667081832886,0.02606683224439621,0.14309152960777283,0.8308416604995728
vM3YB7LmMq4$_$50,Positive,Positive,0.6666666865348816,0.6308622360229492,0.022874953225255013,0.41853970289230347,0.5585852861404419
vM7m581tHn0$_$3,Neutral,Neutral,0.0,0.49160367250442505,0.055699996650218964,0.5425042510032654,0.40179577469825745
vM7m581tHn0$_$4,Neutral,Positive,0.0,0.5476455092430115,0.033749330788850784,0.45785290002822876,0.5083976984024048
vM9AH4EqCaA$_$2,Positive,Positive,1.0,1.096108078956604,0.020725900307297707,0.11610758304595947,0.8631665110588074
vM9AH4EqCaA$_$6,Positive,Positive,0.6666666865348816,1.2214977741241455,0.004979619290679693,0.14792552590370178,0.8470948934555054
vRhj2bLo1ho$_$5,Neutral,Negative,0.0,-0.42931249737739563,0.5239824652671814,0.4162873923778534,0.059730164706707
vRhj2bLo1ho$_$8,Neutral,Neutral,0.0,0.014669107273221016,0.1387418955564499,0.6094130873680115,0.2518450617790222
vYOr36tdcpc$_$1,Positive,Positive,0.6666666865348816,1.027532696723938,0.01659373752772808,0.06815146654844284,0.9152548313140869
vYOr36tdcpc$_$0,Positive,Positive,1.3333333730697632,0.6548806428909302,0.11380308121442795,0.1643710881471634,0.7218258380889893
vbVLgaP5IYU$_$0,Positive,Positive,0.3333333432674408,0.349079966545105,0.18164458870887756,0.3479381203651428,0.470417320728302
vlnKSMw5v1o$_$6,Positive,Positive,1.3333333730697632,0.9566149711608887,0.0252017080783844,0.31304875016212463,0.6617494821548462
vop7tN_K64I$_$14,Neutral,Neutral,0.0,0.23454339802265167,0.05388187617063522,0.6076005697250366,0.33851757645606995
vop7tN_K64I$_$17,Negative,Neutral,-0.3333333432674408,0.08174911141395569,0.3732440173625946,0.4589984118938446,0.16775758564472198
vop7tN_K64I$_$1,Positive,Negative,0.6666666865348816,-0.27199095487594604,0.3971633315086365,0.26705610752105713,0.3357805609703064
vttEPA6Xffk$_$2,Negative,Positive,-0.3333333432674408,0.869085967540741,0.06133924052119255,0.09747877717018127,0.8411819338798523
vwUBtNvjrU4$_$26,Neutral,Neutral,0.0,0.42543643712997437,0.05752237141132355,0.5284810662269592,0.41399654746055603
vwUBtNvjrU4$_$16,Neutral,Neutral,0.0,0.46248069405555725,0.03164498135447502,0.5669513940811157,0.40140366554260254
vwUBtNvjrU4$_$23,Positive,Positive,0.3333333432674408,0.718735933303833,0.08330615609884262,0.44672226905822754,0.46997156739234924
vwUBtNvjrU4$_$25,Neutral,Neutral,0.0,0.6024637222290039,0.05445434898138046,0.6085050106048584,0.33704066276550293
w-PFjo89Dpw$_$14,Positive,Positive,0.3333333432674408,0.4640772342681885,0.06316589564085007,0.3166232407093048,0.6202108860015869
w-PFjo89Dpw$_$2,Neutral,Positive,0.0,0.5295297503471375,0.027307717129588127,0.35573211312294006,0.6169602274894714
w-PFjo89Dpw$_$7,Neutral,Positive,0.0,0.6746330261230469,0.05318542197346687,0.21866844594478607,0.7281461954116821
w1MxXu5D7ho$_$0,Positive,Positive,2.0,1.7000137567520142,0.014131860807538033,0.04417787864804268,0.9416902661323547
wCtZdAdoIm8$_$0,Positive,Positive,0.3333333432674408,0.30062636733055115,0.020779632031917572,0.4605121612548828,0.5187081694602966
wEs7pJH2mqQ$_$1,Positive,Positive,1.3333333730697632,1.3862677812576294,0.010300267487764359,0.16743911802768707,0.8222606778144836
wEs7pJH2mqQ$_$3,Negative,Negative,-0.3333333432674408,-0.6959409117698669,0.8723694682121277,0.08006969094276428,0.047560885548591614
wEs7pJH2mqQ$_$7,Negative,Negative,-1.3333333730697632,-0.9146578311920166,0.9028564095497131,0.07128863036632538,0.025854943320155144
wHQYmMZzyJY$_$24,Positive,Positive,1.0,1.5593109130859375,0.004363394342362881,0.024311818182468414,0.9713248610496521
wHQYmMZzyJY$_$10,Positive,Positive,2.0,1.9116089344024658,0.002146882936358452,0.016789430752396584,0.981063723564148
wHQYmMZzyJY$_$20,Positive,Positive,1.0,0.4636372923851013,0.09216064214706421,0.21978004276752472,0.6880593299865723
wHQYmMZzyJY$_$18,Positive,Positive,0.6666666865348816,1.237966775894165,0.01012091338634491,0.0852709487080574,0.9046081900596619
wI7DDCRh4Nw$_$1,Negative,Positive,-0.6666666865348816,0.5900732278823853,0.13286244869232178,0.23620949685573578,0.630928099155426
wI7DDCRh4Nw$_$2,Negative,Neutral,-0.6666666865348816,0.3282034993171692,0.07068570703268051,0.5443606972694397,0.3849535584449768
wLj_gnNON7A$_$10,Negative,Negative,-1.6666666269302368,-0.6227744221687317,0.7540645003318787,0.18769119679927826,0.058244332671165466
wLj_gnNON7A$_$12,Negative,Negative,-2.6666667461395264,-0.7360836267471313,0.9113583564758301,0.05477131903171539,0.03387036919593811
wLj_gnNON7A$_$14,Negative,Negative,-0.3333333432674408,-0.06028851866722107,0.6018015146255493,0.21269617974758148,0.1855023205280304
wLj_gnNON7A$_$5,Negative,Negative,-1.0,-0.8085349798202515,0.9199861884117126,0.04746710881590843,0.03254668414592743
wLj_gnNON7A$_$4,Negative,Positive,-0.3333333432674408,0.3764517903327942,0.11288055777549744,0.4295356273651123,0.4575837254524231
wMggOhhVouA$_$6,Neutral,Positive,0.0,0.8632309436798096,0.016429882496595383,0.30800890922546387,0.675561249256134
wNx1ZnQ0MDQ$_$9,Positive,Positive,1.3333333730697632,1.3373372554779053,0.006782866083085537,0.09992446005344391,0.8932927250862122
wNx1ZnQ0MDQ$_$8,Neutral,Positive,0.0,0.5765628814697266,0.32876524329185486,0.24954620003700256,0.42168858647346497
wNx1ZnQ0MDQ$_$4,Positive,Positive,0.3333333432674408,0.6213135123252869,0.12595388293266296,0.3174111247062683,0.5566350221633911
wOKWTFYYMuk$_$9,Positive,Positive,1.0,0.41268235445022583,0.05944130942225456,0.2772716283798218,0.6632869839668274
wOjnqud5GBA$_$4,Positive,Neutral,0.3333333432674408,0.320866197347641,0.17581596970558167,0.46275970339775085,0.3614243268966675
wR3zalLV_6c$_$5,Negative,Negative,-1.0,-0.06615594774484634,0.44546574354171753,0.3598020672798157,0.19473226368427277
wR3zalLV_6c$_$14,Positive,Positive,1.3333333730697632,0.9665685296058655,0.027937961742281914,0.2415008693933487,0.7305610775947571
wRKVNiABc0w$_$12,Positive,Positive,1.0,0.6747994422912598,0.15390723943710327,0.39862093329429626,0.4474717974662781
wRKVNiABc0w$_$14,Negative,Neutral,-0.3333333432674408,0.1422511637210846,0.1910141110420227,0.5071290731430054,0.30185675621032715
wRKVNiABc0w$_$1,Negative,Negative,-0.6666666865348816,-0.37114769220352173,0.6732261180877686,0.2568153440952301,0.06995852291584015
w_qYZSVx2dM$_$13,Positive,Positive,0.6666666865348816,0.705429196357727,0.05480233207345009,0.31852987408638,0.6266677975654602
w_qYZSVx2dM$_$12,Positive,Positive,0.3333333432674408,1.1074283123016357,0.010078812949359417,0.11631647497415543,0.8736047744750977
w_qYZSVx2dM$_$9,Positive,Positive,2.0,0.9251110553741455,0.009366798214614391,0.26325488090515137,0.7273783087730408
wb7CfuiIZFQ$_$5,Positive,Positive,1.3333333730697632,1.472949504852295,0.003850981593132019,0.05325431004166603,0.942894697189331
wd-LTpCtAzw$_$14,Positive,Negative,1.6666666269302368,-0.5144332647323608,0.6605401039123535,0.09404987841844559,0.24540995061397552
wd-LTpCtAzw$_$1,Positive,Positive,2.3333332538604736,2.051326274871826,0.0053685978055000305,0.024778153747320175,0.9698532819747925
wd-LTpCtAzw$_$9,Positive,Positive,1.0,0.8505411148071289,0.0758780688047409,0.22486650943756104,0.6992554068565369
wdU-0bttAkc$_$3,Positive,Neutral,0.6666666865348816,0.11779163777828217,0.11284813284873962,0.6376839280128479,0.24946793913841248
werKCgZ5dFE$_$14,Negative,Negative,-0.6666666865348816,-0.8200489282608032,0.939064085483551,0.03232115879654884,0.028614746406674385
wfLrS6CdFs4$_$0,Positive,Positive,1.0,0.9186627864837646,0.03524390980601311,0.24418027698993683,0.7205758094787598
wgCSuviySwg$_$0,Positive,Positive,1.6666666269302368,0.9839973449707031,0.008868315257132053,0.18332968652248383,0.8078020215034485
wj3ur4fsiN4$_$24,Positive,Positive,0.3333333432674408,1.5543477535247803,0.007666627410799265,0.06755263358354568,0.9247806668281555
wj3ur4fsiN4$_$3,Positive,Neutral,0.3333333432674408,0.32668328285217285,0.040363527834415436,0.5544956922531128,0.4051407277584076
wj3ur4fsiN4$_$2,Positive,Neutral,0.3333333432674408,0.0816398486495018,0.08167161792516708,0.4720335900783539,0.44629478454589844
wj3ur4fsiN4$_$13,Neutral,Neutral,0.0,0.05342493951320648,0.22756566107273102,0.4517204165458679,0.32071390748023987
wj3ur4fsiN4$_$17,Positive,Negative,0.6666666865348816,-0.10482329875230789,0.4306497275829315,0.29462572932243347,0.2747245132923126
wrQVnClcNPM$_$11,Positive,Positive,1.3333333730697632,1.9145827293395996,0.006898554973304272,0.0360112339258194,0.9570902585983276
wrQVnClcNPM$_$12,Positive,Positive,2.3333332538604736,2.056802749633789,0.004848581738770008,0.022731713950634003,0.9724197387695312
wrQVnClcNPM$_$16,Positive,Positive,2.0,1.350624442100525,0.022572778165340424,0.08601004630327225,0.8914171457290649
wrQVnClcNPM$_$2,Neutral,Neutral,0.0,-0.27344661951065063,0.027522632852196693,0.84506756067276,0.12740978598594666
wrQVnClcNPM$_$5,Neutral,Neutral,0.0,-0.03506053239107132,0.03843308985233307,0.8026291728019714,0.15893778204917908
wxxqXK9x-64$_$2,Neutral,Positive,0.0,0.5795938968658447,0.07164820283651352,0.22936522960662842,0.6989865899085999
wz3nVBPVgIA$_$6,Positive,Positive,1.0,0.6734671592712402,0.14716672897338867,0.2816856801509857,0.5711475610733032
x92920ole0w$_$18,Neutral,Positive,0.0,0.6714657545089722,0.10433774441480637,0.18343040347099304,0.7122318148612976
x9E8yaFCX0Y$_$5,Positive,Positive,0.6666666865348816,0.8079015612602234,0.16142801940441132,0.20761002600193024,0.6309619545936584
x9E8yaFCX0Y$_$4,Positive,Positive,1.0,1.0209850072860718,0.024851161986589432,0.41660985350608826,0.5585389137268066
x9E8yaFCX0Y$_$7,Positive,Neutral,0.6666666865348816,0.2012765109539032,0.2358279675245285,0.481693297624588,0.28247880935668945
xNYsfeSgDCQ$_$1,Positive,Positive,1.3333333730697632,0.9498769044876099,0.011825465597212315,0.3249863386154175,0.6631882190704346
xNYsfeSgDCQ$_$4,Positive,Positive,1.0,0.6165636777877808,0.03472336754202843,0.3318309783935547,0.633445680141449
xP81rX2ATLI$_$2,Negative,Negative,-0.3333333432674408,-0.4565977156162262,0.7479994297027588,0.15051375329494476,0.10148686915636063
xP81rX2ATLI$_$6,Negative,Negative,-0.6666666865348816,0.06329628080129623,0.4538678526878357,0.241903156042099,0.3042290210723877
xPhlDO-2Foc$_$2,Negative,Negative,-0.3333333432674408,-0.3530008792877197,0.742975115776062,0.15199384093284607,0.1050310954451561
xRJXYUZVdas$_$1,Positive,Positive,1.0,0.7206854820251465,0.02003750018775463,0.4389477074146271,0.5410147309303284
xTBBDx3DkXQ$_$10,Positive,Positive,1.6666666269302368,1.1594942808151245,0.01466696709394455,0.08213139325380325,0.9032016396522522
xUz5cCA-oTo$_$14,Neutral,Neutral,0.0,0.7428122162818909,0.03221415355801582,0.6204601526260376,0.3473256826400757
xXIq7YPkdUQ$_$1,Positive,Positive,0.3333333432674408,0.7718781232833862,0.023382173851132393,0.3237015902996063,0.6529162526130676
xXIq7YPkdUQ$_$2,Positive,Positive,0.3333333432674408,0.5765699148178101,0.025903139263391495,0.39709803462028503,0.5769988298416138
xXIq7YPkdUQ$_$4,Positive,Positive,1.6666666269302368,1.3609309196472168,0.002996342722326517,0.0657549500465393,0.931248664855957
xYtNgq9eTlg$_$6,Positive,Positive,0.3333333432674408,0.5031981468200684,0.03568791598081589,0.3566196858882904,0.607692301273346
xZ1FrxU6hcg$_$23,Positive,Negative,0.3333333432674408,-0.29650744795799255,0.4959496259689331,0.25586557388305664,0.24818484485149384
xZ1FrxU6hcg$_$6,Positive,Positive,0.3333333432674408,0.6883208155632019,0.04962829872965813,0.21034087240695953,0.7400308847427368
xaSf1d13WoY$_$13,Positive,Positive,1.0,0.7649282217025757,0.03323875367641449,0.18015067279338837,0.78661048412323
xaSf1d13WoY$_$1,Positive,Negative,1.0,-0.25982165336608887,0.5860417485237122,0.16717667877674103,0.24678155779838562
xaSf1d13WoY$_$4,Neutral,Neutral,0.0,0.04789448529481888,0.053135935217142105,0.6000445485115051,0.34681951999664307
xbl7bU5PGBs$_$0,Positive,Negative,0.6666666865348816,-0.09518375247716904,0.7010671496391296,0.11677788943052292,0.18215489387512207
xfP0bm6Z-7E$_$2,Positive,Positive,0.3333333432674408,1.0297205448150635,0.005580743309110403,0.0651824027299881,0.929236888885498
xge9aYTxxOA$_$0,Negative,Negative,-1.3333333730697632,-1.2635176181793213,0.9306426644325256,0.038462474942207336,0.03089490905404091
xiRUWSUrGSg$_$0,Positive,Positive,0.3333333432674408,0.23513385653495789,0.2946241796016693,0.1529395878314972,0.5524362325668335
xiRUWSUrGSg$_$4,Negative,Negative,-0.6666666865348816,-1.150052547454834,0.9671027064323425,0.010096241720020771,0.022801073268055916
xk4C4p5vHDk$_$12,Positive,Positive,1.3333333730697632,0.9303977489471436,0.026852574199438095,0.1872759908437729,0.7858713865280151
xk4C4p5vHDk$_$1,Positive,Positive,2.0,1.3240306377410889,0.00933967623859644,0.13474860787391663,0.8559117317199707
xn9_4n4NpEw$_$10,Positive,Positive,0.5,0.43562912940979004,0.047151271253824234,0.4734017848968506,0.4794469475746155
xn9_4n4NpEw$_$5,Positive,Neutral,0.6666666865348816,0.2198876291513443,0.11418381333351135,0.5148519277572632,0.3709641993045807
xn9_4n4NpEw$_$7,Positive,Neutral,0.1666666716337204,0.03522475063800812,0.19284218549728394,0.7115162014961243,0.09564164280891418
xnNZyfhusAk$_$2,Positive,Negative,0.3333333432674408,-0.06173499673604965,0.6936018466949463,0.0359453447163105,0.2704528272151947
xomMHflvVDw$_$1,Neutral,Neutral,0.0,0.4729401469230652,0.06554607301950455,0.5945404767990112,0.33991336822509766
xomMHflvVDw$_$0,Neutral,Neutral,0.0,0.038909584283828735,0.016137467697262764,0.7436990141868591,0.24016354978084564
xomMHflvVDw$_$3,Neutral,Neutral,0.0,0.16489528119564056,0.050201114267110825,0.72933030128479,0.22046859562397003
xomMHflvVDw$_$6,Neutral,Neutral,0.0,0.21621930599212646,0.03585469722747803,0.6670623421669006,0.29708293080329895
xu53lk4dhSc$_$13,Positive,Neutral,0.3333333432674408,0.33663472533226013,0.09075528383255005,0.5516512393951416,0.35759350657463074
xu53lk4dhSc$_$20,Neutral,Neutral,0.0,-0.07038699835538864,0.13691659271717072,0.6514659523963928,0.21161746978759766
xu53lk4dhSc$_$14,Negative,Negative,-1.0,-0.4824332594871521,0.6575962901115417,0.2526931166648865,0.08971062302589417
xu53lk4dhSc$_$17,Positive,Positive,0.3333333432674408,0.5372491478919983,0.2231619656085968,0.19383405148983002,0.5830039978027344
xu53lk4dhSc$_$9,Positive,Positive,1.3333333730697632,0.37231749296188354,0.33057549595832825,0.267917275428772,0.40150728821754456
xvnFF0FiyS4$_$6,Neutral,Positive,0.0,1.5256528854370117,0.0053410823456943035,0.10463503003120422,0.8900238871574402
xvnFF0FiyS4$_$8,Positive,Positive,1.0,1.4537206888198853,0.00844133272767067,0.12287061661481857,0.8686880469322205
xwNQ7QuXaps$_$5,Positive,Positive,1.3333333730697632,1.0642859935760498,0.09591081738471985,0.15144309401512146,0.7526460886001587
xyOa9ivNrg4$_$0,Neutral,Positive,0.0,0.9291170835494995,0.017774337902665138,0.20885701477527618,0.7733687162399292
y-nEcwAyQos$_$11,Positive,Positive,1.0,0.9270954132080078,0.020623579621315002,0.14353734254837036,0.8358390927314758
y-nEcwAyQos$_$4,Negative,Neutral,-0.3333333432674408,0.2606116235256195,0.26247870922088623,0.473863810300827,0.26365751028060913
yBGuxyO-ElM$_$2,Positive,Positive,1.0,0.21724243462085724,0.11504577100276947,0.3871866464614868,0.4977676272392273
yDIFWzOBjXc$_$22,Positive,Positive,0.6666666865348816,0.5212210416793823,0.02550595998764038,0.3018098473548889,0.6726841330528259
yDIFWzOBjXc$_$23,Neutral,Positive,0.0,0.3444383144378662,0.06206832826137543,0.4546649158000946,0.4832667410373688
yDIFWzOBjXc$_$40,Positive,Positive,1.0,1.3380597829818726,0.004843259695917368,0.05791327729821205,0.9372434020042419
yDIFWzOBjXc$_$13,Positive,Neutral,0.3333333432674408,0.2350853830575943,0.02854621596634388,0.5398132801055908,0.4316404461860657
yDIFWzOBjXc$_$15,Neutral,Positive,0.0,0.30561208724975586,0.07354375720024109,0.4191765785217285,0.507279634475708
yDIFWzOBjXc$_$19,Positive,Positive,0.3333333432674408,0.8901978135108948,0.013765345327556133,0.22252443432807922,0.7637102007865906
yDIFWzOBjXc$_$30,Neutral,Neutral,0.0,0.09547711908817291,0.20311222970485687,0.6024482846260071,0.19443956017494202
yEtfjJOMMCs$_$21,Positive,Neutral,0.6666666865348816,0.43653541803359985,0.14571255445480347,0.48055970668792725,0.3737276494503021
yEtfjJOMMCs$_$3,Negative,Positive,-0.3333333432674408,0.6344729661941528,0.18929030001163483,0.28218454122543335,0.5285251140594482
yEtfjJOMMCs$_$4,Negative,Positive,-0.3333333432674408,0.18843427300453186,0.19190450012683868,0.39717623591423035,0.410919189453125
yEtfjJOMMCs$_$7,Positive,Positive,0.3333333432674408,0.826919674873352,0.1604142189025879,0.23667550086975098,0.6029102802276611
yEtfjJOMMCs$_$11,Positive,Positive,0.6666666865348816,0.7510040402412415,0.059250153601169586,0.3058055341243744,0.6349443197250366
yEtfjJOMMCs$_$15,Positive,Negative,0.3333333432674408,0.06832242012023926,0.6945564150810242,0.141689732670784,0.16375383734703064
yEtfjJOMMCs$_$14,Neutral,Negative,0.0,-0.1474969983100891,0.5452704429626465,0.26433560252189636,0.19039402902126312
yHtR71rx16I$_$3,Neutral,Negative,0.0,-0.08076737821102142,0.4498109817504883,0.40709057450294495,0.14309833943843842
yKdIZR5xfcc$_$11,Positive,Neutral,1.0,0.5357158184051514,0.14704398810863495,0.43339723348617554,0.4195587635040283
yKdIZR5xfcc$_$12,Positive,Positive,2.0,1.4543384313583374,0.0057900287210941315,0.11658766865730286,0.8776223063468933
yKdIZR5xfcc$_$4,Negative,Neutral,-0.6666666865348816,-0.12730900943279266,0.2258261889219284,0.6037895679473877,0.17038419842720032
yKdIZR5xfcc$_$7,Neutral,Neutral,0.0,0.14046162366867065,0.03433478996157646,0.7056820392608643,0.2599831819534302
yKdIZR5xfcc$_$9,Positive,Positive,0.6666666865348816,1.1207854747772217,0.004968330264091492,0.2163294404745102,0.7787022590637207
yKdIZR5xfcc$_$8,Positive,Positive,1.0,0.818246603012085,0.03221689909696579,0.3246321678161621,0.6431509852409363
yOQHOiswVjc$_$13,Positive,Positive,0.6666666865348816,0.24525533616542816,0.33327922224998474,0.14355291426181793,0.5231678485870361
yOQHOiswVjc$_$15,Positive,Positive,2.0,1.1073882579803467,0.012576289474964142,0.096623994410038,0.8907997012138367
yOQHOiswVjc$_$1,Positive,Positive,0.3333333432674408,0.5097090005874634,0.0841456726193428,0.16041849553585052,0.7554358243942261
ySfHPyaDbqY$_$7,Neutral,Negative,0.0,-0.1765555888414383,0.39236435294151306,0.3678112328052521,0.23982439935207367
ygb8Cfxghbs$_$15,Positive,Positive,0.6666666865348816,1.1094847917556763,0.008725360967218876,0.11134389787912369,0.8799306750297546
ygb8Cfxghbs$_$14,Positive,Positive,0.3333333432674408,0.7974695563316345,0.005841679405421019,0.2970520257949829,0.6971062421798706
ygb8Cfxghbs$_$0,Positive,Positive,1.0,0.6659736037254333,0.01563401147723198,0.2562964856624603,0.728069543838501
ygb8Cfxghbs$_$7,Neutral,Neutral,0.0,0.44483712315559387,0.04064290598034859,0.5452628135681152,0.4140942394733429
ymPQOY2O_nw$_$0,Neutral,Neutral,0.0,-0.14368465542793274,0.1727561056613922,0.6217065453529358,0.205537348985672
yp6Gd2NPwOU$_$6,Positive,Positive,0.3333333432674408,0.5138862729072571,0.10365515947341919,0.21923300623893738,0.6771118640899658
yp6Gd2NPwOU$_$9,Positive,Positive,1.3333333730697632,0.9345312118530273,0.01904631219804287,0.09762584418058395,0.8833279013633728
yrIXBklJ5YQ$_$1,Neutral,Positive,0.0,0.7651094198226929,0.03444964066147804,0.3944363594055176,0.5711140036582947
yrIXBklJ5YQ$_$0,Negative,Negative,-1.0,-0.9546377062797546,0.8058539628982544,0.15275147557258606,0.04139456897974014
yrIXBklJ5YQ$_$3,Positive,Positive,1.6666666269302368,0.6789624691009521,0.17337258160114288,0.19775907695293427,0.6288683414459229
yyToAEoUuek$_$3,Neutral,Neutral,0.0,-0.01856156438589096,0.06056765839457512,0.6821664571762085,0.2572658658027649
z6E-ocntPo4$_$2,Positive,Positive,1.3333333730697632,1.3866143226623535,0.033719100058078766,0.06705637276172638,0.8992244601249695
z6E-ocntPo4$_$4,Positive,Positive,2.0,1.4861994981765747,0.011391878128051758,0.0720403790473938,0.9165678024291992
z6E-ocntPo4$_$9,Positive,Positive,1.3333333730697632,0.6109494566917419,0.13673199713230133,0.300210177898407,0.5630577802658081
z6E-ocntPo4$_$8,Neutral,Positive,0.0,0.18881389498710632,0.22734735906124115,0.369286447763443,0.4033662676811218
z7FicxE_pMU$_$18,Positive,Negative,0.3333333432674408,-0.908373236656189,0.9141640663146973,0.034370969980955124,0.05146493762731552
z7FicxE_pMU$_$7,Positive,Negative,1.3333333730697632,0.023620743304491043,0.4649912118911743,0.2656439542770386,0.2693648338317871
z8bWG2z-bMM$_$1,Positive,Positive,0.6666666865348816,0.4715660512447357,0.10228875279426575,0.33963456749916077,0.5580766201019287
z8bWG2z-bMM$_$5,Neutral,Positive,0.0,0.6617487072944641,0.037647269666194916,0.37946489453315735,0.5828878879547119
zFTuwjr3xq0$_$4,Negative,Neutral,-0.3333333432674408,-0.03920205309987068,0.2158733457326889,0.6357410550117493,0.1483856439590454
zFuRNvfC4So$_$14,Positive,Positive,0.3333333432674408,0.8743396997451782,0.03585817664861679,0.2758801579475403,0.6882616877555847
zFuRNvfC4So$_$7,Positive,Positive,1.6666666269302368,0.7842380404472351,0.05482711270451546,0.22604872286319733,0.7191241979598999
zJWmmDk9fCE$_$0,Neutral,Positive,0.0,0.46363145112991333,0.04754749312996864,0.3956713378429413,0.5567811727523804
zJWmmDk9fCE$_$10,Positive,Negative,0.3333333432674408,-0.010858585126698017,0.5106873512268066,0.3229571282863617,0.16635552048683167
zOHZDq2BvGo$_$0,Positive,Negative,0.3333333432674408,0.090211421251297,0.5188172459602356,0.10494717210531235,0.3762355446815491
zPskvGHHQtE$_$0,Positive,Positive,0.3333333432674408,0.9579850435256958,0.013022452592849731,0.22440657019615173,0.7625709772109985
zR62DCEMWgs$_$0,Positive,Positive,1.3333333730697632,1.186959981918335,0.1823464334011078,0.0810399055480957,0.7366136908531189
zU2_X9lIcUM$_$2,Positive,Neutral,0.3333333432674408,0.14029183983802795,0.09139556437730789,0.6367925405502319,0.27181190252304077
zU2_X9lIcUM$_$5,Neutral,Positive,0.0,0.6644055843353271,0.054269760847091675,0.4368240237236023,0.5089061856269836
zU2_X9lIcUM$_$4,Positive,Positive,0.6666666865348816,0.918418288230896,0.02062167227268219,0.4693565368652344,0.5100217461585999
zaTyjiyrHnk$_$6,Positive,Positive,1.6666666269302368,1.4711421728134155,0.004540394525974989,0.06708383560180664,0.9283757209777832
zeQKU2L173M$_$5,Neutral,Neutral,0.0,0.2292921245098114,0.0443371906876564,0.5451417565345764,0.410521000623703
zeQKU2L173M$_$9,Positive,Positive,1.6666666269302368,0.45954617857933044,0.05369933694601059,0.23934999108314514,0.7069506645202637
zg-ZIxVsBbQ$_$0,Positive,Negative,0.3333333432674408,-0.2781282663345337,0.5402186512947083,0.3141794800758362,0.14560186862945557
zj4PzGtFwJM$_$1,Neutral,Neutral,0.0,-0.5194869637489319,0.4480930268764496,0.4525980055332184,0.09930901229381561
zqkawTdHN5s$_$1,Positive,Positive,1.0,1.2154755592346191,0.007711160462349653,0.11257584393024445,0.8797129988670349
zrFZAofNGi4$_$10,Negative,Negative,-2.3333332538604736,-1.2994754314422607,0.959137499332428,0.018519245088100433,0.022343311458826065
zwTrXwi54us$_$12,Positive,Positive,1.6666666269302368,1.3581464290618896,0.010155492462217808,0.0562414824962616,0.933603048324585
zwTrXwi54us$_$0,Neutral,Neutral,0.0,0.19159434735774994,0.06483478844165802,0.5883530378341675,0.34681224822998047
zwTrXwi54us$_$9,Positive,Positive,0.6666666865348816,0.3612920641899109,0.12350282073020935,0.22426190972328186,0.6522352695465088
