id,true_class,pred_class,true_score,pred_score,p_negative,p_neutral,p_positive
-3g5yACwYnA$_$4,Positive,Positive,1.0,0.8846608400344849,0.011436165310442448,0.23035253584384918,0.7582113146781921
-HwX2H8Z4hY$_$3,Positive,Positive,0.3333333432674408,0.6716224551200867,0.12336139380931854,0.3864932060241699,0.49014538526535034
-HwX2H8Z4hY$_$9,Negative,Negative,-0.3333333432674408,-0.6876490116119385,0.6428515315055847,0.2930622398853302,0.06408624351024628
-NFrJFQijFE$_$0,Neutral,Neutral,0.0,-0.23001205921173096,0.1884002536535263,0.6959351897239685,0.11566454917192459
-THoVjtIkeU$_$2,Positive,Positive,1.3333333730697632,1.0099763870239258,0.03628646582365036,0.1975804716348648,0.7661330103874207
-UuX1xuaiiE$_$9,Positive,Positive,0.6666666865348816,0.25713714957237244,0.07717261463403702,0.38831627368927,0.5345110893249512
-WXXTNIJcVM$_$0,Positive,Positive,2.0,1.5410552024841309,0.035318974405527115,0.20232433080673218,0.762356698513031
-a55Q6RWvTA$_$3,Positive,Positive,0.6666666865348816,0.28319063782691956,0.27097395062446594,0.2238272726535797,0.5051988363265991
-aNfi7CP8vM$_$10,Neutral,Positive,0.0,0.08999131619930267,0.2867312729358673,0.3135019838809967,0.399766743183136
-aqamKhZ1Ec$_$1,Negative,Negative,-0.6666666865348816,-0.8218554258346558,0.6665216088294983,0.2282453179359436,0.10523303598165512
-aqamKhZ1Ec$_$0,Negative,Negative,-2.0,-1.609544038772583,0.8460413813591003,0.13011640310287476,0.023842139169573784
-dxfTGcXJoc$_$0,Positive,Positive,1.0,0.7583093643188477,0.03506479039788246,0.40107011795043945,0.563865065574646
-dxfTGcXJoc$_$6,Positive,Positive,0.6666666865348816,0.733268678188324,0.022807465866208076,0.41650626063346863,0.5606862902641296
-egA8-b7-3M$_$3,Positive,Positive,0.6666666865348816,0.45045047998428345,0.031075112521648407,0.36411252617836,0.6048124432563782
-lqc32Zpr7M$_$18,Negative,Positive,-0.6666666865348816,0.0555984303355217,0.23353733122348785,0.2411641925573349,0.5252984762191772
-lzEya4AM_4$_$6,Negative,Negative,-0.3333333432674408,-0.6857408881187439,0.5582667589187622,0.37411192059516907,0.06762134283781052
-mJ2ud6oKI8$_$9,Neutral,Negative,0.0,-0.3898002505302429,0.363349050283432,0.3334082365036011,0.3032427430152893
-mqbVkbCndg$_$1,Neutral,Neutral,0.0,-0.2441318929195404,0.27865907549858093,0.5811057090759277,0.14023518562316895
-mqbVkbCndg$_$4,Positive,Negative,0.3333333432674408,-0.08068358153104782,0.6239539980888367,0.24468588829040527,0.13136006891727448
-tPCytz4rww$_$16,Neutral,Neutral,0.0,-0.4047406315803528,0.25050127506256104,0.6207820773124695,0.12871664762496948
-vxjVxOeScU$_$2,Positive,Positive,0.6666666865348816,1.307903528213501,0.016624098643660545,0.15779410302639008,0.8255817890167236
-wny0OAz3g8$_$0,Positive,Neutral,0.3333333432674408,0.08121658861637115,0.32620424032211304,0.3549196422100067,0.318876177072525
-wny0OAz3g8$_$5,Positive,Positive,1.0,0.7786876559257507,0.03224335238337517,0.461614727973938,0.5061418414115906
03X1FwF6udc$_$22,Positive,Positive,0.6666666865348816,0.596199095249176,0.07523494213819504,0.398353636264801,0.5264114141464233
07Z16yRBFUQ$_$5,Neutral,Neutral,0.0,-0.46602994203567505,0.29386237263679504,0.5827282071113586,0.12340937554836273
0BVed2nBq1g$_$0,Neutral,Neutral,0.0,0.4584117531776428,0.0920720100402832,0.610525906085968,0.2974020838737488
0BVed2nBq1g$_$3,Negative,Negative,-0.6666666865348816,-0.6695454120635986,0.501928985118866,0.4097784459590912,0.08829252421855927
0BVed2nBq1g$_$2,Negative,Negative,-0.3333333432674408,-0.6526288986206055,0.8072221875190735,0.13391095399856567,0.05886683985590935
0DBfvvIVmqY$_$13,Positive,Positive,0.3333333432674408,0.8977279663085938,0.03846011310815811,0.1587713062763214,0.8027685880661011
0DBfvvIVmqY$_$14,Positive,Neutral,0.6666666865348816,0.4014146327972412,0.069620281457901,0.48362258076667786,0.44675710797309875
0DBfvvIVmqY$_$4,Positive,Neutral,0.3333333432674408,0.035972900688648224,0.10237596929073334,0.7148507833480835,0.18277323246002197
0DBfvvIVmqY$_$8,Positive,Positive,2.3333332538604736,1.079756259918213,0.021285364404320717,0.2074156403541565,0.7712990045547485
0EphpADwdPg$_$6,Positive,Positive,0.6666666865348816,0.6726771593093872,0.10706871002912521,0.32529354095458984,0.5676377415657043
0FA32bEZ6xI$_$24,Neutral,Positive,0.0,0.6194274425506592,0.045230478048324585,0.38116082549095154,0.5736087560653687
0FA32bEZ6xI$_$25,Positive,Positive,0.6666666865348816,1.185776948928833,0.018867161124944687,0.26293185353279114,0.7182010412216187
0FA32bEZ6xI$_$28,Neutral,Neutral,0.0,0.7444804310798645,0.020408421754837036,0.5757139325141907,0.4038775861263275
0FA32bEZ6xI$_$3,Neutral,Neutral,0.0,-0.07507532835006714,0.12929770350456238,0.757857620716095,0.11284468322992325
0FA32bEZ6xI$_$6,Neutral,Neutral,0.0,0.6335124969482422,0.020376138389110565,0.5410149097442627,0.43860897421836853
0FA32bEZ6xI$_$15,Neutral,Positive,0.0,0.9794653058052063,0.025883730500936508,0.40325191617012024,0.5708643794059753
0FA32bEZ6xI$_$14,Positive,Positive,0.3333333432674408,0.7157047986984253,0.08923067152500153,0.28544846177101135,0.6253208518028259
0FA32bEZ6xI$_$18,Neutral,Neutral,0.0,0.19372230768203735,0.06096424162387848,0.6608902215957642,0.27814561128616333
0JuRmhhgMw8$_$0,Positive,Positive,1.0,1.4088428020477295,0.008794437162578106,0.09732756018638611,0.8938779830932617
0OC3wf9x3zQ$_$7,Neutral,Neutral,0.0,0.03699652850627899,0.0424429215490818,0.7211117744445801,0.23644523322582245
0OC3wf9x3zQ$_$6,Neutral,Neutral,0.0,0.3690211772918701,0.02922540344297886,0.6357105374336243,0.3350640535354614
0OXeN3MhFeA$_$19,Negative,Positive,-0.3333333432674408,0.2547130584716797,0.06979326903820038,0.39603161811828613,0.5341750979423523
0OXeN3MhFeA$_$18,Positive,Positive,0.6666666865348816,0.5642273426055908,0.024195998907089233,0.4860187768936157,0.48978519439697266
0OXeN3MhFeA$_$15,Positive,Positive,0.6666666865348816,0.24693724513053894,0.05687872692942619,0.37957894802093506,0.563542366027832
0Svu5BldR5A$_$0,Positive,Positive,1.6666666269302368,0.45544910430908203,0.06359493732452393,0.463309645652771,0.4730954170227051
0YdYFtVdlWE$_$7,Neutral,Neutral,0.0,0.28306031227111816,0.02775004878640175,0.6715848445892334,0.30066514015197754
0YdYFtVdlWE$_$6,Negative,Negative,-0.6666666865348816,-1.2814005613327026,0.8204810619354248,0.14883971214294434,0.030679266899824142
0YdYFtVdlWE$_$8,Negative,Negative,-0.6666666865348816,-0.6786555051803589,0.6618319749832153,0.24687395989894867,0.09129399061203003
0YdYFtVdlWE$_$10,Negative,Negative,-0.6666666865348816,-1.0765461921691895,0.8002578020095825,0.1733158379793167,0.02642635628581047
0YdYFtVdlWE$_$15,Neutral,Negative,0.0,-0.6246358752250671,0.7352868318557739,0.17496918141841888,0.08974400907754898
0YdYFtVdlWE$_$14,Positive,Positive,2.0,1.2368013858795166,0.030177630484104156,0.1732829064130783,0.7965394854545593
0bsTzavb-AE$_$3,Positive,Positive,0.3333333432674408,0.9846339225769043,0.019074395298957825,0.21497270464897156,0.7659528851509094
0hCOCt6fWas$_$15,Positive,Neutral,0.3333333432674408,0.507869303226471,0.06679587066173553,0.5218990445137024,0.4113050401210785
0hCOCt6fWas$_$2,Neutral,Neutral,0.0,0.40407830476760864,0.07981201261281967,0.49423685669898987,0.42595112323760986
0hCihQ5Kep0$_$3,Positive,Neutral,1.6666666269302368,0.6698604822158813,0.041494470089673996,0.5378332734107971,0.42067229747772217
0hCihQ5Kep0$_$4,Positive,Positive,1.6666666269302368,1.8040351867675781,0.014392229728400707,0.10347725450992584,0.8821305632591248
0jtdrsmVzYQ$_$5,Neutral,Negative,0.0,-0.6870530843734741,0.6419744491577148,0.2955435514450073,0.062482066452503204
0mXv97u2OCM$_$7,Neutral,Neutral,0.0,0.4654301404953003,0.06263121217489243,0.4802895188331604,0.4570792019367218
0p9XKC_J3hU$_$2,Positive,Neutral,0.3333333432674408,0.3945308327674866,0.0664425939321518,0.6052020192146301,0.32835546135902405
0rE8jEvQW_I$_$3,Positive,Positive,1.0,1.258764624595642,0.01421370916068554,0.11255687475204468,0.873229444026947
0rE8jEvQW_I$_$4,Positive,Positive,1.3333333730697632,0.812615156173706,0.021282771602272987,0.22435981035232544,0.7543573975563049
0rE8jEvQW_I$_$9,Positive,Positive,2.3333332538604736,1.5974081754684448,0.02538275718688965,0.14386601746082306,0.8307511806488037
0tkWa2skSmA$_$8,Neutral,Positive,0.0,0.37328729033470154,0.04785633087158203,0.34826934337615967,0.6038743257522583
0tkWa2skSmA$_$6,Neutral,Neutral,0.0,-0.4505692720413208,0.19996251165866852,0.6622030138969421,0.13783438503742218
100499$_$5,Negative,Negative,-1.3333333730697632,-1.1089627742767334,0.9154950380325317,0.04713815078139305,0.03736675903201103
100499$_$4,Neutral,Neutral,0.0,-0.37919363379478455,0.3173847198486328,0.5539007186889648,0.1287146359682083
101851$_$13,Positive,Positive,0.6666666865348816,0.4030747413635254,0.3281095027923584,0.11982045322656631,0.5520700812339783
101851$_$14,Positive,Positive,1.0,0.9712398052215576,0.10944941639900208,0.31843915581703186,0.5721114277839661
101851$_$16,Negative,Negative,-1.0,-2.0728139877319336,0.9869866967201233,0.009100822731852531,0.00391248008236289
101851$_$0,Neutral,Neutral,0.0,0.06148117780685425,0.08593110740184784,0.6831550002098083,0.23091384768486023
102184$_$12,Negative,Negative,-1.3333333730697632,-1.7852550745010376,0.9620585441589355,0.020762348547577858,0.017179086804389954
102184$_$1,Positive,Positive,0.6666666865348816,0.894119918346405,0.0867546945810318,0.08520158380270004,0.8280437588691711
102184$_$3,Positive,Negative,1.0,0.04001414030790329,0.4783986806869507,0.2877728044986725,0.2338285595178604
102184$_$7,Negative,Negative,-1.6666666269302368,-1.9992742538452148,0.9820709228515625,0.011087303049862385,0.006841861177235842
10223$_$1,Negative,Neutral,-1.0,-0.06714911758899689,0.35387560725212097,0.38856807351112366,0.25755637884140015
10223$_$9,Positive,Neutral,0.6666666865348816,-0.21406883001327515,0.27440109848976135,0.4925139546394348,0.23308494687080383
106077$_$1,Positive,Neutral,0.3333333432674408,0.8967610001564026,0.034733857959508896,0.5501489639282227,0.4151171147823334
106077$_$2,Neutral,Positive,0.0,1.0544486045837402,0.04820255562663078,0.2851088047027588,0.6666886806488037
106077$_$7,Negative,Negative,-1.0,-0.376212477684021,0.47675591707229614,0.2999834418296814,0.22326065599918365
106514$_$10,Negative,Neutral,-1.0,-0.17719420790672302,0.35173919796943665,0.507831335067749,0.1404295414686203
106514$_$2,Positive,Positive,1.3333333730697632,0.7543821930885315,0.1614018976688385,0.35589978098869324,0.4826982319355011
106514$_$9,Negative,Neutral,-0.3333333432674408,-0.24160847067832947,0.3435262441635132,0.5442150831222534,0.1122586578130722
106941$_$10,Negative,Negative,-2.0,-1.977761149406433,0.9776617884635925,0.014606778509914875,0.007731500081717968
106941$_$12,Negative,Negative,-1.6666666269302368,-2.1482512950897217,0.9799455404281616,0.015103806741535664,0.004950654227286577
106941$_$3,Negative,Negative,-0.3333333432674408,-1.2379672527313232,0.9278180599212646,0.03016851656138897,0.042013511061668396
106941$_$2,Negative,Negative,-0.6666666865348816,-1.4023076295852661,0.814501166343689,0.1658145636320114,0.019684290513396263
106941$_$7,Negative,Negative,-1.6666666269302368,-0.3916090130805969,0.406800240278244,0.35732460021972656,0.2358751744031906
106941$_$9,Negative,Neutral,-0.6666666865348816,-0.5956966280937195,0.4333212077617645,0.4344380497932434,0.1322406679391861
106941$_$8,Negative,Negative,-1.6666666269302368,-2.222893476486206,0.9877567291259766,0.007571692578494549,0.004671657923609018
107551$_$1,Positive,Positive,0.3333333432674408,0.30107051134109497,0.10164301097393036,0.43759286403656006,0.46076416969299316
107551$_$3,Negative,Negative,-1.3333333730697632,-2.1126790046691895,0.9918187856674194,0.003728443756699562,0.004452755209058523
107551$_$5,Negative,Negative,-2.3333332538604736,-1.402752161026001,0.867150068283081,0.08135154843330383,0.05149836465716362
107551$_$6,Neutral,Positive,0.0,0.9057722091674805,0.05121264606714249,0.29697176814079285,0.6518155336380005
108793$_$10,Negative,Negative,-1.6666666269302368,-2.277968406677246,0.9924541115760803,0.004441285505890846,0.0031046890653669834
108793$_$17,Negative,Negative,-1.3333333730697632,-0.9245830178260803,0.8080084323883057,0.13003984093666077,0.06195167824625969
108793$_$1,Positive,Positive,1.3333333730697632,1.3989731073379517,0.14822392165660858,0.06181791052222252,0.789958119392395
108793$_$0,Neutral,Neutral,0.0,-0.48115137219429016,0.21958255767822266,0.7305883169174194,0.049829088151454926
108793$_$8,Positive,Positive,0.6666666865348816,0.44730913639068604,0.08946913480758667,0.34627920389175415,0.5642516016960144
110203$_$2,Neutral,Neutral,0.0,0.03387916088104248,0.36752283573150635,0.4164108335971832,0.21606627106666565
110203$_$7,Negative,Neutral,-1.3333333730697632,-0.08144449442625046,0.32542455196380615,0.5703648328781128,0.10421061515808105
110754$_$3,Neutral,Negative,0.0,-0.8792508244514465,0.6767537593841553,0.2751390337944031,0.04810717701911926
110754$_$2,Neutral,Neutral,0.0,0.1928042471408844,0.13505473732948303,0.6627300977706909,0.20221523940563202
110766$_$8,Negative,Negative,-1.0,-0.8016877174377441,0.6745486855506897,0.28904154896736145,0.03640982508659363
110788$_$0,Neutral,Neutral,0.0,0.1703452169895172,0.04789089038968086,0.8188982605934143,0.1332108974456787
110788$_$5,Neutral,Negative,0.0,-0.8481050133705139,0.5743686556816101,0.37667548656463623,0.04895588755607605
112148$_$12,Positive,Positive,1.0,0.1829100251197815,0.11045015603303909,0.3836905360221863,0.505859375
112148$_$5,Negative,Negative,-0.6666666865348816,-0.7041597366333008,0.6468315720558167,0.2536405026912689,0.09952794760465622
112148$_$4,Negative,Negative,-0.6666666865348816,-2.301967144012451,0.9856806993484497,0.010376349091529846,0.003942867275327444
112148$_$7,Negative,Negative,-1.6666666269302368,-1.6426749229431152,0.9040325880050659,0.0768914446234703,0.019076040014624596
112169$_$7,Negative,Neutral,-0.3333333432674408,-0.7065646648406982,0.3838964104652405,0.5836566090583801,0.0324469730257988
112604$_$1,Positive,Neutral,0.6666666865348816,-0.0770457461476326,0.18621830642223358,0.4622690975666046,0.3515125811100006
112631$_$1,Neutral,Neutral,0.0,0.11973442137241364,0.08589227497577667,0.7589748501777649,0.15513288974761963
112631$_$6,Negative,Negative,-0.6666666865348816,-2.016479969024658,0.9714772701263428,0.0196450836956501,0.008877751417458057
112903$_$0,Positive,Positive,0.3333333432674408,0.1835607886314392,0.06599120050668716,0.2975623309612274,0.636446475982666
112903$_$3,Negative,Negative,-0.3333333432674408,-0.38823968172073364,0.7683475613594055,0.04404450207948685,0.18760789930820465
112903$_$6,Negative,Negative,-2.6666667461395264,-2.097494125366211,0.9779471755027771,0.014334438368678093,0.007718269247561693
113265$_$3,Negative,Negative,-2.0,-1.3824400901794434,0.9079393744468689,0.053469713777303696,0.038590919226408005
113265$_$4,Negative,Negative,-2.0,-2.166203022003174,0.9882959723472595,0.006526477634906769,0.005177551880478859
114624$_$11,Negative,Negative,-1.0,-1.2952640056610107,0.832919180393219,0.1525452882051468,0.014535540714859962
114624$_$6,Negative,Negative,-1.6666666269302368,-1.8622021675109863,0.9659790992736816,0.02528991736471653,0.008730984292924404
114624$_$8,Neutral,Neutral,0.0,0.10723848640918732,0.10006042569875717,0.8226587176322937,0.07728085666894913
11650$_$0,Positive,Positive,0.3333333432674408,1.0428440570831299,0.030126381665468216,0.12471114844083786,0.8451625108718872
11650$_$3,Neutral,Positive,0.0,0.19660329818725586,0.24331924319267273,0.3598882555961609,0.396792471408844
11650$_$4,Negative,Negative,-0.3333333432674408,0.004760347306728363,0.6195846199989319,0.10795488953590393,0.27246057987213135
11650$_$13,Negative,Negative,-1.0,-1.9195594787597656,0.9651163816452026,0.03094213269650936,0.003941491711884737
11650$_$18,Negative,Negative,-2.3333332538604736,-1.3824868202209473,0.9180383086204529,0.05979564040899277,0.022166021168231964
119348$_$11,Negative,Negative,-1.3333333730697632,-2.0539960861206055,0.9797360897064209,0.012741138227283955,0.007522754371166229
119348$_$3,Positive,Positive,1.0,0.6844520568847656,0.07952811568975449,0.3680819869041443,0.5523898601531982
119348$_$2,Neutral,Negative,0.0,-0.8591094017028809,0.7288831472396851,0.1817317008972168,0.08938523381948471
120vnZnmhq4$_$2,Positive,Positive,1.6666666269302368,0.6054624319076538,0.05172724276781082,0.3395198881626129,0.6087529063224792
121358$_$1,Positive,Neutral,0.3333333432674408,0.3802858591079712,0.050566788762807846,0.6643327474594116,0.28510043025016785
121358$_$4,Positive,Positive,1.0,0.8398104906082153,0.15812209248542786,0.39584600925445557,0.4460318386554718
121358$_$10,Positive,Neutral,0.3333333432674408,0.4099721610546112,0.07576236873865128,0.6008272171020508,0.3234104812145233
121358$_$13,Positive,Neutral,0.6666666865348816,0.5922914743423462,0.05998825281858444,0.5052486062049866,0.434763103723526
121358$_$15,Neutral,Neutral,0.0,-0.2090837061405182,0.17692600190639496,0.5795198678970337,0.24355410039424896
121358$_$14,Negative,Neutral,-0.6666666865348816,-0.3659701347351074,0.171183779835701,0.737470269203186,0.09134597331285477
122439$_$4,Neutral,Neutral,0.0,0.38097190856933594,0.07283837348222733,0.614581286907196,0.3125803768634796
122602$_$12,Negative,Negative,-1.0,-1.015217900276184,0.8843395709991455,0.08086583018302917,0.034794606268405914
122602$_$15,Negative,Negative,-1.3333333730697632,-0.42544060945510864,0.5504646897315979,0.20450560748577118,0.24502964317798615
122602$_$0,Neutral,Neutral,0.0,0.08572697639465332,0.06672749668359756,0.7664737701416016,0.16679862141609192
122602$_$4,Negative,Negative,-1.3333333730697632,-2.0200183391571045,0.9695432186126709,0.02621070295572281,0.004246131982654333
122842$_$1,Positive,Positive,3.0,1.3809888362884521,0.06790751963853836,0.26479223370552063,0.6673002243041992
122842$_$6,Neutral,Neutral,0.0,0.11259891092777252,0.06443900614976883,0.8093237280845642,0.12623721361160278
125730$_$12,Negative,Negative,-1.0,-1.9787566661834717,0.9763261675834656,0.016916129738092422,0.006757620256394148
125730$_$1,Positive,Negative,1.6666666269302368,0.08852975815534592,0.549781858921051,0.1735064536333084,0.27671173214912415
125730$_$0,Neutral,Neutral,0.0,-0.12422054260969162,0.32229703664779663,0.3793550729751587,0.29834794998168945
125730$_$2,Positive,Positive,2.3333332538604736,1.5302298069000244,0.029599154368042946,0.11657246947288513,0.8538284301757812
125730$_$8,Negative,Neutral,-0.3333333432674408,-0.27893853187561035,0.1750185191631317,0.5429266095161438,0.2820548415184021
125845$_$1,Positive,Negative,0.6666666865348816,-0.06170149892568588,0.4282464385032654,0.3359891474246979,0.23576442897319794
125845$_$3,Positive,Positive,1.6666666269302368,1.3263912200927734,0.24424515664577484,0.1123453676700592,0.6434094905853271
125845$_$5,Positive,Positive,1.3333333730697632,1.3952722549438477,0.14574724435806274,0.054152633994817734,0.8001000881195068
126542$_$11,Negative,Negative,-1.6666666269302368,-1.429542064666748,0.8992506265640259,0.07178273051977158,0.028966661542654037
126542$_$12,Negative,Negative,-1.3333333730697632,-1.2563624382019043,0.7464185953140259,0.21586261689662933,0.03771880641579628
126542$_$17,Negative,Negative,-2.0,-1.9467977285385132,0.9608009457588196,0.032539449632167816,0.006659660488367081
126542$_$16,Negative,Negative,-1.3333333730697632,-1.3095699548721313,0.9286689162254333,0.03815227001905441,0.03317879140377045
126542$_$3,Neutral,Neutral,0.0,0.1369413137435913,0.10046324878931046,0.7547506093978882,0.1447860598564148
126831$_$10,Negative,Negative,-2.3333332538604736,-1.1508771181106567,0.8745105862617493,0.07491768896579742,0.05057172849774361
126831$_$3,Negative,Negative,-1.6666666269302368,-2.126908302307129,0.9817191958427429,0.012681771069765091,0.005599038675427437
127470$_$5,Negative,Negative,-0.3333333432674408,-1.7337723970413208,0.9369319081306458,0.05203239247202873,0.011035723611712456
127470$_$6,Negative,Negative,-1.6666666269302368,-2.1908206939697266,0.982647716999054,0.01424175314605236,0.003110600169748068
127539$_$5,Neutral,Neutral,0.0,-0.6631406545639038,0.4510548710823059,0.4883960783481598,0.0605490505695343
127539$_$7,Negative,Negative,-2.0,-1.6633198261260986,0.9449788928031921,0.034300100058317184,0.020720964297652245
127539$_$6,Negative,Negative,-0.6666666865348816,-1.2542004585266113,0.8036531805992126,0.16846612095832825,0.027880722656846046
127539$_$9,Negative,Negative,-1.0,-1.1135553121566772,0.6684344410896301,0.23063087463378906,0.10093475133180618
127539$_$8,Negative,Negative,-1.3333333730697632,-0.8543133735656738,0.5272175669670105,0.34719938039779663,0.12558303773403168
12812$_$3,Positive,Positive,1.6666666269302368,0.9398061037063599,0.19829773902893066,0.14080075919628143,0.6609015464782715
12812$_$6,Positive,Positive,2.3333332538604736,1.4147989749908447,0.043381232768297195,0.07684588432312012,0.8797729015350342
128258$_$13,Negative,Negative,-1.0,-1.3398913145065308,0.8757999539375305,0.05849725008010864,0.06570275127887726
128258$_$1,Negative,Positive,-1.3333333730697632,0.19915933907032013,0.345873087644577,0.22013850510120392,0.4339883625507355
128752$_$15,Negative,Negative,-1.0,-1.5580716133117676,0.8772582411766052,0.09760604053735733,0.025135762989521027
128752$_$16,Negative,Negative,-2.0,-1.9443707466125488,0.9514337778091431,0.042170844972133636,0.006395370699465275
128752$_$3,Neutral,Neutral,0.0,-0.35368555784225464,0.1230345144867897,0.8060164451599121,0.07094909250736237
128752$_$7,Neutral,Negative,0.0,-1.0605838298797607,0.6713608503341675,0.2443736046552658,0.08426551520824432
128752$_$9,Negative,Negative,-0.3333333432674408,-0.46480441093444824,0.5716429352760315,0.26090139150619507,0.16745567321777344
128949$_$2,Neutral,Negative,0.0,-0.3765803575515747,0.6469734907150269,0.20798569917678833,0.14504079520702362
129733$_$7,Neutral,Negative,0.0,-1.4767663478851318,0.8771379590034485,0.09481748938560486,0.028044559061527252
130149$_$3,Neutral,Neutral,0.0,-0.9203821420669556,0.4675605595111847,0.4690985083580017,0.06334098428487778
130149$_$6,Negative,Negative,-1.6666666269302368,-2.4019410610198975,0.993624210357666,0.0045759789645671844,0.0017998823896050453
130426$_$0,Negative,Negative,-2.0,-1.418839454650879,0.8655418157577515,0.094386026263237,0.04007215425372124
130426$_$6,Negative,Negative,-2.0,-1.926161289215088,0.9674734473228455,0.020239591598510742,0.012287036515772343
130633$_$5,Neutral,Neutral,0.0,-0.21813347935676575,0.18470512330532074,0.6842785477638245,0.13101626932621002
130633$_$7,Positive,Negative,2.3333332538604736,0.06872723996639252,0.3789874315261841,0.253129780292511,0.36788272857666016
131650$_$1,Positive,Negative,1.6666666269302368,-0.4152836799621582,0.6480507254600525,0.06243075430393219,0.2895185053348541
131650$_$0,Positive,Positive,0.3333333432674408,0.07719656825065613,0.025591736659407616,0.4398510158061981,0.5345572233200073
131650$_$3,Negative,Negative,-1.3333333730697632,-1.472821593284607,0.6340166926383972,0.3288055956363678,0.03717764839529991
131650$_$9,Negative,Negative,-3.0,-2.4248809814453125,0.9926413893699646,0.00521662924438715,0.00214195204898715
131871$_$1,Negative,Negative,-2.0,-2.2437472343444824,0.9860737323760986,0.010820727795362473,0.0031055626459419727
131936$_$2,Neutral,Positive,0.0,1.238114595413208,0.08346039056777954,0.15821358561515808,0.7583260536193848
131936$_$4,Negative,Negative,-1.3333333730697632,-1.2834287881851196,0.9309782981872559,0.03552909567952156,0.03349261358380318
134252$_$1,Neutral,Neutral,0.0,0.09179257601499557,0.045980826020240784,0.6959213614463806,0.2580978572368622
134252$_$0,Positive,Neutral,0.3333333432674408,0.09087398648262024,0.07941446453332901,0.7533208131790161,0.1672646701335907
136205$_$12,Negative,Positive,-0.6666666865348816,0.3028126657009125,0.2764073610305786,0.07780805975198746,0.6457845568656921
136205$_$0,Neutral,Neutral,0.0,0.3633136749267578,0.04151420667767525,0.5777680277824402,0.38071781396865845
136205$_$6,Negative,Neutral,-0.6666666865348816,-0.6355427503585815,0.24474652111530304,0.7017146944999695,0.053538862615823746
136211$_$3,Negative,Neutral,-0.6666666865348816,-0.07978649437427521,0.343793123960495,0.4584413170814514,0.19776558876037598
136211$_$2,Positive,Positive,2.0,1.0617669820785522,0.10940799117088318,0.10654192417860031,0.7840500473976135
137827$_$1,Positive,Positive,1.3333333730697632,1.3452333211898804,0.03903530165553093,0.11411957442760468,0.8468450903892517
137827$_$2,Negative,Negative,-1.6666666269302368,-2.130361318588257,0.9782353639602661,0.014222893863916397,0.0075417510233819485
137827$_$4,Negative,Negative,-1.3333333730697632,-0.8849278092384338,0.8804320096969604,0.06159618869423866,0.05797179415822029
139006$_$12,Negative,Negative,-2.6666667461395264,-1.7681193351745605,0.969773530960083,0.018826209008693695,0.011400214396417141
139006$_$3,Negative,Negative,-0.6666666865348816,-1.3676412105560303,0.8163722157478333,0.1513272076845169,0.03230065107345581
139032$_$16,Negative,Negative,-2.6666667461395264,-2.0003092288970947,0.9854859113693237,0.010211716406047344,0.004302332177758217
139032$_$3,Negative,Negative,-1.6666666269302368,-2.132200241088867,0.983892560005188,0.009052984416484833,0.007054506801068783
13JpsLvddoY$_$8,Positive,Positive,2.0,1.3488132953643799,0.0204539205878973,0.05003957077860832,0.9295064806938171
13JpsLvddoY$_$7,Positive,Positive,0.3333333432674408,0.6246020197868347,0.03938009589910507,0.18429405987262726,0.7763258814811707
140293$_$0,Neutral,Neutral,0.0,0.15355496108531952,0.055722422897815704,0.7262783646583557,0.21799927949905396
140317$_$5,Neutral,Neutral,0.0,0.40536177158355713,0.061115872114896774,0.7547138333320618,0.18417033553123474
140317$_$7,Neutral,Positive,0.0,0.1582704484462738,0.31978318095207214,0.21092167496681213,0.46929511427879333
154449$_$2,Positive,Neutral,0.3333333432674408,0.2559657692909241,0.06275884807109833,0.6743656396865845,0.2628755271434784
154449$_$4,Negative,Negative,-2.3333332538604736,-0.8405332565307617,0.5413941144943237,0.3347202241420746,0.12388566136360168
154449$_$6,Negative,Negative,-3.0,-2.204106569290161,0.9844091534614563,0.008847476914525032,0.006743433885276318
154449$_$8,Negative,Negative,-1.3333333730697632,-1.7123773097991943,0.893562912940979,0.0905245766043663,0.015912581235170364
15837$_$1,Neutral,Neutral,0.0,0.31329333782196045,0.06014493107795715,0.6932321190834045,0.2466229647397995
15837$_$9,Positive,Negative,0.6666666865348816,-1.255789041519165,0.9329507350921631,0.02610662579536438,0.04094266891479492
15Wu4U2VPLw$_$2,Neutral,Neutral,0.0,0.0794510766863823,0.055560819804668427,0.7317821979522705,0.21265697479248047
15Wu4U2VPLw$_$4,Neutral,Neutral,0.0,0.006843387149274349,0.07162199169397354,0.5978317856788635,0.33054617047309875
15Wu4U2VPLw$_$6,Positive,Neutral,0.3333333432674408,0.6556392312049866,0.06318439543247223,0.5187511444091797,0.4180644154548645
15ktF-6wutk$_$4,Positive,Positive,1.0,1.5554226636886597,0.01226198673248291,0.051507532596588135,0.936230480670929
180923$_$14,Negative,Neutral,-0.3333333432674408,-0.23934778571128845,0.11721159517765045,0.7379084229469299,0.14487990736961365
180923$_$5,Neutral,Negative,0.0,-0.5865902304649353,0.5971983671188354,0.2826741337776184,0.12012744694948196
180923$_$4,Neutral,Neutral,0.0,0.5123876333236694,0.03870105370879173,0.6818063259124756,0.27949258685112
180923$_$6,Negative,Positive,-0.3333333432674408,0.4564397931098938,0.2393118292093277,0.29904893040657043,0.4616391658782959
184784$_$6,Negative,Negative,-0.6666666865348816,-1.7140486240386963,0.9381100535392761,0.040958110243082047,0.020931784063577652
186631$_$10,Negative,Negative,-0.6666666865348816,-0.9367420077323914,0.8289485573768616,0.136051744222641,0.03499968722462654
186631$_$6,Positive,Positive,1.3333333730697632,1.5033676624298096,0.09620465338230133,0.12005416303873062,0.7837412357330322
188122$_$12,Neutral,Neutral,0.0,0.5265974998474121,0.054566118866205215,0.6867207288742065,0.2587132155895233
188122$_$16,Positive,Positive,2.0,0.42594364285469055,0.3714178800582886,0.14093326032161713,0.4876488745212555
188122$_$9,Positive,Neutral,1.3333333730697632,-0.29163047671318054,0.2836514711380005,0.5871008038520813,0.129247784614563
189966$_$21,Negative,Negative,-2.0,-2.240804433822632,0.9929242134094238,0.005593855399638414,0.001481905346736312
189966$_$22,Negative,Negative,-2.0,-1.7913849353790283,0.9635251760482788,0.02800486423075199,0.008469936437904835
189966$_$2,Neutral,Neutral,0.0,0.7328764200210571,0.024394305422902107,0.5625045895576477,0.41310110688209534
189966$_$4,Neutral,Neutral,0.0,-0.1491406261920929,0.18426847457885742,0.7059686183929443,0.10976281762123108
189966$_$6,Neutral,Neutral,0.0,0.3792131245136261,0.03907833993434906,0.6199309825897217,0.34099069237709045
189966$_$12,Neutral,Negative,0.0,-0.7041495442390442,0.4800845682621002,0.46311503648757935,0.056800439953804016
189966$_$14,Neutral,Neutral,0.0,-0.03223128989338875,0.2037869095802307,0.6194466948509216,0.17676642537117004
189966$_$16,Positive,Positive,1.3333333730697632,0.48021185398101807,0.24442587792873383,0.2593197822570801,0.4962543547153473
189966$_$19,Neutral,Neutral,0.0,-0.08843644708395004,0.17295391857624054,0.7420240044593811,0.08502212911844254
18JTkk8JbeU$_$6,Neutral,Neutral,0.0,0.3001207113265991,0.05719636753201485,0.621320903301239,0.32148277759552
18QjfdhJEM4$_$14,Neutral,Neutral,0.0,0.5554644465446472,0.1354115903377533,0.4949721693992615,0.36961621046066284
18QjfdhJEM4$_$17,Neutral,Neutral,0.0,0.5387914180755615,0.13842731714248657,0.6574587225914001,0.2041139453649521
18QjfdhJEM4$_$23,Negative,Negative,-2.0,-1.3466053009033203,0.901023268699646,0.0598093681037426,0.03916725516319275
18QjfdhJEM4$_$4,Positive,Neutral,1.0,0.4015358090400696,0.17202121019363403,0.508725643157959,0.3192530870437622
190740$_$2,Negative,Negative,-0.6666666865348816,-2.170423984527588,0.9827314019203186,0.010998324491083622,0.006270207930356264
190740$_$4,Negative,Negative,-0.6666666865348816,-0.6829451322555542,0.7507733106613159,0.10161998122930527,0.14760661125183105
190740$_$7,Negative,Negative,-2.6666667461395264,-1.5829899311065674,0.8409681916236877,0.1188354566693306,0.040196359157562256
190740$_$6,Negative,Negative,-2.6666667461395264,-1.9780583381652832,0.9750324487686157,0.016488725319504738,0.008478821255266666
192799$_$10,Positive,Negative,1.0,-0.11948315799236298,0.515694260597229,0.3490162193775177,0.1352894902229309
192799$_$17,Negative,Negative,-2.0,-0.6053475141525269,0.7125111818313599,0.10690097510814667,0.18058785796165466
192799$_$7,Negative,Negative,-1.3333333730697632,-2.2805306911468506,0.9870456457138062,0.0104306535795331,0.0025237214285880327
192799$_$8,Negative,Negative,-2.3333332538604736,-1.6984930038452148,0.9491836428642273,0.023315735161304474,0.027500560507178307
194625$_$16,Negative,Negative,-1.6666666269302368,-1.9859236478805542,0.9797322750091553,0.01606929861009121,0.004198343027383089
194625$_$18,Negative,Negative,-2.0,-1.579770565032959,0.9427419900894165,0.021362142637372017,0.035895928740501404
194625$_$5,Neutral,Positive,0.0,-0.12675213813781738,0.3810887336730957,0.1799633651971817,0.4389479458332062
194625$_$7,Negative,Negative,-1.6666666269302368,-1.3596432209014893,0.9496967792510986,0.011727596633136272,0.038575686514377594
197778$_$11,Positive,Positive,3.0,1.9387167692184448,0.015831803902983665,0.03905939683318138,0.9451087713241577
197778$_$2,Positive,Positive,1.0,1.552574872970581,0.02841206267476082,0.11426103860139847,0.8573269248008728
197778$_$4,Neutral,Positive,0.0,0.45209163427352905,0.06394744664430618,0.44536104798316956,0.49069151282310486
197778$_$9,Neutral,Positive,0.0,0.7979313135147095,0.06485183537006378,0.4377438724040985,0.4974043071269989
19k6sEC7814$_$10,Positive,Positive,0.6666666865348816,1.2538073062896729,0.02029941789805889,0.12433623522520065,0.8553643822669983
19k6sEC7814$_$4,Positive,Neutral,0.6666666865348816,0.371384859085083,0.10074211657047272,0.49863508343696594,0.40062281489372253
1A-aRhYx-GQ$_$15,Positive,Positive,0.6666666865348816,0.7156515121459961,0.056076787412166595,0.31163540482521057,0.6322878003120422
1A-aRhYx-GQ$_$31,Positive,Positive,2.0,0.8232791423797607,0.06805793195962906,0.23431634902954102,0.6976256966590881
1A-aRhYx-GQ$_$7,Positive,Neutral,0.6666666865348816,0.10123363137245178,0.17732003331184387,0.5022693872451782,0.3204106390476227
1A7dqFxx8wU$_$0,Positive,Neutral,0.3333333432674408,0.29435959458351135,0.07008953392505646,0.7471938729286194,0.18271662294864655
1CjUHNYzW1E$_$11,Positive,Positive,2.0,0.4011746644973755,0.32414710521698,0.1823347955942154,0.4935181438922882
1ESU5ONMMxs$_$14,Positive,Positive,0.6666666865348816,0.6443638205528259,0.08502094447612762,0.3303082287311554,0.5846708416938782
1ESU5ONMMxs$_$0,Negative,Negative,-1.0,-0.8108659982681274,0.619473397731781,0.2888384759426117,0.09168810397386551
1ESU5ONMMxs$_$6,Positive,Neutral,0.3333333432674408,0.5924192667007446,0.11861157417297363,0.5092385411262512,0.37214985489845276
1ESU5ONMMxs$_$8,Neutral,Negative,0.0,0.13039825856685638,0.5119748115539551,0.27134084701538086,0.21668434143066406
1F0qH0EEBfo$_$21,Positive,Positive,1.3333333730697632,1.0225350856781006,0.03267405927181244,0.17502126097679138,0.7923046350479126
1F0qH0EEBfo$_$1,Positive,Neutral,0.3333333432674408,0.16261866688728333,0.17697745561599731,0.5034361481666565,0.3195863664150238
1F0qH0EEBfo$_$0,Positive,Neutral,1.6666666269302368,0.33643004298210144,0.14520250260829926,0.5101613402366638,0.3446362018585205
1F0qH0EEBfo$_$5,Positive,Positive,1.0,0.9852874279022217,0.023967193439602852,0.25606411695480347,0.7199686169624329
1F0qH0EEBfo$_$9,Negative,Negative,-0.3333333432674408,-0.9910931587219238,0.6960481405258179,0.23811443150043488,0.06583744287490845
1F0qH0EEBfo$_$15,Positive,Positive,1.3333333730697632,0.6409163475036621,0.06501094251871109,0.34708625078201294,0.5879027247428894
1F0qH0EEBfo$_$14,Neutral,Neutral,0.0,-0.39819443225860596,0.26510870456695557,0.6601600050926208,0.07473129034042358
1JQ9UCBEmCU$_$1,Neutral,Neutral,0.0,0.40900343656539917,0.026683012023568153,0.6184054613113403,0.3549115061759949
1JQ9UCBEmCU$_$0,Neutral,Neutral,0.0,-0.05340101569890976,0.2111627608537674,0.6811068058013916,0.10773050040006638
1W38PnuWIkM$_$3,Positive,Negative,0.6666666865348816,0.06489744782447815,0.463026225566864,0.27932852506637573,0.25764524936676025
1W38PnuWIkM$_$5,Positive,Positive,1.3333333730697632,1.0005831718444824,0.05116148665547371,0.28952673077583313,0.6593117713928223
1W38PnuWIkM$_$4,Positive,Neutral,0.6666666865348816,0.18335436284542084,0.1449904590845108,0.4451923966407776,0.4098171293735504
1W38PnuWIkM$_$6,Negative,Negative,-0.6666666865348816,-1.1323570013046265,0.9098379015922546,0.06559434533119202,0.024567700922489166
1bzS0YF5hfs$_$1,Positive,Positive,0.6666666865348816,1.1533987522125244,0.007635108195245266,0.10567023605108261,0.8866946697235107
1dWsw38VDjY$_$9,Positive,Positive,0.3333333432674408,0.2686218321323395,0.10076351463794708,0.32117027044296265,0.5780661702156067
1fqNb8cfLFE$_$2,Positive,Positive,0.6666666865348816,0.4751034379005432,0.027674023061990738,0.36844444274902344,0.6038815379142761
1k7br8xXMSU$_$11,Positive,Positive,0.3333333432674408,0.7076243162155151,0.06732922047376633,0.4616798162460327,0.47099101543426514
1k7br8xXMSU$_$12,Negative,Positive,-0.3333333432674408,0.759170651435852,0.081383116543293,0.3655315339565277,0.5530852675437927
1mHjMNZZvFo$_$1,Positive,Positive,1.3333333730697632,1.7006311416625977,0.008503598161041737,0.0755310133099556,0.9159653782844543
1mHjMNZZvFo$_$5,Positive,Positive,0.3333333432674408,1.2187575101852417,0.05832837522029877,0.10141371190547943,0.8402578830718994
1pvK0_9SQns$_$10,Neutral,Neutral,0.0,-0.10701392590999603,0.05211952328681946,0.7117042541503906,0.2361762970685959
1pvK0_9SQns$_$8,Neutral,Neutral,0.0,0.3414154052734375,0.07272471487522125,0.5250304341316223,0.40224483609199524
1sJjdaXXuJg$_$4,Positive,Positive,1.3333333730697632,0.7116068601608276,0.04427041858434677,0.3744514584541321,0.5812780857086182
1tuMFJnlXJc$_$20,Positive,Positive,0.6666666865348816,0.9287011027336121,0.0159151554107666,0.16122569143772125,0.8228591680526733
1tuMFJnlXJc$_$1,Positive,Positive,0.3333333432674408,0.660714864730835,0.010051625780761242,0.34353771805763245,0.6464106440544128
1tuMFJnlXJc$_$3,Positive,Neutral,0.3333333432674408,-0.14789164066314697,0.16257686913013458,0.5281328558921814,0.3092902600765228
1tuMFJnlXJc$_$4,Positive,Positive,0.3333333432674408,0.4895053505897522,0.025918981060385704,0.3332330286502838,0.64084792137146
2-4autDbHVQ$_$12,Positive,Negative,0.6666666865348816,-0.24117311835289001,0.6123272180557251,0.26689913868904114,0.12077365070581436
2-4autDbHVQ$_$19,Positive,Positive,2.3333332538604736,1.9763500690460205,0.01083862129598856,0.013418871909379959,0.9757425785064697
2-4autDbHVQ$_$8,Positive,Positive,0.6666666865348816,1.1342594623565674,0.06626316159963608,0.12789082527160645,0.8058460354804993
2-5hH_k2VFk$_$9,Positive,Negative,0.6666666865348816,0.05019416660070419,0.49912986159324646,0.2503620982170105,0.25050798058509827
201582$_$2,Negative,Negative,-1.3333333730697632,-0.7928183078765869,0.6018478870391846,0.31958162784576416,0.07857053726911545
201582$_$6,Neutral,Neutral,0.0,0.6068543195724487,0.04624536260962486,0.49270355701446533,0.4610511064529419
202431$_$6,Negative,Negative,-1.6666666269302368,-1.682113766670227,0.9606407284736633,0.027426982298493385,0.011932289227843285
202810$_$7,Negative,Negative,-1.3333333730697632,-1.2547005414962769,0.916352391242981,0.03234270215034485,0.051304955035448074
202810$_$8,Negative,Negative,-1.6666666269302368,-1.7856519222259521,0.9687491059303284,0.015029498375952244,0.016221357509493828
202990$_$5,Negative,Negative,-1.6666666269302368,-1.2489964962005615,0.9144132733345032,0.034677259624004364,0.050909411162137985
202990$_$6,Neutral,Positive,0.0,0.8703407049179077,0.057330138981342316,0.2590704560279846,0.6835994124412537
206049$_$0,Positive,Positive,1.0,0.766234278678894,0.03587372973561287,0.45601391792297363,0.5081123113632202
206049$_$3,Negative,Negative,-2.0,-2.324542760848999,0.990437924861908,0.004164712503552437,0.005397384986281395
206051$_$2,Neutral,Neutral,0.0,0.3631378412246704,0.04881520941853523,0.7533747553825378,0.19781000912189484
206376$_$2,Negative,Negative,-0.6666666865348816,-0.49754321575164795,0.7117520570755005,0.17169365286827087,0.11655426025390625
206507$_$2,Negative,Negative,-1.3333333730697632,-1.377471685409546,0.9530567526817322,0.021936746314167976,0.025006545707583427
206507$_$6,Negative,Negative,-0.3333333432674408,-1.327115535736084,0.949262797832489,0.011105898767709732,0.03963127359747887
206606$_$5,Negative,Negative,-1.0,-1.4345901012420654,0.8937552571296692,0.0790862962603569,0.027158522978425026
206606$_$7,Negative,Negative,-1.3333333730697632,-1.3208006620407104,0.8998523354530334,0.05169854313135147,0.04844914749264717
207812$_$3,Positive,Neutral,2.3333332538604736,0.5704382061958313,0.15708322823047638,0.5360188484191895,0.30689793825149536
207812$_$9,Negative,Negative,-0.6666666865348816,-1.1438014507293701,0.9214238524436951,0.04198850318789482,0.036587588489055634
207812$_$8,Positive,Negative,1.3333333730697632,-0.9508237838745117,0.8052184581756592,0.12500181794166565,0.06977978348731995
208148$_$11,Negative,Negative,-1.3333333730697632,-0.5108800530433655,0.4987141191959381,0.34829938411712646,0.15298643708229065
208148$_$6,Neutral,Neutral,0.0,-0.05100554600358009,0.2164071500301361,0.4404885172843933,0.3431043326854706
208299$_$5,Negative,Negative,-1.6666666269302368,-1.6536154747009277,0.949218213558197,0.030485328286886215,0.020296432077884674
208299$_$4,Negative,Negative,-1.0,-2.220985174179077,0.9896855354309082,0.006816022098064423,0.003498480189591646
208299$_$6,Negative,Negative,-2.3333332538604736,-2.267486810684204,0.9906036257743835,0.005695943254977465,0.003700443310663104
208299$_$8,Negative,Negative,-1.3333333730697632,-2.421816825866699,0.995560884475708,0.0021279046777635813,0.0023111472837626934
208416$_$11,Positive,Positive,1.6666666269302368,1.2745132446289062,0.058470796793699265,0.0952167734503746,0.846312403678894
208416$_$13,Positive,Positive,1.6666666269302368,1.1217257976531982,0.2646244168281555,0.03543538227677345,0.6999401450157166
208416$_$16,Positive,Positive,2.0,1.9200530052185059,0.007001467049121857,0.06622887402772903,0.9267696142196655
208416$_$0,Positive,Neutral,0.3333333432674408,0.4190422296524048,0.03207620978355408,0.6518902778625488,0.3160335123538971
208416$_$2,Positive,Neutral,1.0,1.0709569454193115,0.018039582297205925,0.4915359318256378,0.4904245138168335
208416$_$7,Positive,Positive,1.6666666269302368,1.1146539449691772,0.07877618819475174,0.12634584307670593,0.7948779463768005
208416$_$9,Neutral,Neutral,0.0,-0.06110178306698799,0.2944772243499756,0.5110849738121033,0.19443778693675995
208416$_$8,Neutral,Neutral,0.0,0.47910618782043457,0.09156718850135803,0.47832563519477844,0.4301072061061859
209354$_$1,Positive,Positive,2.0,1.6647870540618896,0.040237799286842346,0.10145401209592819,0.8583081960678101
209354$_$2,Positive,Negative,1.0,-0.5264574885368347,0.4983956515789032,0.31668519973754883,0.18491916358470917
209775$_$10,Negative,Negative,-2.3333332538604736,-0.5297081470489502,0.7784984707832336,0.09053348004817963,0.13096803426742554
209775$_$1,Negative,Negative,-1.0,-1.3954013586044312,0.9220619797706604,0.0597088597714901,0.018229171633720398
209775$_$0,Positive,Positive,0.3333333432674408,0.7858548164367676,0.017663009464740753,0.26458239555358887,0.7177546620368958
209775$_$5,Negative,Negative,-2.3333332538604736,-2.3333234786987305,0.9885290265083313,0.008133635856211185,0.0033373371697962284
210238$_$13,Neutral,Neutral,0.0,-0.9708696603775024,0.46327856183052063,0.5054106116294861,0.031310852617025375
210238$_$14,Neutral,Positive,0.0,0.10764943063259125,0.22623494267463684,0.37508344650268555,0.3986815810203552
210238$_$16,Negative,Negative,-1.3333333730697632,-1.8171002864837646,0.9638845324516296,0.025074457749724388,0.011041066609323025
210238$_$18,Positive,Neutral,0.3333333432674408,0.029720686376094818,0.06617528945207596,0.6671457290649414,0.26667895913124084
210238$_$1,Positive,Positive,0.3333333432674408,0.9621153473854065,0.02929561398923397,0.12614546716213226,0.8445589542388916
210618$_$11,Positive,Positive,1.6666666269302368,1.8936655521392822,0.004773247521370649,0.04108642414212227,0.954140305519104
210618$_$10,Neutral,Neutral,0.0,0.4533228278160095,0.036668431013822556,0.7505018711090088,0.21282972395420074
210618$_$15,Neutral,Neutral,0.0,0.35682007670402527,0.050257958471775055,0.7747752070426941,0.17496691644191742
210618$_$5,Neutral,Neutral,0.0,0.5745473504066467,0.028499646112322807,0.5822629332542419,0.3892374038696289
210618$_$9,Positive,Positive,1.0,0.8570878505706787,0.05190102010965347,0.1929367184638977,0.755162239074707
210618$_$8,Neutral,Neutral,0.0,0.32733461260795593,0.12937909364700317,0.5640928745269775,0.3065279722213745
21137$_$1,Neutral,Neutral,0.0,0.3614886701107025,0.05384616181254387,0.7962915301322937,0.14986233413219452
21137$_$0,Positive,Neutral,1.0,0.7268054485321045,0.02155221253633499,0.5155029296875,0.4629448354244232
21137$_$3,Positive,Positive,2.6666667461395264,2.221484661102295,0.010502403602004051,0.042843662202358246,0.9466539025306702
21137$_$2,Positive,Positive,2.0,0.8103600740432739,0.30918318033218384,0.08381235599517822,0.6070044636726379
21137$_$9,Positive,Positive,2.0,1.5848069190979004,0.02909065969288349,0.05024578049778938,0.920663595199585
212532$_$10,Negative,Negative,-2.0,-2.5001230239868164,0.9946342706680298,0.004091228358447552,0.0012745201820507646
212532$_$9,Negative,Negative,-2.6666667461395264,-2.1253743171691895,0.9913868308067322,0.0052431202493608,0.0033700300846248865
213619$_$0,Negative,Neutral,-0.3333333432674408,0.3416752517223358,0.13958396017551422,0.5447731018066406,0.3156428933143616
213619$_$3,Neutral,Negative,0.0,-0.8150237798690796,0.5317490100860596,0.43255946040153503,0.03569154813885689
214095$_$11,Negative,Negative,-2.6666667461395264,-2.1503570079803467,0.9612463116645813,0.034515224397182465,0.004238429479300976
214095$_$1,Neutral,Neutral,0.0,-0.26210883259773254,0.09042174369096756,0.817579984664917,0.09199832379817963
214095$_$4,Negative,Negative,-1.6666666269302368,-2.5232081413269043,0.9943473935127258,0.004185508470982313,0.0014670694945380092
215259$_$5,Positive,Positive,1.6666666269302368,0.8756638765335083,0.4116275906562805,0.16826070845127106,0.42011168599128723
215259$_$4,Positive,Positive,2.0,1.816314458847046,0.010210482403635979,0.05275234207510948,0.9370371699333191
216007$_$24,Neutral,Neutral,0.0,0.00987752340734005,0.09465570002794266,0.7509865760803223,0.15435777604579926
216007$_$28,Negative,Negative,-1.6666666269302368,-2.2590742111206055,0.989969789981842,0.0077293128706514835,0.0023008871357887983
216007$_$29,Negative,Negative,-0.3333333432674408,-2.0808238983154297,0.9835047721862793,0.009102804586291313,0.007392384111881256
216007$_$1,Positive,Positive,1.6666666269302368,1.079514503479004,0.027804160490632057,0.18546316027641296,0.7867326736450195
216007$_$2,Negative,Negative,-2.3333332538604736,-1.255109429359436,0.7613148093223572,0.17660319805145264,0.06208207458257675
216007$_$5,Positive,Positive,0.6666666865348816,0.9476067423820496,0.05047203227877617,0.22669966518878937,0.7228282690048218
216007$_$9,Negative,Negative,-1.0,-0.8102010488510132,0.582526445388794,0.3059837222099304,0.11148981004953384
216007$_$12,Negative,Negative,-1.3333333730697632,-1.793017864227295,0.9551914930343628,0.02482791803777218,0.019980594515800476
21638$_$1,Neutral,Neutral,0.0,-0.19909396767616272,0.17524601519107819,0.7257777452468872,0.09897622466087341
21638$_$0,Positive,Positive,0.3333333432674408,0.6267915368080139,0.01865742728114128,0.18568797409534454,0.7956545948982239
21638$_$6,Positive,Positive,2.0,1.10389244556427,0.0384397953748703,0.13234667479991913,0.829213559627533
216857$_$1,Neutral,Neutral,0.0,0.6065411567687988,0.0334770530462265,0.6576670408248901,0.30885595083236694
216857$_$3,Negative,Negative,-0.6666666865348816,-1.2831034660339355,0.7314195036888123,0.21416985988616943,0.054410599172115326
216857$_$6,Negative,Negative,-0.3333333432674408,-0.41672614216804504,0.5636908411979675,0.3633269667625427,0.07298219203948975
216857$_$10,Negative,Negative,-1.0,-1.540466547012329,0.8960624933242798,0.07488567382097244,0.02905186079442501
218708$_$13,Negative,Neutral,-0.3333333432674408,-0.5133243799209595,0.31061866879463196,0.5253499150276184,0.16403140127658844
218708$_$12,Negative,Negative,-1.0,-1.6979050636291504,0.9463310837745667,0.04505513235926628,0.008613845333456993
218708$_$15,Negative,Negative,-2.0,-2.139765739440918,0.9849156141281128,0.009465275332331657,0.005619077477604151
218708$_$17,Negative,Negative,-1.6666666269302368,-1.0274769067764282,0.7170716524124146,0.16744448244571686,0.11548393219709396
218708$_$1,Positive,Neutral,0.3333333432674408,0.4798370897769928,0.02603498473763466,0.6329883933067322,0.3409765660762787
218708$_$0,Neutral,Neutral,0.0,0.07868175208568573,0.0702795684337616,0.7549391984939575,0.1747812181711197
218708$_$8,Neutral,Neutral,0.0,-0.3143393397331238,0.32788559794425964,0.5036441683769226,0.16847026348114014
219310$_$0,Neutral,Neutral,0.0,-0.10837940871715546,0.08461283147335052,0.83092200756073,0.08446520566940308
219310$_$2,Positive,Positive,1.0,0.9433592557907104,0.040957748889923096,0.1704842895269394,0.7885580062866211
219775$_$0,Neutral,Neutral,0.0,0.4076344966888428,0.04327375441789627,0.5995849967002869,0.3571411669254303
219775$_$5,Negative,Neutral,-0.3333333432674408,-0.4158674478530884,0.32807785272598267,0.5309603810310364,0.14096182584762573
220134$_$27,Negative,Negative,-2.6666667461395264,-0.7599524259567261,0.6975367069244385,0.1888238936662674,0.11363933980464935
220134$_$21,Negative,Negative,-2.3333332538604736,-1.6887205839157104,0.9518797397613525,0.030035771429538727,0.018084393814206123
220134$_$8,Neutral,Neutral,0.0,0.15499821305274963,0.16332072019577026,0.583227276802063,0.25345197319984436
220134$_$17,Negative,Negative,-1.0,-1.2954052686691284,0.7688268423080444,0.20584474503993988,0.025328386574983597
220548$_$20,Negative,Negative,-2.3333332538604736,-0.9805746674537659,0.6857445240020752,0.12565968930721283,0.1885957270860672
220548$_$1,Neutral,Positive,0.0,0.14035724103450775,0.07908923178911209,0.45287951827049255,0.46803122758865356
220548$_$7,Negative,Negative,-0.3333333432674408,-1.2119319438934326,0.8160171508789062,0.13835425674915314,0.04562857747077942
221740$_$0,Neutral,Neutral,0.0,0.16455690562725067,0.03458384424448013,0.8049144744873047,0.1605016142129898
221740$_$5,Negative,Negative,-3.0,-2.0961365699768066,0.9901485443115234,0.005630773957818747,0.004220751114189625
222116$_$1,Negative,Negative,-2.0,-2.02746319770813,0.9803875684738159,0.007601720746606588,0.012010653503239155
222116$_$7,Negative,Negative,-0.3333333432674408,-1.1416233777999878,0.9196352958679199,0.02390684187412262,0.056457895785570145
222116$_$6,Neutral,Negative,0.0,-0.5698334574699402,0.775455892086029,0.12554562091827393,0.09899851679801941
223926$_$1,Negative,Negative,-1.3333333730697632,-1.355229139328003,0.9451917409896851,0.03710195794701576,0.017706355080008507
224599$_$1,Positive,Positive,0.3333333432674408,0.5944157242774963,0.025855373591184616,0.39239588379859924,0.5817487239837646
224599$_$2,Neutral,Neutral,0.0,0.32462871074676514,0.04765258729457855,0.5001371502876282,0.45221033692359924
224599$_$5,Neutral,Negative,0.0,-0.6731258630752563,0.6915167570114136,0.20695671439170837,0.10152646899223328
224599$_$8,Positive,Positive,1.6666666269302368,1.5049992799758911,0.022518521174788475,0.076756052672863,0.9007254242897034
224772$_$12,Negative,Negative,-1.6666666269302368,-1.4891623258590698,0.8387026786804199,0.15339060127735138,0.00790667999535799
224772$_$14,Negative,Negative,-2.0,-1.4345256090164185,0.8643870949745178,0.07806668430566788,0.05754623934626579
224772$_$1,Negative,Neutral,-1.6666666269302368,-0.14450927078723907,0.32448187470436096,0.3911987245082855,0.2843194007873535
224772$_$6,Neutral,Neutral,0.0,-0.2449306845664978,0.1948486715555191,0.5975742936134338,0.20757704973220825
224869$_$10,Negative,Negative,-1.0,-1.8563164472579956,0.9836030006408691,0.010153427720069885,0.006243589334189892
224869$_$0,Positive,Neutral,0.6666666865348816,0.19583894312381744,0.07982788980007172,0.6190823316574097,0.3010898530483246
224869$_$3,Neutral,Neutral,0.0,0.1406266689300537,0.1560794711112976,0.609885573387146,0.23403489589691162
224869$_$5,Positive,Positive,0.3333333432674408,0.379482626914978,0.05084807425737381,0.28591296076774597,0.6632389426231384
225343$_$10,Positive,Neutral,0.3333333432674408,0.24311742186546326,0.10803702473640442,0.627991795539856,0.26397112011909485
225343$_$14,Negative,Negative,-1.6666666269302368,-1.2587915658950806,0.9666591286659241,0.01870989054441452,0.014630978927016258
225343$_$3,Positive,Neutral,2.0,0.8661025762557983,0.0790768638253212,0.5098004341125488,0.4111226797103882
225343$_$9,Negative,Negative,-0.6666666865348816,-0.9263286590576172,0.6527906656265259,0.2575239837169647,0.08968538045883179
225416$_$14,Negative,Negative,-2.0,-1.8407481908798218,0.938428521156311,0.04855813831090927,0.013013291172683239
225416$_$1,Negative,Negative,-2.6666667461395264,-1.846526861190796,0.944240152835846,0.041447967290878296,0.01431181188672781
225416$_$3,Positive,Positive,2.3333332538604736,1.6398191452026367,0.0637708231806755,0.08331041783094406,0.852918803691864
225416$_$8,Neutral,Neutral,0.0,0.29041630029678345,0.1627415269613266,0.5732165575027466,0.2640419006347656
225768$_$6,Neutral,Negative,0.0,-0.46698421239852905,0.5092858076095581,0.33973267674446106,0.150981605052948
227173$_$12,Negative,Negative,-0.6666666865348816,-0.9147316217422485,0.8671603202819824,0.06522322446107864,0.06761640310287476
227173$_$6,Negative,Negative,-1.0,-1.3263477087020874,0.8605208992958069,0.12023048847913742,0.019248563796281815
227416$_$1,Neutral,Neutral,0.0,-0.0635356605052948,0.13073450326919556,0.7934297323226929,0.07583583146333694
227416$_$0,Neutral,Neutral,0.0,-0.049670130014419556,0.19833527505397797,0.5824918746948242,0.21917277574539185
227416$_$3,Neutral,Neutral,0.0,-0.0756576657295227,0.17486949265003204,0.6347280740737915,0.19040238857269287
227416$_$5,Neutral,Neutral,0.0,-0.3512102961540222,0.2654458284378052,0.6269344687461853,0.10761968046426773
227416$_$8,Positive,Positive,2.6666667461395264,2.0645744800567627,0.02462778054177761,0.07288516312837601,0.90248703956604
227426$_$19,Negative,Neutral,-2.6666667461395264,-0.19425153732299805,0.273452490568161,0.3760101795196533,0.3505373001098633
227426$_$18,Negative,Negative,-2.0,-1.8448573350906372,0.969817042350769,0.012719369493424892,0.017463698983192444
227426$_$0,Neutral,Neutral,0.0,-0.42553579807281494,0.1657382696866989,0.6717811226844788,0.16248063743114471
227426$_$8,Neutral,Negative,0.0,-0.7411845922470093,0.5437040328979492,0.36283984780311584,0.09345604479312897
22821$_$14,Neutral,Negative,0.0,-1.479887843132019,0.877699613571167,0.10838249325752258,0.013917905278503895
22821$_$1,Positive,Positive,1.3333333730697632,0.2756487727165222,0.2647981643676758,0.32000812888145447,0.41519373655319214
22821$_$0,Neutral,Neutral,0.0,0.29464197158813477,0.1186697855591774,0.5972910523414612,0.284039169549942
22821$_$4,Positive,Neutral,0.3333333432674408,-0.4677193760871887,0.4064149260520935,0.42274054884910583,0.17084459960460663
22821$_$9,Positive,Positive,1.3333333730697632,1.2233272790908813,0.0356614775955677,0.3597182333469391,0.6046203374862671
22880$_$2,Neutral,Neutral,0.0,-0.13002754747867584,0.06706264615058899,0.8706387877464294,0.062298547476530075
22880$_$6,Positive,Positive,1.3333333730697632,0.8125733137130737,0.1633002907037735,0.24916678667068481,0.5875328779220581
229090$_$15,Negative,Negative,-2.6666667461395264,-2.2134032249450684,0.9775441288948059,0.01646389253437519,0.0059919338673353195
229090$_$16,Positive,Neutral,1.0,0.40550512075424194,0.15948452055454254,0.5167325139045715,0.3237829804420471
229090$_$18,Negative,Negative,-1.6666666269302368,-2.2181148529052734,0.9866212606430054,0.007029454689472914,0.006349268835037947
229903$_$0,Neutral,Neutral,0.0,-0.16214771568775177,0.056930165737867355,0.652364194393158,0.29070574045181274
229903$_$3,Neutral,Negative,0.0,-0.4034504294395447,0.547097384929657,0.23007550835609436,0.22282715141773224
229967$_$2,Positive,Neutral,0.3333333432674408,0.7824528217315674,0.04203873127698898,0.6050573587417603,0.35290396213531494
230252$_$1,Neutral,Neutral,0.0,0.43186479806900024,0.054266709834337234,0.7997385263442993,0.1459946632385254
231025$_$11,Negative,Negative,-1.3333333730697632,-1.3351572751998901,0.924598217010498,0.05193575099110603,0.023465966805815697
231025$_$15,Negative,Negative,-1.0,-1.6039559841156006,0.8615041375160217,0.12482848018407822,0.013667330145835876
231025$_$14,Negative,Neutral,-2.0,-0.16530200839042664,0.3702041804790497,0.5133122205734253,0.11648356914520264
231025$_$16,Negative,Negative,-0.6666666865348816,-1.648799180984497,0.9615060091018677,0.029044395312666893,0.009449652396142483
231025$_$0,Positive,Neutral,1.6666666269302368,0.614136815071106,0.0546012818813324,0.5975306034088135,0.34786805510520935
231025$_$9,Negative,Neutral,-0.3333333432674408,0.5938358902931213,0.0550784096121788,0.5634534358978271,0.38146814703941345
233171$_$1,Negative,Negative,-1.6666666269302368,-1.5485297441482544,0.943187415599823,0.03202670067548752,0.02478584460914135
233171$_$7,Negative,Negative,-2.0,-2.2679080963134766,0.9857370853424072,0.012170440517365932,0.0020925295539200306
233356$_$1,Positive,Positive,0.6666666865348816,0.45341646671295166,0.29589518904685974,0.15964101254940033,0.5444638133049011
233356$_$3,Positive,Positive,1.6666666269302368,1.4665842056274414,0.012883409857749939,0.11930409073829651,0.8678125143051147
233366$_$4,Negative,Negative,-1.3333333730697632,-1.8201051950454712,0.934651792049408,0.05199069157242775,0.013357646763324738
233389$_$0,Neutral,Neutral,0.0,0.15173310041427612,0.06617176532745361,0.7506296038627625,0.18319863080978394
233389$_$5,Negative,Negative,-0.6666666865348816,-1.1912131309509277,0.8721768856048584,0.08523526042699814,0.042587760835886
234053$_$26,Positive,Positive,2.6666667461395264,1.3939509391784668,0.06557583063840866,0.21856962144374847,0.7158545255661011
234053$_$21,Positive,Neutral,0.3333333432674408,-0.6728426814079285,0.30913373827934265,0.6469483971595764,0.04391781985759735
234053$_$1,Neutral,Neutral,0.0,0.22116124629974365,0.03610403463244438,0.5644683837890625,0.399427592754364
234053$_$11,Positive,Negative,0.6666666865348816,-0.044080864638090134,0.46363723278045654,0.24678334593772888,0.2895793914794922
234053$_$17,Neutral,Neutral,0.0,0.21302637457847595,0.17582622170448303,0.7469035983085632,0.07727017253637314
234053$_$19,Negative,Negative,-1.0,-0.9011498689651489,0.7437317967414856,0.17619958519935608,0.08006861805915833
234053$_$18,Neutral,Positive,0.0,0.7799192667007446,0.10678132623434067,0.38931626081466675,0.5039023756980896
234587$_$2,Positive,Neutral,0.3333333432674408,0.5055709481239319,0.03186217322945595,0.6067349314689636,0.36140286922454834
234587$_$5,Negative,Negative,-0.3333333432674408,-1.7063251733779907,0.9758689999580383,0.012495839968323708,0.01163514144718647
234587$_$11,Positive,Positive,0.6666666865348816,0.7312842011451721,0.0326693020761013,0.2887471914291382,0.6785835027694702
234587$_$14,Neutral,Positive,0.0,0.4645310044288635,0.33784714341163635,0.2918763756752014,0.3702765703201294
234587$_$16,Positive,Positive,0.3333333432674408,0.6114151477813721,0.019020317122340202,0.37308746576309204,0.6078922748565674
234587$_$19,Positive,Negative,2.0,-1.008742094039917,0.7845742106437683,0.12719281017780304,0.08823295682668686
236399$_$4,Negative,Neutral,-0.3333333432674408,0.3758852481842041,0.11892738938331604,0.6836662292480469,0.1974063366651535
236696$_$7,Negative,Negative,-2.6666667461395264,-2.382225751876831,0.9929701685905457,0.005110913887619972,0.0019189429003745317
238023$_$22,Negative,Neutral,-0.6666666865348816,0.24238473176956177,0.08275794237852097,0.7665480971336365,0.15069395303726196
238023$_$1,Neutral,Neutral,0.0,0.3715684115886688,0.08577713370323181,0.6794602274894714,0.2347625494003296
238023$_$37,Negative,Negative,-2.3333332538604736,-1.4298806190490723,0.9255149364471436,0.03853469714522362,0.035950351506471634
238039$_$6,Neutral,Neutral,0.0,0.3837193250656128,0.06534848362207413,0.7594015002250671,0.17524993419647217
238060$_$13,Negative,Neutral,-0.3333333432674408,0.013504574075341225,0.19836650788784027,0.6091400980949402,0.19249331951141357
238060$_$18,Negative,Negative,-0.6666666865348816,-1.2137629985809326,0.9236176013946533,0.031509898602962494,0.04487243667244911
238060$_$5,Neutral,Neutral,0.0,0.36440321803092957,0.048267971724271774,0.7064653635025024,0.24526667594909668
238060$_$7,Negative,Negative,-0.3333333432674408,-1.0925463438034058,0.8109537959098816,0.14655335247516632,0.042492903769016266
238100$_$3,Negative,Negative,-2.0,-1.9519894123077393,0.9805998206138611,0.008954359218478203,0.010445759631693363
238645$_$20,Neutral,Neutral,0.0,0.004216195084154606,0.13261030614376068,0.6277616620063782,0.23962804675102234
238645$_$23,Negative,Negative,-2.3333332538604736,-1.8492679595947266,0.954834520816803,0.036725178360939026,0.008440298028290272
238645$_$0,Positive,Positive,0.3333333432674408,0.9036651849746704,0.0159031692892313,0.33624058961868286,0.6478561758995056
238645$_$6,Negative,Negative,-0.6666666865348816,-1.09427809715271,0.7919788360595703,0.1870976686477661,0.020923495292663574
238645$_$8,Negative,Negative,-2.3333332538604736,-2.0634877681732178,0.9683555960655212,0.0271769929677248,0.004467408638447523
238889$_$2,Negative,Negative,-1.0,-1.8331618309020996,0.9570395946502686,0.034437522292137146,0.008522986434400082
238889$_$5,Neutral,Negative,0.0,-0.5447688102722168,0.4967673420906067,0.42591288685798645,0.07731980830430984
238889$_$4,Negative,Negative,-2.0,-0.5623826384544373,0.7433626651763916,0.11719731241464615,0.13944008946418762
238889$_$6,Positive,Neutral,0.6666666865348816,0.11939704418182373,0.3725280463695526,0.4189062714576721,0.20856571197509766
239235$_$11,Positive,Positive,2.0,0.9629918932914734,0.18212710320949554,0.18192899227142334,0.6359438896179199
239235$_$13,Positive,Positive,2.3333332538604736,1.8427801132202148,0.0135208610445261,0.030339842662215233,0.956139326095581
239235$_$1,Neutral,Neutral,0.0,0.4889056086540222,0.03449244052171707,0.667559802532196,0.2979477047920227
239235$_$4,Positive,Positive,1.3333333730697632,1.0928733348846436,0.15278327465057373,0.0945071429014206,0.7527095675468445
239235$_$8,Neutral,Neutral,0.0,-0.20744065940380096,0.09745872020721436,0.739534318447113,0.16300688683986664
239572$_$2,Positive,Neutral,0.3333333432674408,0.3764667510986328,0.11168760806322098,0.5094220638275146,0.37889036536216736
239572$_$4,Neutral,Neutral,0.0,-0.017789050936698914,0.14097698032855988,0.7270806431770325,0.13194233179092407
23YlZoucbyM$_$4,Negative,Positive,-1.6666666269302368,0.1109413281083107,0.15700511634349823,0.28997868299484253,0.5530162453651428
240915$_$1,Negative,Negative,-2.0,-2.313924551010132,0.9890912175178528,0.007856971584260464,0.003051874227821827
240915$_$2,Negative,Negative,-2.6666667461395264,-1.7763562202453613,0.9726338386535645,0.01337530929595232,0.013990853913128376
240915$_$8,Positive,Positive,0.6666666865348816,1.133219599723816,0.043580904603004456,0.2084953784942627,0.747923731803894
241164$_$10,Neutral,Neutral,0.0,0.66484534740448,0.03222266584634781,0.5357783436775208,0.4319989085197449
241164$_$1,Neutral,Neutral,0.0,0.22385546565055847,0.07526368647813797,0.7973988652229309,0.1273375153541565
241164$_$0,Neutral,Neutral,0.0,0.40707841515541077,0.038480035960674286,0.7112618684768677,0.25025811791419983
241164$_$9,Neutral,Neutral,0.0,0.43328073620796204,0.1516888290643692,0.4293934404850006,0.41891777515411377
241172$_$3,Positive,Neutral,0.3333333432674408,-0.4015955924987793,0.2404198944568634,0.6620287895202637,0.09755128622055054
241172$_$7,Negative,Negative,-1.0,-1.5400954484939575,0.9716274738311768,0.013037832453846931,0.015334641560912132
24202$_$10,Negative,Negative,-2.6666667461395264,-2.125216007232666,0.9837791323661804,0.011500786058604717,0.004720099736005068
24202$_$5,Negative,Negative,-2.6666667461395264,-2.251708507537842,0.9903517365455627,0.006436832714825869,0.003211413510143757
24202$_$4,Negative,Negative,-1.6666666269302368,-2.3649497032165527,0.9909054040908813,0.007359679788351059,0.001734950696118176
24202$_$9,Negative,Negative,-2.0,-1.7551422119140625,0.9269706606864929,0.05889393389225006,0.01413541566580534
243338$_$20,Negative,Negative,-0.6666666865348816,-1.0129282474517822,0.9305863976478577,0.04981951043009758,0.019594095647335052
243338$_$21,Negative,Negative,-2.3333332538604736,-2.2946410179138184,0.9843806028366089,0.013645964674651623,0.0019734681118279696
243338$_$22,Negative,Negative,-1.3333333730697632,-2.0020463466644287,0.9828890562057495,0.008981801569461823,0.00812921766191721
243338$_$9,Negative,Negative,-1.3333333730697632,-2.1370737552642822,0.9875699877738953,0.004904282279312611,0.007525771390646696
243341$_$23,Negative,Negative,-1.6666666269302368,-1.0707608461380005,0.7936052083969116,0.15748713910579681,0.04890761151909828
243341$_$2,Negative,Negative,-2.6666667461395264,-1.5838762521743774,0.8557888269424438,0.10636752843856812,0.037843674421310425
243341$_$7,Negative,Negative,-2.6666667461395264,-2.0876331329345703,0.9862378835678101,0.007332197856158018,0.006429928354918957
243341$_$10,Negative,Negative,-3.0,-2.4416422843933105,0.9948415160179138,0.0028867253568023443,0.002271772362291813
243341$_$14,Negative,Negative,-1.6666666269302368,-1.505407691001892,0.9592528939247131,0.015258305706083775,0.025488756597042084
244180$_$20,Negative,Negative,-1.3333333730697632,-2.314436435699463,0.9925339221954346,0.00353038078173995,0.003935649525374174
244180$_$4,Negative,Negative,-2.0,-2.3441965579986572,0.9927700161933899,0.004735181573778391,0.0024947370402514935
244180$_$19,Positive,Positive,1.3333333730697632,1.171332836151123,0.07460945099592209,0.09291345626115799,0.8324770331382751
244180$_$18,Positive,Positive,2.0,1.1151200532913208,0.07679566740989685,0.29205089807510376,0.631153404712677
244261$_$24,Positive,Neutral,0.6666666865348816,0.44229674339294434,0.12401241064071655,0.4601097106933594,0.41587793827056885
244261$_$20,Positive,Positive,2.6666667461395264,0.967445433139801,0.1650538295507431,0.11171244084835052,0.7232337594032288
244261$_$4,Positive,Negative,1.6666666269302368,0.841753363609314,0.49006956815719604,0.04439803585410118,0.4655323624610901
244261$_$7,Neutral,Negative,0.0,-0.3740462064743042,0.567371666431427,0.321622371673584,0.11100591719150543
244261$_$12,Negative,Negative,-0.6666666865348816,-1.363946557044983,0.9123824834823608,0.05997249484062195,0.027645038440823555
244261$_$14,Positive,Neutral,2.3333332538604736,-0.025542650371789932,0.34725555777549744,0.4079147279262543,0.2448296695947647
244623$_$4,Neutral,Neutral,0.0,-0.1490570455789566,0.35321518778800964,0.5494109392166138,0.09737387299537659
244623$_$9,Negative,Negative,-1.0,-0.6094727516174316,0.6438931822776794,0.17595228552818298,0.18015451729297638
244623$_$11,Negative,Negative,-1.6666666269302368,-1.9722905158996582,0.9808483123779297,0.011722591705620289,0.00742914155125618
244623$_$17,Neutral,Negative,0.0,-1.1400872468948364,0.8341589570045471,0.12084399908781052,0.044996943324804306
244623$_$37,Negative,Neutral,-0.3333333432674408,-0.279269814491272,0.39307770133018494,0.5065163969993591,0.10040591657161713
244817$_$2,Negative,Negative,-2.0,-1.5789835453033447,0.8906996846199036,0.07680017501115799,0.03250014781951904
244817$_$5,Negative,Negative,-0.6666666865348816,-0.432632714509964,0.7271860837936401,0.1644914448261261,0.10832240432500839
244817$_$9,Negative,Negative,-2.0,-1.941828727722168,0.9782230257987976,0.014798792079091072,0.0069780852645635605
245243$_$4,Positive,Positive,0.3333333432674408,0.13038787245750427,0.2548059821128845,0.35094520449638367,0.3942487835884094
245276$_$2,Negative,Negative,-2.6666667461395264,-2.236466884613037,0.9619528651237488,0.03299533203244209,0.0050518265925347805
245276$_$4,Negative,Negative,-2.3333332538604736,-1.0187270641326904,0.646257758140564,0.29186123609542847,0.06188105046749115
245276$_$7,Negative,Negative,-2.6666667461395264,-2.190056562423706,0.9824575781822205,0.013905053026974201,0.0036372987087816
245497$_$1,Negative,Negative,-1.6666666269302368,-0.3235805034637451,0.6738238334655762,0.043383363634347916,0.2827928066253662
245497$_$2,Negative,Negative,-2.0,-2.0483860969543457,0.9714707136154175,0.020537061616778374,0.007992194034159184
245497$_$4,Negative,Negative,-0.6666666865348816,-1.202563762664795,0.9040849208831787,0.06749138981103897,0.02842368371784687
247382$_$1,Positive,Neutral,0.3333333432674408,0.6918240785598755,0.03485852852463722,0.6580939292907715,0.3070475161075592
247382$_$2,Negative,Negative,-1.0,-1.9017465114593506,0.9726629257202148,0.017160704359412193,0.010176392272114754
247382$_$6,Positive,Neutral,0.6666666865348816,0.27192848920822144,0.2738741338253021,0.37620383501052856,0.3499220609664917
247382$_$9,Neutral,Neutral,0.0,-0.10002492368221283,0.11165223270654678,0.8143157958984375,0.07403203845024109
247382$_$11,Positive,Positive,0.3333333432674408,0.8692229986190796,0.05889914184808731,0.4109223186969757,0.5301784873008728
247382$_$13,Negative,Negative,-0.3333333432674408,-1.6406090259552002,0.9207385778427124,0.06707525998353958,0.012186199426651001
247382$_$14,Positive,Neutral,1.0,1.3001176118850708,0.050421375781297684,0.5206719040870667,0.42890670895576477
248837$_$12,Negative,Negative,-0.6666666865348816,-1.1462407112121582,0.8951413631439209,0.05809604376554489,0.04676247760653496
248837$_$6,Negative,Negative,-1.0,-1.6828755140304565,0.9483461380004883,0.047268133610486984,0.004385701846331358
24xayGF5yYA$_$24,Neutral,Neutral,0.0,-0.56956946849823,0.37385526299476624,0.38518330454826355,0.2409614771604538
24xayGF5yYA$_$26,Positive,Positive,2.3333332538604736,1.574084758758545,0.01094848569482565,0.047313593327999115,0.941737949848175
24xayGF5yYA$_$3,Positive,Neutral,0.6666666865348816,0.7685269117355347,0.06330501288175583,0.5503489971160889,0.38634592294692993
24xayGF5yYA$_$2,Positive,Positive,1.6666666269302368,0.727820873260498,0.03405464440584183,0.43680837750434875,0.5291369557380676
24xayGF5yYA$_$10,Positive,Positive,2.3333332538604736,1.7084451913833618,0.010758417658507824,0.03362065553665161,0.9556209444999695
24xayGF5yYA$_$15,Neutral,Negative,0.0,-0.31717753410339355,0.42935115098953247,0.4224298298358917,0.14821895956993103
24xayGF5yYA$_$16,Positive,Positive,3.0,0.8647925853729248,0.047830577939748764,0.2851654589176178,0.6670039892196655
250430$_$11,Negative,Negative,-1.6666666269302368,-1.5964527130126953,0.9216518402099609,0.055168092250823975,0.02318003587424755
250430$_$10,Negative,Negative,-1.6666666269302368,-2.422637462615967,0.9931145310401917,0.005723908077925444,0.0011615573894232512
250430$_$6,Negative,Negative,-2.0,-1.4255504608154297,0.8865101933479309,0.08845125138759613,0.025038646534085274
251417$_$1,Neutral,Neutral,0.0,-0.04562003165483475,0.29851558804512024,0.46198779344558716,0.2394966036081314
251417$_$0,Positive,Neutral,1.0,0.28776177763938904,0.045050330460071564,0.6775460243225098,0.2774036228656769
251646$_$13,Positive,Positive,1.0,0.30492058396339417,0.18020151555538177,0.344331830739975,0.47546666860580444
251646$_$2,Positive,Neutral,1.0,0.8474133014678955,0.07976630330085754,0.6767576932907104,0.24347606301307678
251646$_$4,Neutral,Positive,0.0,0.4037494361400604,0.2631261944770813,0.3265208899974823,0.4103529155254364
251646$_$7,Neutral,Negative,0.0,-0.6795317530632019,0.5521445870399475,0.32854458689689636,0.11931080371141434
251826$_$6,Negative,Negative,-0.3333333432674408,-0.750498354434967,0.6450373530387878,0.28765395283699036,0.06730872392654419
251839$_$13,Neutral,Neutral,0.0,0.29000264406204224,0.17704379558563232,0.6392640471458435,0.18369214236736298
252177$_$2,Positive,Positive,2.6666667461395264,0.9894159436225891,0.359868586063385,0.05307483673095703,0.587056577205658
252177$_$4,Positive,Neutral,0.6666666865348816,0.3810402750968933,0.2733362317085266,0.4266858994960785,0.2999778389930725
252177$_$9,Negative,Negative,-1.6666666269302368,-2.2153637409210205,0.9830846190452576,0.014254785142838955,0.0026606679894030094
25271$_$10,Neutral,Neutral,0.0,-0.43699461221694946,0.15137934684753418,0.7469273209571838,0.10169339925050735
25271$_$0,Neutral,Neutral,0.0,-0.2376662790775299,0.20019948482513428,0.4647807776927948,0.33501970767974854
254298$_$14,Negative,Negative,-1.6666666269302368,-1.6534414291381836,0.9210057854652405,0.06989125907421112,0.009103008545935154
254298$_$0,Negative,Neutral,-0.6666666865348816,-0.36885523796081543,0.3525853455066681,0.4528740644454956,0.1945405751466751
254298$_$2,Negative,Negative,-2.3333332538604736,-1.4655508995056152,0.8407225608825684,0.13803821802139282,0.021239276975393295
25522$_$0,Positive,Neutral,0.3333333432674408,-0.3115580976009369,0.07858973741531372,0.6863006353378296,0.23510967195034027
25522$_$3,Negative,Negative,-0.6666666865348816,-0.6469608545303345,0.6921785473823547,0.22484922409057617,0.0829722136259079
25522$_$5,Negative,Negative,-1.6666666269302368,-1.9935282468795776,0.9691677093505859,0.021528445184230804,0.009303831495344639
255224$_$1,Negative,Negative,-0.3333333432674408,-0.43078356981277466,0.5450938940048218,0.32464340329170227,0.13026267290115356
255224$_$5,Negative,Negative,-1.6666666269302368,-1.4550743103027344,0.954308032989502,0.030979981645941734,0.014712025411427021
255224$_$9,Negative,Negative,-1.0,-1.1079736948013306,0.8850907683372498,0.05201307311654091,0.06289622187614441
255224$_$8,Negative,Negative,-0.6666666865348816,-0.31320202350616455,0.68822181224823,0.17535366117954254,0.13642452657222748
255226$_$5,Neutral,Neutral,0.0,-0.36723485589027405,0.30043384432792664,0.5823681354522705,0.11719810962677002
255226$_$8,Positive,Neutral,0.3333333432674408,0.2775072157382965,0.08457700163125992,0.562883198261261,0.3525398373603821
255338$_$1,Neutral,Neutral,0.0,-0.39927011728286743,0.08266427367925644,0.8257603049278259,0.09157543629407883
255338$_$2,Positive,Positive,0.6666666865348816,0.654110848903656,0.08144208788871765,0.4099709689617157,0.5085869431495667
255338$_$5,Negative,Neutral,-0.3333333432674408,-0.29607340693473816,0.35576918721199036,0.5608003735542297,0.08343042433261871
255338$_$7,Negative,Negative,-0.3333333432674408,-0.790602445602417,0.6630080938339233,0.24939598143100739,0.08759595453739166
255338$_$8,Negative,Negative,-2.3333332538604736,-2.3626208305358887,0.993933379650116,0.0037372305523604155,0.002329310169443488
255343$_$0,Neutral,Positive,0.0,0.7341576814651489,0.04714055731892586,0.2920988202095032,0.6607605814933777
255343$_$5,Negative,Negative,-1.6666666269302368,-1.933334469795227,0.9658565521240234,0.021979495882987976,0.012164011597633362
255343$_$8,Negative,Negative,-2.0,-2.380476474761963,0.9914257526397705,0.006066202651709318,0.0025080509949475527
255852$_$0,Negative,Neutral,-0.3333333432674408,0.15398907661437988,0.08781419694423676,0.6420552134513855,0.27013060450553894
255852$_$6,Negative,Negative,-0.3333333432674408,-1.2296626567840576,0.9426026940345764,0.028659557923674583,0.028737695887684822
255852$_$8,Negative,Negative,-1.6666666269302368,-1.6976268291473389,0.9605188965797424,0.02402813546359539,0.015452895313501358
256174$_$6,Neutral,Neutral,0.0,-0.4106329083442688,0.21081960201263428,0.6343072056770325,0.15487323701381683
256935$_$0,Neutral,Neutral,0.0,0.2420964539051056,0.06417679041624069,0.5762304067611694,0.35959282517433167
256935$_$4,Neutral,Positive,0.0,0.10516877472400665,0.28931957483291626,0.20238381624221802,0.508296549320221
256935$_$9,Negative,Negative,-1.3333333730697632,-1.8254631757736206,0.9638558626174927,0.02870890125632286,0.007435255218297243
256935$_$10,Negative,Negative,-0.6666666865348816,-0.5799459218978882,0.6080456376075745,0.2853359282016754,0.10661842674016953
256976$_$12,Negative,Negative,-1.3333333730697632,-0.855746865272522,0.6300147771835327,0.21669408679008484,0.15329112112522125
256976$_$2,Neutral,Neutral,0.0,0.22016435861587524,0.21812327206134796,0.5744360685348511,0.20744068920612335
256976$_$4,Negative,Negative,-2.3333332538604736,-2.1891956329345703,0.9819738864898682,0.014269156381487846,0.003756923833861947
257045$_$11,Negative,Negative,-1.0,-1.756890892982483,0.9424949884414673,0.03996919468045235,0.017535746097564697
257045$_$1,Neutral,Neutral,0.0,0.038057152181863785,0.04972492903470993,0.8035769462585449,0.14669813215732574
257531$_$15,Neutral,Neutral,0.0,-0.09512494504451752,0.3319821357727051,0.48912134766578674,0.17889654636383057
257531$_$17,Negative,Negative,-1.6666666269302368,-1.449576735496521,0.941396176815033,0.030991384759545326,0.027612416073679924
257531$_$1,Neutral,Neutral,0.0,0.1540679931640625,0.043592438101768494,0.7650426626205444,0.19136488437652588
257531$_$2,Positive,Neutral,0.6666666865348816,-0.1932399868965149,0.2766741216182709,0.5629934668540955,0.16033242642879486
257771$_$15,Negative,Negative,-2.0,-0.9521173238754272,0.6535206437110901,0.22339920699596405,0.12308015674352646
257771$_$0,Positive,Neutral,0.3333333432674408,0.3495855927467346,0.07528115063905716,0.647363007068634,0.2773558497428894
257771$_$3,Negative,Negative,-0.6666666865348816,-1.859061598777771,0.9720355868339539,0.020066147670149803,0.007898169569671154
257771$_$8,Positive,Positive,1.6666666269302368,1.8184354305267334,0.019270462915301323,0.05336400866508484,0.9273654818534851
259260$_$26,Positive,Positive,0.6666666865348816,0.38791346549987793,0.2402491718530655,0.31524917483329773,0.44450172781944275
259260$_$20,Negative,Negative,-0.3333333432674408,0.03981171175837517,0.5241751074790955,0.1569029986858368,0.318921834230423
259260$_$22,Negative,Negative,-1.0,-0.7832537889480591,0.686691403388977,0.23346607387065887,0.07984248548746109
259260$_$1,Negative,Neutral,-0.6666666865348816,-0.3616727590560913,0.2071373611688614,0.6067774891853333,0.18608511984348297
259260$_$37,Negative,Negative,-0.6666666865348816,-0.10544436424970627,0.3575388491153717,0.2861859202384949,0.3562752306461334
25t8nrkUfRY$_$1,Positive,Positive,0.3333333432674408,0.46050697565078735,0.08839885145425797,0.4061495065689087,0.5054515600204468
260011$_$20,Negative,Negative,-1.0,-1.9095139503479004,0.9624563455581665,0.031225575134158134,0.006318090949207544
260011$_$16,Neutral,Neutral,0.0,-0.3276479244232178,0.17430724203586578,0.7461134791374207,0.07957933843135834
260011$_$0,Neutral,Neutral,0.0,-0.2669162452220917,0.12793248891830444,0.8158287405967712,0.05623876303434372
260011$_$3,Positive,Positive,2.3333332538604736,1.307493805885315,0.022425439208745956,0.18679821491241455,0.7907763719558716
261267$_$11,Negative,Negative,-1.0,-1.5783870220184326,0.9565755724906921,0.025276657193899155,0.018147757276892662
261267$_$12,Negative,Negative,-1.3333333730697632,-0.31691235303878784,0.7336532473564148,0.06079278886318207,0.20555396378040314
261267$_$15,Negative,Negative,-0.6666666865348816,-1.0080922842025757,0.8014914989471436,0.12558645009994507,0.07292202860116959
261267$_$16,Negative,Negative,-2.3333332538604736,-2.3019042015075684,0.9927062392234802,0.004194512963294983,0.0030992187093943357
261267$_$19,Negative,Negative,-1.3333333730697632,-1.417205810546875,0.8606579303741455,0.10297225415706635,0.03636978566646576
261267$_$18,Negative,Negative,-1.3333333730697632,-1.0331697463989258,0.8843826055526733,0.04511144384741783,0.07050599902868271
261267$_$2,Negative,Negative,-1.3333333730697632,-2.0012753009796143,0.9256026148796082,0.06724955141544342,0.0071478006429970264
261267$_$4,Positive,Positive,0.3333333432674408,0.7133704423904419,0.29387229681015015,0.29431894421577454,0.41180872917175293
261267$_$8,Negative,Negative,-1.3333333730697632,-1.2539966106414795,0.9292416572570801,0.03700500354170799,0.03375330567359924
261326$_$0,Positive,Positive,0.3333333432674408,0.2597880959510803,0.08151103556156158,0.36812010407447815,0.5503689050674438
261326$_$3,Negative,Negative,-1.3333333730697632,-1.0312691926956177,0.7188597321510315,0.19747105240821838,0.08366917073726654
261900$_$24,Negative,Negative,-1.6666666269302368,-1.3856887817382812,0.8931811451911926,0.091718889772892,0.015100069344043732
261900$_$27,Negative,Negative,-0.6666666865348816,-0.9558153748512268,0.8138145804405212,0.10226145386695862,0.08392395079135895
261900$_$7,Neutral,Neutral,0.0,0.7049680948257446,0.019962599501013756,0.8360855579376221,0.14395175874233246
261900$_$9,Neutral,Neutral,0.0,-0.8534723520278931,0.4265739917755127,0.513037919998169,0.06038809195160866
261900$_$8,Neutral,Neutral,0.0,0.1895269900560379,0.06257635354995728,0.7827688455581665,0.15465481579303741
261900$_$30,Negative,Negative,-1.6666666269302368,-1.652977705001831,0.9456526041030884,0.04252322018146515,0.011824220418930054
261900$_$36,Negative,Negative,-0.3333333432674408,-1.0673840045928955,0.8110813498497009,0.1554587185382843,0.03345988318324089
261900$_$34,Positive,Neutral,0.3333333432674408,0.4236941635608673,0.05390799790620804,0.47357696294784546,0.4725150465965271
261900$_$33,Positive,Positive,1.6666666269302368,0.38125455379486084,0.15936042368412018,0.3307967483997345,0.5098428726196289
261902$_$0,Neutral,Neutral,0.0,0.49654045701026917,0.029847213998436928,0.654039740562439,0.3161129355430603
261902$_$10,Positive,Positive,0.6666666865348816,0.9193602800369263,0.09169205278158188,0.2876267731189728,0.6206811666488647
261902$_$15,Positive,Positive,1.3333333730697632,1.2366818189620972,0.060334984213113785,0.3976695239543915,0.5419955253601074
261902$_$18,Positive,Negative,0.3333333432674408,-0.4721478223800659,0.6602829098701477,0.2047496736049652,0.1349673718214035
262165$_$22,Negative,Negative,-0.6666666865348816,-0.5821353197097778,0.641833484172821,0.2912093698978424,0.06695710122585297
262165$_$2,Neutral,Neutral,0.0,-0.1462925672531128,0.17347246408462524,0.7065313458442688,0.11999619752168655
262165$_$4,Negative,Neutral,-0.6666666865348816,-0.6937255859375,0.417059063911438,0.47738853096961975,0.10555244982242584
262165$_$7,Neutral,Neutral,0.0,0.05034975707530975,0.1519407331943512,0.6690217852592468,0.17903746664524078
262165$_$6,Negative,Negative,-0.3333333432674408,-1.1934210062026978,0.8881174921989441,0.060419321060180664,0.051463186740875244
262165$_$8,Negative,Neutral,-1.3333333730697632,-0.08330507576465607,0.2874099016189575,0.5087755918502808,0.2038145214319229
262165$_$13,Negative,Negative,-0.3333333432674408,-1.1990220546722412,0.9428381323814392,0.04485233873128891,0.012309533543884754
262165$_$15,Neutral,Neutral,0.0,-0.26286059617996216,0.0883987545967102,0.8047977089881897,0.1068035140633583
262165$_$17,Negative,Negative,-2.0,-2.5394129753112793,0.9943329095840454,0.0036579531151801348,0.0020091640762984753
262165$_$19,Negative,Negative,-0.3333333432674408,-1.1029713153839111,0.8004647493362427,0.14867843687534332,0.0508568175137043
262165$_$18,Negative,Negative,-2.0,-0.6822386980056763,0.7429116368293762,0.08322705328464508,0.1738612949848175
264418$_$10,Negative,Negative,-2.3333332538604736,-1.7217274904251099,0.8993186950683594,0.07491966336965561,0.025761635974049568
264418$_$13,Negative,Neutral,-1.3333333730697632,-0.1627967357635498,0.3532484769821167,0.4291146993637085,0.2176368683576584
264418$_$15,Negative,Negative,-1.3333333730697632,-1.841717004776001,0.9429400563240051,0.049887515604496,0.007172363810241222
264418$_$4,Negative,Negative,-2.0,-2.450777053833008,0.9917412996292114,0.006134883966296911,0.002123805694282055
264418$_$6,Negative,Negative,-0.6666666865348816,-1.8596656322479248,0.9278637170791626,0.061607930809259415,0.01052831020206213
264446$_$23,Negative,Negative,-0.3333333432674408,-0.5316889882087708,0.4759984314441681,0.4568355679512024,0.06716601550579071
264446$_$44,Negative,Negative,-1.0,-0.7733198404312134,0.515393853187561,0.38668131828308105,0.09792478382587433
264446$_$43,Negative,Negative,-2.0,-1.0732533931732178,0.854729175567627,0.08594122529029846,0.0593295618891716
264446$_$2,Neutral,Neutral,0.0,0.005033842287957668,0.1616930067539215,0.6340311169624329,0.20427589118480682
264446$_$38,Neutral,Negative,0.0,-1.1233054399490356,0.741428554058075,0.2284853458404541,0.030086057260632515
264446$_$15,Neutral,Negative,0.0,-0.0714266449213028,0.4083603322505951,0.4002760946750641,0.19136357307434082
264446$_$14,Neutral,Neutral,0.0,-0.5229634046554565,0.3221897482872009,0.6236714124679565,0.05413884297013283
265959$_$11,Negative,Negative,-2.3333332538604736,-2.175767421722412,0.9858954548835754,0.007640542928129435,0.006464001256972551
265959$_$15,Negative,Negative,-2.6666667461395264,-1.5604052543640137,0.7239236831665039,0.25309300422668457,0.022983355447649956
265959$_$16,Negative,Negative,-2.3333332538604736,-1.7070775032043457,0.9171441197395325,0.07491061091423035,0.007945247925817966
265959$_$0,Neutral,Neutral,0.0,-0.7767096757888794,0.42753857374191284,0.48708000779151917,0.08538146317005157
265959$_$2,Negative,Negative,-2.6666667461395264,-2.0409557819366455,0.976647138595581,0.01604684628546238,0.007306079380214214
265959$_$5,Negative,Negative,-2.0,-2.231826066970825,0.9744940996170044,0.022165516391396523,0.0033403774723410606
265959$_$7,Negative,Negative,-1.6666666269302368,-1.2421228885650635,0.8779453635215759,0.08461851626634598,0.03743616119027138
265959$_$9,Negative,Negative,-2.0,-2.194995880126953,0.9733326435089111,0.0198780819773674,0.006789301987737417
266366$_$14,Negative,Negative,-2.0,-2.2780137062072754,0.9841768741607666,0.011123568750917912,0.00469961017370224
266366$_$16,Negative,Negative,-2.0,-2.3517322540283203,0.9923276305198669,0.005985183175653219,0.0016870717518031597
266366$_$1,Neutral,Neutral,0.0,-0.07992027699947357,0.05845177546143532,0.7942367196083069,0.1473114937543869
266366$_$0,Positive,Neutral,0.3333333432674408,0.055960915982723236,0.08135639131069183,0.7407853603363037,0.17785826325416565
266366$_$7,Negative,Negative,-1.3333333730697632,-0.940782904624939,0.5530976057052612,0.33236125111579895,0.11454113572835922
266366$_$8,Negative,Negative,-2.3333332538604736,-1.41481351852417,0.9092794060707092,0.06781379878520966,0.02290681004524231
266396$_$55,Negative,Negative,-2.6666667461395264,-2.3254928588867188,0.9867467880249023,0.010893397964537144,0.0023597469553351402
266396$_$82,Neutral,Neutral,0.0,-0.48012587428092957,0.2945581376552582,0.5576609969139099,0.14778082072734833
266396$_$80,Negative,Neutral,-0.6666666865348816,0.10827857255935669,0.21399323642253876,0.4992706775665283,0.28673607110977173
266396$_$87,Neutral,Neutral,0.0,-0.009641692042350769,0.14333957433700562,0.6710212230682373,0.18563923239707947
266396$_$85,Negative,Negative,-1.0,-1.5246180295944214,0.9312517642974854,0.04497803375124931,0.023770147934556007
266396$_$33,Negative,Negative,-1.0,-1.4882481098175049,0.9204152226448059,0.04617822542786598,0.033406563103199005
266396$_$91,Negative,Negative,-3.0,-2.0499267578125,0.9736393690109253,0.020833605900406837,0.00552700599655509
266396$_$93,Negative,Negative,-1.0,-1.6474517583847046,0.971364438533783,0.0173824280500412,0.011253193952143192
266396$_$10,Negative,Positive,-1.0,0.057263270020484924,0.3443402945995331,0.1801934689283371,0.4754662811756134
266396$_$18,Neutral,Negative,0.0,-0.45000702142715454,0.4320710301399231,0.2628927528858185,0.30503618717193604
266396$_$44,Negative,Negative,-0.6666666865348816,-0.037903957068920135,0.46912288665771484,0.11418045312166214,0.41669654846191406
266396$_$45,Negative,Negative,-2.3333332538604736,-1.3352854251861572,0.7934905290603638,0.10560604929924011,0.10090342164039612
266396$_$43,Negative,Negative,-3.0,-1.6005553007125854,0.9520046710968018,0.02369198016822338,0.024303387850522995
266396$_$74,Negative,Negative,-1.0,-1.7837870121002197,0.9553465843200684,0.03349331021308899,0.011160003021359444
266852$_$25,Positive,Neutral,0.3333333432674408,0.07521180808544159,0.11251774430274963,0.6483052968978882,0.239176943898201
266852$_$20,Neutral,Positive,0.0,0.23399928212165833,0.19795486330986023,0.3313653767108917,0.47067970037460327
266852$_$2,Neutral,Neutral,0.0,-0.30261749029159546,0.06658479571342468,0.811733067035675,0.12168211489915848
266852$_$13,Neutral,Neutral,0.0,-0.3042873740196228,0.1362150013446808,0.7912558913230896,0.07252905517816544
266938$_$42,Negative,Negative,-3.0,-1.5094709396362305,0.8674951791763306,0.09350346028804779,0.03900139406323433
266938$_$43,Negative,Neutral,-1.3333333730697632,-0.4039660692214966,0.21740828454494476,0.6138706207275391,0.1687210500240326
266938$_$23,Negative,Negative,-2.3333332538604736,-1.587318778038025,0.882358968257904,0.09746617823839188,0.020174825564026833
266938$_$25,Negative,Negative,-1.6666666269302368,-1.3601415157318115,0.8054066300392151,0.129453644156456,0.06513971090316772
266938$_$20,Negative,Negative,-0.6666666865348816,-0.8163555264472961,0.6004287600517273,0.30707046389579773,0.09250079095363617
266938$_$49,Negative,Negative,-3.0,-2.3623123168945312,0.9848089814186096,0.012388601899147034,0.002802459057420492
266938$_$29,Negative,Negative,-0.6666666865348816,-1.1977083683013916,0.8684218525886536,0.08752656728029251,0.04405155032873154
266938$_$0,Positive,Positive,0.3333333432674408,0.49463599920272827,0.02508648671209812,0.443342387676239,0.5315711498260498
266938$_$8,Negative,Negative,-2.6666667461395264,-1.695718765258789,0.9702898859977722,0.013941187411546707,0.015768956393003464
266938$_$38,Negative,Negative,-1.6666666269302368,-1.9387848377227783,0.964414119720459,0.028735650703310966,0.006850162521004677
266938$_$10,Negative,Negative,-1.6666666269302368,-1.6662144660949707,0.8995773196220398,0.07562658190727234,0.024796126410365105
266938$_$15,Negative,Negative,-0.6666666865348816,0.022340945899486542,0.6936343908309937,0.055051565170288086,0.25131410360336304
266938$_$16,Neutral,Neutral,0.0,-0.12161913514137268,0.1413382738828659,0.5278494954109192,0.3308123052120209
266938$_$54,Negative,Negative,-3.0,-1.5090276002883911,0.8381456732749939,0.12024819105863571,0.04160614684224129
267252$_$10,Negative,Neutral,-0.3333333432674408,-0.5773397088050842,0.43597519397735596,0.45513081550598145,0.1088939979672432
267252$_$13,Positive,Negative,0.3333333432674408,-0.36298972368240356,0.6276083588600159,0.19180600345134735,0.18058566749095917
267255$_$10,Negative,Negative,-0.6666666865348816,-1.1403210163116455,0.7779967188835144,0.13258765637874603,0.08941564708948135
267255$_$13,Negative,Negative,-2.0,-2.0412538051605225,0.9869157075881958,0.00856978353112936,0.004514431580901146
267255$_$15,Negative,Negative,-2.0,-2.1225624084472656,0.9756966829299927,0.016984980553388596,0.0073183076456189156
267255$_$16,Positive,Positive,0.6666666865348816,0.7524603009223938,0.14315345883369446,0.23402638733386993,0.6228201985359192
267255$_$3,Neutral,Negative,0.0,-0.7323363423347473,0.5317174792289734,0.32842880487442017,0.13985376060009003
267255$_$7,Negative,Negative,-0.3333333432674408,-0.8839683532714844,0.5879349708557129,0.3384687006473541,0.07359633594751358
267255$_$9,Negative,Negative,-0.3333333432674408,-1.4880375862121582,0.9446538090705872,0.03980635479092598,0.015539856627583504
267278$_$1,Neutral,Neutral,0.0,-0.3938613533973694,0.18849939107894897,0.5612707138061523,0.2502298355102539
267278$_$4,Positive,Positive,2.3333332538604736,0.6218977570533752,0.12962386012077332,0.3596093952655792,0.5107668042182922
267278$_$9,Positive,Positive,1.3333333730697632,0.22735720872879028,0.3556043803691864,0.1670336127281189,0.4773620069026947
267278$_$11,Negative,Negative,-1.0,-0.9518256783485413,0.7974366545677185,0.1461302936077118,0.056432973593473434
267278$_$14,Negative,Neutral,-0.6666666865348816,-0.06003604829311371,0.1847316026687622,0.5934321284294128,0.22183619439601898
267278$_$19,Negative,Negative,-2.3333332538604736,-0.8463709354400635,0.5330997109413147,0.35094159841537476,0.11595860868692398
267799$_$2,Negative,Negative,-2.0,-2.318081855773926,0.9822773337364197,0.014941317029297352,0.0027814179193228483
267799$_$6,Positive,Positive,2.0,0.9376813173294067,0.24588945508003235,0.061019837856292725,0.6930907368659973
268836$_$2,Negative,Negative,-2.6666667461395264,-2.262754440307617,0.9880399107933044,0.007338904310017824,0.004621247760951519
268836$_$7,Positive,Neutral,0.3333333432674408,0.02353041246533394,0.32536861300468445,0.3785823583602905,0.2960490584373474
268836$_$6,Neutral,Neutral,0.0,-0.23102465271949768,0.1237773448228836,0.7917025685310364,0.0845201164484024
268836$_$12,Neutral,Neutral,0.0,0.03803730756044388,0.05971326678991318,0.797231137752533,0.1430554986000061
268836$_$15,Negative,Positive,-0.3333333432674408,-0.022338397800922394,0.28164583444595337,0.333179771900177,0.385174423456192
268836$_$18,Neutral,Neutral,0.0,-0.524742841720581,0.23273161053657532,0.5193403959274292,0.24792809784412384
268836$_$34,Negative,Positive,-1.0,0.792670488357544,0.04226624593138695,0.07943793386220932,0.8782958388328552
270416$_$11,Negative,Negative,-2.0,-1.260164737701416,0.9184248447418213,0.026090146973729134,0.05548502504825592
270416$_$13,Negative,Negative,-1.6666666269302368,-1.249254584312439,0.8905866146087646,0.040572527796030045,0.06884090602397919
270444$_$5,Negative,Negative,-1.6666666269302368,-2.214447259902954,0.9793930053710938,0.01723881997168064,0.003368161618709564
270449$_$10,Negative,Negative,-2.0,-2.3118529319763184,0.9879468083381653,0.009978950954973698,0.0020742237102240324
270449$_$4,Negative,Negative,-1.6666666269302368,-1.9965450763702393,0.9854353666305542,0.009682728908956051,0.0048819491639733315
270628$_$24,Negative,Negative,-2.0,-2.0104153156280518,0.9810861349105835,0.011309118941426277,0.007604699581861496
270628$_$26,Positive,Negative,0.6666666865348816,-0.6717015504837036,0.7587581276893616,0.15010112524032593,0.09114079922437668
270628$_$21,Positive,Positive,0.3333333432674408,1.0537238121032715,0.12960055470466614,0.13061481714248657,0.7397847175598145
270628$_$22,Negative,Negative,-0.6666666865348816,-1.0481630563735962,0.7885618209838867,0.16975447535514832,0.04168369621038437
270628$_$0,Neutral,Neutral,0.0,0.3954305648803711,0.029519004747271538,0.6768483519554138,0.2936326563358307
270628$_$14,Negative,Negative,-1.6666666269302368,-1.9333502054214478,0.9638176560401917,0.027432803064584732,0.008749527856707573
270665$_$25,Negative,Negative,-2.3333332538604736,-0.520813524723053,0.7405930161476135,0.05955637991428375,0.1998506635427475
270665$_$20,Neutral,Neutral,0.0,0.5455294251441956,0.04573562741279602,0.47786664962768555,0.47639769315719604
270665$_$22,Negative,Negative,-1.0,-1.3024051189422607,0.7789416313171387,0.17864097654819489,0.042417436838150024
270665$_$0,Neutral,Neutral,0.0,0.6686325073242188,0.038417257368564606,0.63625168800354,0.32533109188079834
270665$_$6,Negative,Negative,-0.3333333432674408,-0.9210805892944336,0.8598647117614746,0.10927853733301163,0.030856743454933167
270665$_$9,Negative,Negative,-0.3333333432674408,-1.6086355447769165,0.9346604347229004,0.04742254316806793,0.01791704073548317
270665$_$13,Negative,Negative,-2.0,-2.076519250869751,0.9907111525535583,0.00544118182733655,0.0038476292975246906
270956$_$3,Negative,Negative,-2.6666667461395264,-2.4232840538024902,0.9943501353263855,0.003415854647755623,0.0022340905852615833
270956$_$9,Negative,Negative,-2.0,-0.8879499435424805,0.8711876273155212,0.05137886106967926,0.07743346691131592
270956$_$8,Negative,Negative,-2.0,-2.1109814643859863,0.9864620566368103,0.005879691801965237,0.007658305577933788
271366$_$26,Negative,Negative,-1.6666666269302368,-1.4324924945831299,0.9396296143531799,0.010455828160047531,0.0499146431684494
271366$_$21,Negative,Negative,-1.6666666269302368,-2.247232437133789,0.981543779373169,0.011143815703690052,0.007312336005270481
271366$_$41,Negative,Negative,-2.6666667461395264,-0.9612234830856323,0.8604127764701843,0.0804603323340416,0.059126898646354675
271366$_$3,Negative,Negative,-3.0,-1.3940637111663818,0.9078314900398254,0.07208451628684998,0.020084017887711525
271366$_$5,Negative,Negative,-1.6666666269302368,-1.7229580879211426,0.9212055206298828,0.06408156454563141,0.014712955802679062
271366$_$7,Negative,Negative,-2.0,-1.2477198839187622,0.878338634967804,0.09147251397371292,0.030188903212547302
271366$_$38,Positive,Positive,1.0,1.0057886838912964,0.1331930011510849,0.12451650947332382,0.7422904968261719
271366$_$13,Negative,Negative,-2.0,-2.2131540775299072,0.9868279695510864,0.010718966834247112,0.0024530752561986446
271366$_$17,Negative,Negative,-2.6666667461395264,-1.3999500274658203,0.7434923648834229,0.21526357531547546,0.04124407842755318
271366$_$35,Negative,Negative,-0.6666666865348816,-1.7625514268875122,0.9740173816680908,0.010775282979011536,0.015207299031317234
271366$_$34,Negative,Negative,-1.0,-1.5737063884735107,0.9354889392852783,0.05040537938475609,0.014105651527643204
271594$_$24,Negative,Neutral,-0.6666666865348816,-0.20714661478996277,0.3173254430294037,0.5409454107284546,0.14172913134098053
271594$_$23,Negative,Negative,-0.3333333432674408,-0.6351141333580017,0.7362895011901855,0.1459498554468155,0.11776067316532135
271594$_$37,Negative,Negative,-1.6666666269302368,-1.9569664001464844,0.966056764125824,0.02914580889046192,0.004797495435923338
271594$_$34,Negative,Negative,-3.0,-1.5915825366973877,0.9536305069923401,0.022119224071502686,0.02425026334822178
271598$_$28,Negative,Negative,-2.0,-2.089488983154297,0.9736388921737671,0.019587555900216103,0.0067735109478235245
271598$_$10,Neutral,Neutral,0.0,0.1036163717508316,0.10206158459186554,0.6731396317481995,0.22479873895645142
271598$_$13,Neutral,Neutral,0.0,-0.7455940246582031,0.25188568234443665,0.6808395385742188,0.06727477163076401
271598$_$17,Negative,Negative,-2.0,-1.614133358001709,0.8914193511009216,0.08841101080179214,0.020169761031866074
271598$_$16,Negative,Neutral,-0.3333333432674408,-0.2632881999015808,0.3522211015224457,0.44884929060935974,0.1989295929670334
272375$_$11,Negative,Neutral,-0.3333333432674408,-0.10885103791952133,0.12421740591526031,0.7520450353622437,0.12373761832714081
272375$_$18,Negative,Negative,-1.3333333730697632,-1.3198622465133667,0.7625835537910461,0.19173401594161987,0.045682393014431
272375$_$0,Neutral,Neutral,0.0,0.3201023042201996,0.13161350786685944,0.539243221282959,0.3291432559490204
273171$_$15,Positive,Negative,0.3333333432674408,0.2120555341243744,0.6791405081748962,0.05194944143295288,0.2689099907875061
273171$_$1,Positive,Neutral,0.3333333432674408,0.3855206072330475,0.0546710342168808,0.641778826713562,0.30355018377304077
273237$_$23,Negative,Negative,-2.6666667461395264,-2.008892059326172,0.9714270830154419,0.017198285087943077,0.011374594643712044
273237$_$1,Negative,Negative,-2.6666667461395264,-1.0151065587997437,0.6930124759674072,0.22701196372509003,0.07997557520866394
273237$_$3,Negative,Negative,-2.0,-1.8164067268371582,0.9422799944877625,0.03485788777470589,0.022862153127789497
273237$_$11,Neutral,Negative,0.0,-1.1165962219238281,0.7091538906097412,0.2770638167858124,0.013782322406768799
273237$_$13,Negative,Negative,-2.0,-0.9819649457931519,0.7918030023574829,0.1320393979549408,0.07615762203931808
273237$_$12,Negative,Negative,-3.0,-2.382826566696167,0.9909137487411499,0.00606042193248868,0.003025804413482547
273237$_$14,Negative,Negative,-2.3333332538604736,-2.1335818767547607,0.9822760224342346,0.012441040016710758,0.005282930564135313
273237$_$17,Negative,Negative,-2.6666667461395264,-1.9719997644424438,0.9790199398994446,0.00850272923707962,0.012477295473217964
273314$_$1,Positive,Neutral,0.3333333432674408,0.0017696877475827932,0.1629873663187027,0.6508294343948364,0.18618322908878326
273314$_$4,Negative,Positive,-0.3333333432674408,1.2104642391204834,0.06274019926786423,0.16786466538906097,0.7693951725959778
273531$_$2,Negative,Negative,-0.6666666865348816,-0.6483741998672485,0.673271119594574,0.24104806780815125,0.08568079024553299
273531$_$7,Negative,Negative,-0.3333333432674408,-1.2264630794525146,0.8652423620223999,0.10954643785953522,0.02521117590367794
273531$_$10,Negative,Negative,-2.0,-1.1272629499435425,0.7285767197608948,0.17906872928142548,0.09235454350709915
273531$_$19,Negative,Negative,-1.6666666269302368,-1.4848397970199585,0.9131211042404175,0.06224299967288971,0.02463592402637005
274219$_$11,Negative,Neutral,-1.0,-0.4166451692581177,0.3919176459312439,0.5048841238021851,0.10319823771715164
274219$_$3,Positive,Neutral,0.3333333432674408,0.16119006276130676,0.25099748373031616,0.5561975240707397,0.19280500710010529
274219$_$2,Neutral,Neutral,0.0,-0.030434394255280495,0.3140060305595398,0.5615742802619934,0.12441971153020859
274219$_$4,Negative,Negative,-2.0,-2.299959421157837,0.9935348033905029,0.004062755033373833,0.0024023817386478186
275248$_$0,Negative,Negative,-2.0,-0.10522513091564178,0.4206569492816925,0.21061378717422485,0.36872929334640503
275620$_$3,Positive,Positive,2.6666667461395264,1.3085429668426514,0.18075692653656006,0.11268366128206253,0.706559419631958
275620$_$4,Positive,Positive,1.6666666269302368,1.8110313415527344,0.015894431620836258,0.10812783986330032,0.8759777545928955
275620$_$12,Negative,Negative,-0.6666666865348816,-0.4029347598552704,0.6338576078414917,0.1956670582294464,0.1704752892255783
275620$_$19,Positive,Positive,0.6666666865348816,0.9089438915252686,0.025682274252176285,0.2562292218208313,0.7180885076522827
276217$_$24,Neutral,Neutral,0.0,0.29351159930229187,0.2439493089914322,0.44391995668411255,0.31213077902793884
276217$_$22,Neutral,Neutral,0.0,0.02016071043908596,0.06051883101463318,0.8512876629829407,0.08819355815649033
276217$_$6,Neutral,Neutral,0.0,0.32708504796028137,0.036472074687480927,0.6902456879615784,0.2732822299003601
276217$_$9,Neutral,Neutral,0.0,-0.3920396566390991,0.3707563579082489,0.5254910588264465,0.10375254601240158
276217$_$38,Negative,Neutral,-0.3333333432674408,-0.15714578330516815,0.35395702719688416,0.44417884945869446,0.2018640786409378
276217$_$12,Neutral,Neutral,0.0,-0.18850623071193695,0.3269556164741516,0.5072743892669678,0.165770024061203
276217$_$32,Negative,Negative,-1.6666666269302368,-0.9818993806838989,0.8050540685653687,0.1322626769542694,0.06268320232629776
276217$_$36,Negative,Negative,-0.6666666865348816,-0.9966328740119934,0.7949655055999756,0.16000241041183472,0.04503212496638298
276217$_$19,Positive,Positive,0.6666666865348816,0.7368312478065491,0.026052352041006088,0.43343573808670044,0.540511965751648
276217$_$18,Neutral,Neutral,0.0,-0.06261761486530304,0.05433737859129906,0.8685473799705505,0.07711517065763474
27798$_$11,Negative,Negative,-2.3333332538604736,-2.147174119949341,0.9876229763031006,0.006851000711321831,0.005525910761207342
27798$_$12,Negative,Negative,-1.3333333730697632,-1.4444458484649658,0.8765876293182373,0.082376629114151,0.04103568196296692
27798$_$15,Negative,Negative,-2.0,-2.16514253616333,0.982812225818634,0.011230872012674809,0.0059568630531430244
27798$_$5,Negative,Negative,-1.3333333730697632,-0.792984127998352,0.5038535594940186,0.31193891167640686,0.1842075139284134
278474$_$3,Negative,Negative,-2.3333332538604736,-1.6138904094696045,0.9102551937103271,0.06424307823181152,0.02550162933766842
278474$_$4,Negative,Negative,-3.0,-2.46144700050354,0.995612621307373,0.0024728572461754084,0.0019145653350278735
27ubp7CLLKQ$_$14,Positive,Neutral,0.3333333432674408,0.3653765320777893,0.07912556082010269,0.5199063420295715,0.4009680151939392
282560$_$15,Negative,Negative,-0.6666666865348816,-1.8521347045898438,0.9598694443702698,0.0343439020216465,0.005786691326647997
282560$_$1,Neutral,Neutral,0.0,-0.13095462322235107,0.0682503804564476,0.8000146746635437,0.1317349225282669
282560$_$3,Positive,Neutral,0.3333333432674408,0.19491858780384064,0.09690780192613602,0.73748779296875,0.16560442745685577
282560$_$5,Negative,Negative,-1.3333333730697632,-1.9750447273254395,0.9797001481056213,0.013870793394744396,0.006429025903344154
282560$_$4,Positive,Neutral,0.6666666865348816,0.695936918258667,0.04254944622516632,0.6658942103385925,0.29155629873275757
282560$_$7,Positive,Positive,1.6666666269302368,1.1263171434402466,0.09282047301530838,0.10951412469148636,0.7976653575897217
282560$_$6,Negative,Negative,-1.0,-1.254014492034912,0.8009713888168335,0.18006175756454468,0.018966902047395706
282560$_$9,Negative,Negative,-1.6666666269302368,-1.6328175067901611,0.9585341811180115,0.020714161917567253,0.020751705393195152
282586$_$25,Positive,Positive,0.3333333432674408,0.787753701210022,0.0856199711561203,0.26760056614875793,0.646779477596283
282586$_$22,Negative,Negative,-1.6666666269302368,-1.4393072128295898,0.7957896590232849,0.1839720457792282,0.020238345488905907
282586$_$3,Neutral,Negative,0.0,-0.685542643070221,0.6154264807701111,0.30305078625679016,0.08152279257774353
282586$_$4,Negative,Neutral,-1.6666666269302368,-0.4410397410392761,0.1600629985332489,0.7853675484657288,0.05456943437457085
282586$_$12,Neutral,Neutral,0.0,0.5022571682929993,0.04731355607509613,0.7788646817207336,0.17382177710533142
282586$_$16,Negative,Neutral,-0.3333333432674408,-0.24212580919265747,0.42928627133369446,0.47080233693122864,0.0999113991856575
283495$_$7,Negative,Negative,-1.3333333730697632,-1.1010959148406982,0.7782484292984009,0.1759895384311676,0.0457620769739151
284673$_$14,Neutral,Neutral,0.0,-0.2821069359779358,0.1406095325946808,0.7303619384765625,0.12902845442295074
284673$_$18,Negative,Negative,-1.0,-0.7980329990386963,0.5562589764595032,0.2427574098110199,0.20098361372947693
284673$_$5,Neutral,Neutral,0.0,-0.47284215688705444,0.3989841043949127,0.447832852602005,0.15318313241004944
284673$_$8,Negative,Negative,-1.3333333730697632,-1.168092966079712,0.8034679293632507,0.14770196378231049,0.04882998391985893
288714$_$15,Negative,Negative,-1.6666666269302368,-0.07493629306554794,0.586734414100647,0.2281835377216339,0.18508194386959076
288714$_$17,Negative,Negative,-2.3333332538604736,-2.065746784210205,0.9775420427322388,0.012066508643329144,0.010391391813755035
288714$_$5,Negative,Negative,-1.6666666269302368,-2.1009764671325684,0.9834189414978027,0.012805751524865627,0.003775213845074177
288714$_$8,Negative,Negative,-1.3333333730697632,-0.9324901103973389,0.5612401366233826,0.3486310839653015,0.09012875705957413
288766$_$21,Negative,Negative,-1.0,-1.9167855978012085,0.9887278079986572,0.00458863889798522,0.006683523766696453
288766$_$2,Neutral,Negative,0.0,-0.6425150632858276,0.7420760989189148,0.19293971359729767,0.06498418003320694
288766$_$7,Negative,Negative,-1.6666666269302368,-2.2684412002563477,0.9950965046882629,0.002658979734405875,0.0022444911301136017
288766$_$17,Negative,Negative,-0.3333333432674408,-0.9748136401176453,0.848891019821167,0.112704798579216,0.038404177874326706
290088$_$4,Negative,Negative,-1.6666666269302368,-2.172056198120117,0.9792150259017944,0.013913117349147797,0.006871815305203199
29044$_$12,Positive,Negative,0.3333333432674408,-0.9079012870788574,0.5507891774177551,0.3598889410495758,0.08932197839021683
29044$_$3,Positive,Positive,0.3333333432674408,0.1685551404953003,0.32762643694877625,0.3073013126850128,0.3650722801685333
29044$_$2,Negative,Negative,-0.3333333432674408,-0.18237192928791046,0.5803422927856445,0.281462162733078,0.13819551467895508
29044$_$4,Negative,Negative,-1.3333333730697632,-2.3494741916656494,0.9893999695777893,0.006921489257365465,0.003678540699183941
291121$_$7,Negative,Negative,-0.3333333432674408,-0.2935117781162262,0.7572094202041626,0.06652940064668655,0.17626115679740906
292277$_$10,Negative,Negative,-2.3333332538604736,-2.0259933471679688,0.9779437780380249,0.014407066628336906,0.007649160455912352
292277$_$2,Negative,Negative,-2.3333332538604736,-2.34616756439209,0.9908666610717773,0.005904553458094597,0.003228764282539487
292277$_$5,Negative,Neutral,-0.3333333432674408,-0.0533800832927227,0.11616136878728867,0.7393407821655273,0.1444978415966034
292277$_$4,Neutral,Neutral,0.0,-0.2067977786064148,0.2823907434940338,0.5745187401771545,0.14309045672416687
294178$_$11,Negative,Negative,-0.6666666865348816,-1.5334324836730957,0.7620558738708496,0.21295194327831268,0.02499219961464405
294178$_$14,Positive,Neutral,0.3333333432674408,-0.14148184657096863,0.4033266603946686,0.4859858751296997,0.1106875091791153
294178$_$1,Positive,Neutral,0.3333333432674408,0.10725812613964081,0.09663482755422592,0.5915639996528625,0.31180110573768616
294178$_$0,Neutral,Positive,0.0,0.24679410457611084,0.02905360423028469,0.38366153836250305,0.5872848629951477
294178$_$3,Negative,Negative,-0.3333333432674408,-0.8234556913375854,0.698678731918335,0.2535991966724396,0.04772206395864487
294178$_$7,Negative,Negative,-1.3333333730697632,-2.094736099243164,0.983516275882721,0.012038713321089745,0.004444912541657686
295793$_$14,Negative,Negative,-1.6666666269302368,-2.074932336807251,0.9737868309020996,0.017146749421954155,0.009066447615623474
295793$_$3,Neutral,Negative,0.0,-0.3277159333229065,0.4002551734447479,0.36039403080940247,0.23935078084468842
295793$_$9,Negative,Negative,-2.6666667461395264,-2.257267951965332,0.9890802502632141,0.00796031765639782,0.002959450241178274
298736$_$26,Positive,Positive,1.0,0.7732129096984863,0.08485367894172668,0.21177445352077484,0.7033718228340149
298736$_$22,Positive,Positive,1.3333333730697632,1.5894761085510254,0.011696347035467625,0.15671449899673462,0.8315891623497009
298736$_$28,Negative,Negative,-0.3333333432674408,-1.1045643091201782,0.8380246162414551,0.12731283903121948,0.034662552177906036
298736$_$0,Positive,Neutral,0.3333333432674408,0.5536271929740906,0.02552681416273117,0.5528571605682373,0.4216160178184509
298736$_$7,Neutral,Neutral,0.0,-0.11286796629428864,0.11089333891868591,0.5540826916694641,0.33502396941185
298736$_$17,Positive,Neutral,0.3333333432674408,0.027194228023290634,0.2763430178165436,0.4041751027107239,0.31948187947273254
298736$_$16,Negative,Neutral,-0.3333333432674408,-0.731818675994873,0.4272766709327698,0.5043901801109314,0.06833317130804062
298736$_$32,Negative,Negative,-1.3333333730697632,-1.9058558940887451,0.9680624008178711,0.026463061571121216,0.005474588368088007
298774$_$12,Positive,Positive,2.3333332538604736,1.9159908294677734,0.018584534525871277,0.01133335754275322,0.9700820446014404
298774$_$15,Positive,Negative,0.6666666865348816,-0.27696824073791504,0.4303680658340454,0.27631622552871704,0.2933156490325928
298774$_$17,Negative,Positive,-0.3333333432674408,0.3320803940296173,0.27644434571266174,0.2947149872779846,0.42884066700935364
298774$_$1,Positive,Positive,2.6666667461395264,2.1748733520507812,0.0040744999423623085,0.019669117406010628,0.9762563705444336
298774$_$4,Positive,Positive,2.0,1.7115859985351562,0.019238747656345367,0.16744042932987213,0.8133208155632019
2Crezdbre6I$_$10,Positive,Neutral,0.3333333432674408,0.3712863624095917,0.1142866238951683,0.5935020446777344,0.2922113835811615
2HmBM3GGTlg$_$2,Positive,Positive,0.6666666865348816,1.5002174377441406,0.012689553201198578,0.13475798070430756,0.8525524735450745
2HmBM3GGTlg$_$5,Positive,Positive,2.0,0.9042751789093018,0.01809024251997471,0.3947105407714844,0.5871992111206055
2HmBM3GGTlg$_$7,Positive,Positive,1.0,0.6272039413452148,0.03312283009290695,0.408922404050827,0.5579547882080078
2JY5HXBWO84$_$20,Positive,Positive,0.6666666865348816,0.3969162106513977,0.21493664383888245,0.10833138227462769,0.6767319440841675
2JY5HXBWO84$_$14,Negative,Negative,-1.6666666269302368,-1.355804204940796,0.8860134482383728,0.07356052100658417,0.04042604938149452
2LpVvLemgvw$_$5,Positive,Positive,1.3333333730697632,1.2319179773330688,0.014396079815924168,0.20628978312015533,0.7793141007423401
2PgJok07td4$_$3,Positive,Positive,0.6666666865348816,0.12468563765287399,0.22174349427223206,0.38374561071395874,0.3945108950138092
2RDubrUjI-k$_$8,Positive,Positive,2.0,0.3495868444442749,0.2755584120750427,0.29600363969802856,0.4284379184246063
2RDubrUjI-k$_$4,Positive,Positive,2.3333332538604736,1.8879706859588623,0.009657997637987137,0.06417328864336014,0.92616868019104
2YwgSmmLibs$_$6,Negative,Negative,-1.0,-0.6046246290206909,0.6454232931137085,0.16844934225082397,0.18612731993198395
2ahFSMFvs_c$_$0,Negative,Neutral,-1.3333333730697632,-0.40656155347824097,0.4062982201576233,0.43054425716400146,0.16315756738185883
2c2fhh_Dsoo$_$4,Negative,Positive,-1.0,0.5659257173538208,0.059883132576942444,0.2804562449455261,0.6596606373786926
2c6Gb73nx4E$_$2,Neutral,Neutral,0.0,-0.29147887229919434,0.22251230478286743,0.613854169845581,0.1636335402727127
2cwNG0YuwtQ$_$23,Positive,Positive,0.6666666865348816,0.7892245054244995,0.017321398481726646,0.25597020983695984,0.7267084121704102
2cwNG0YuwtQ$_$1,Neutral,Negative,0.0,-0.45491617918014526,0.538587749004364,0.3433682918548584,0.1180439293384552
2cwNG0YuwtQ$_$15,Neutral,Neutral,0.0,0.08460819721221924,0.03791338950395584,0.7369357943534851,0.22515077888965607
2f6ZHqJ76EU$_$8,Positive,Positive,0.6666666865348816,1.0249963998794556,0.023634156212210655,0.21567854285240173,0.7606873512268066
2h9VVQUZjK0$_$12,Neutral,Neutral,0.0,0.25020408630371094,0.03336125984787941,0.7132436633110046,0.25339505076408386
2h9VVQUZjK0$_$8,Neutral,Neutral,0.0,-0.1299971491098404,0.1365891546010971,0.6169675588607788,0.24644328653812408
2lj0BaPsJpM$_$7,Neutral,Neutral,0.0,-0.324449360370636,0.15907126665115356,0.7028769850730896,0.13805168867111206
2mWPHvbKzL8$_$10,Positive,Positive,1.3333333730697632,0.6596195697784424,0.010660959407687187,0.35627540946006775,0.6330636143684387
2mWPHvbKzL8$_$15,Positive,Positive,0.6666666865348816,1.002939224243164,0.045644260942935944,0.20253923535346985,0.75181645154953
2mWPHvbKzL8$_$19,Positive,Positive,1.3333333730697632,1.4922990798950195,0.007463276386260986,0.0827532559633255,0.9097835421562195
2mWPHvbKzL8$_$3,Positive,Positive,0.3333333432674408,0.722565770149231,0.022064266726374626,0.32873648405075073,0.6491993069648743
2mWPHvbKzL8$_$2,Neutral,Neutral,0.0,0.2721218168735504,0.05524633452296257,0.5775015354156494,0.3672521114349365
2mWPHvbKzL8$_$4,Positive,Neutral,0.3333333432674408,0.2446669042110443,0.193658709526062,0.40466248989105225,0.4016788899898529
2mWPHvbKzL8$_$6,Positive,Positive,2.0,1.0929135084152222,0.025563832372426987,0.2053242325782776,0.7691119313240051
2qKajMu7Vhc$_$2,Positive,Positive,2.3333332538604736,1.0761327743530273,0.02591969072818756,0.2485666126012802,0.7255136966705322
2qKajMu7Vhc$_$4,Positive,Positive,1.3333333730697632,0.6674328446388245,0.06914739310741425,0.35221201181411743,0.5786405801773071
2vX-ZRQQDwo$_$3,Positive,Positive,1.6666666269302368,1.446212887763977,0.012621462345123291,0.1521967649459839,0.8351818323135376
2vX-ZRQQDwo$_$4,Positive,Positive,0.3333333432674408,0.9940093159675598,0.033436477184295654,0.143930584192276,0.8226329684257507
2w7rpDe-HoA$_$1,Negative,Negative,-0.3333333432674408,-0.7986747026443481,0.652658998966217,0.2925497889518738,0.05479120835661888
2w7rpDe-HoA$_$3,Negative,Negative,-2.0,-0.504269540309906,0.4764592945575714,0.38722196221351624,0.13631880283355713
2w7rpDe-HoA$_$5,Negative,Negative,-0.6666666865348816,-0.42789608240127563,0.4116040766239166,0.3856108486652374,0.20278507471084595
2w7rpDe-HoA$_$7,Positive,Positive,1.3333333730697632,1.3877695798873901,0.011038903146982193,0.06592041999101639,0.9230406284332275
30763$_$13,Positive,Positive,2.0,0.5737185478210449,0.3498913049697876,0.10589791089296341,0.5442107915878296
30763$_$15,Neutral,Negative,0.0,-0.4922296106815338,0.6217707991600037,0.28611236810684204,0.0921168401837349
30763$_$0,Neutral,Neutral,0.0,0.15167590975761414,0.06742757558822632,0.7583075165748596,0.1742648035287857
31197$_$3,Negative,Negative,-0.6666666865348816,-0.3429947793483734,0.6950290203094482,0.08069789409637451,0.22427308559417725
31tcuDMQ_H8$_$11,Positive,Neutral,0.6666666865348816,-0.13413691520690918,0.1604882776737213,0.6789442896842957,0.16056738793849945
31tcuDMQ_H8$_$1,Positive,Positive,1.6666666269302368,0.9917718172073364,0.06909844279289246,0.1348491758108139,0.7960523962974548
327283$_$3,Neutral,Negative,0.0,-1.5358905792236328,0.7703840732574463,0.2183394432067871,0.011276462115347385
327283$_$2,Positive,Neutral,0.3333333432674408,0.3267815113067627,0.24061749875545502,0.4479542076587677,0.31142833828926086
327283$_$6,Positive,Positive,2.6666667461395264,2.1619906425476074,0.007408225443214178,0.02735411562025547,0.9652376174926758
33312$_$0,Positive,Positive,0.3333333432674408,0.7128325700759888,0.0345366895198822,0.3162604570388794,0.649202823638916
33312$_$7,Negative,Neutral,-1.0,-0.4860122501850128,0.35858556628227234,0.5839108824729919,0.05750352516770363
33312$_$6,Positive,Neutral,0.3333333432674408,-0.028709767386317253,0.24929316341876984,0.61257004737854,0.1381368339061737
33312$_$8,Negative,Negative,-2.3333332538604736,-1.7955317497253418,0.9367208480834961,0.049906037747859955,0.013373116962611675
33439$_$10,Positive,Positive,1.3333333730697632,1.1331992149353027,0.13958649337291718,0.21295298635959625,0.6474605202674866
33439$_$0,Neutral,Neutral,0.0,0.36091846227645874,0.04118111729621887,0.8415340781211853,0.11728477478027344
33439$_$3,Positive,Positive,1.3333333730697632,1.290684461593628,0.16181056201457977,0.15274839103221893,0.6854410767555237
33439$_$2,Negative,Negative,-1.0,-1.4507548809051514,0.9316474795341492,0.046668604016304016,0.02168392390012741
33439$_$9,Neutral,Neutral,0.0,-0.1619727462530136,0.20841307938098907,0.62189781665802,0.1696891039609909
33ueXDUn3mA$_$11,Positive,Negative,0.3333333432674408,-1.0614558458328247,0.889394998550415,0.0705304741859436,0.04007461294531822
33ueXDUn3mA$_$1,Positive,Neutral,1.6666666269302368,0.16189172863960266,0.11890927702188492,0.4577578604221344,0.4233328104019165
34-ogj6rh6w$_$0,Positive,Positive,0.6666666865348816,1.364945888519287,0.008241173811256886,0.1608920842409134,0.8308666944503784
34-ogj6rh6w$_$2,Neutral,Neutral,0.0,-0.13485494256019592,0.2961914837360382,0.5600146651268005,0.14379389584064484
34-ogj6rh6w$_$7,Positive,Positive,0.6666666865348816,0.8386056423187256,0.012601543217897415,0.39847004413604736,0.5889284014701843
34-ogj6rh6w$_$8,Neutral,Neutral,0.0,0.26451224088668823,0.10325834155082703,0.495925635099411,0.40081608295440674
34346$_$11,Positive,Positive,2.0,0.11366960406303406,0.23351207375526428,0.3517001271247864,0.41478779911994934
34346$_$14,Neutral,Negative,0.0,-0.6954169273376465,0.6766296029090881,0.2561241090297699,0.06724628061056137
34346$_$1,Positive,Positive,2.3333332538604736,1.194507122039795,0.020826270803809166,0.12965960800647736,0.8495141267776489
34346$_$0,Neutral,Neutral,0.0,0.09821993112564087,0.0819840207695961,0.6768660545349121,0.24114994704723358
34346$_$7,Neutral,Neutral,0.0,-0.09158863872289658,0.1825699359178543,0.512403666973114,0.3050263524055481
36098$_$1,Neutral,Neutral,0.0,0.2303330898284912,0.044257525354623795,0.871064305305481,0.08467817306518555
36098$_$2,Neutral,Neutral,0.0,0.14138007164001465,0.06363928318023682,0.8221299052238464,0.11423084139823914
367506$_$10,Positive,Positive,1.6666666269302368,1.9095478057861328,0.022189345210790634,0.019909953698515892,0.9579007625579834
367506$_$13,Positive,Positive,2.6666667461395264,1.7017074823379517,0.012681311927735806,0.0228953268378973,0.9644232988357544
367506$_$15,Positive,Neutral,3.0,0.12576153874397278,0.23196598887443542,0.45480939745903015,0.3132246136665344
367506$_$14,Positive,Positive,2.3333332538604736,1.6051758527755737,0.0564764067530632,0.062156062573194504,0.881367564201355
367506$_$1,Neutral,Neutral,0.0,-0.0869787409901619,0.06084184721112251,0.7831937670707703,0.15596437454223633
367506$_$5,Neutral,Neutral,0.0,-0.3093484044075012,0.36910387873649597,0.4534895122051239,0.17740660905838013
367576$_$2,Positive,Positive,1.6666666269302368,0.7311303615570068,0.17221932113170624,0.33708328008651733,0.49069738388061523
367576$_$4,Neutral,Negative,0.0,-1.3417881727218628,0.9408398270606995,0.03653041645884514,0.022629769518971443
367576$_$9,Negative,Negative,-1.3333333730697632,-1.2094231843948364,0.931787371635437,0.029260853305459023,0.03895169124007225
36o2cux9kfQ$_$13,Positive,Positive,0.3333333432674408,0.4868156313896179,0.023927763104438782,0.4185492694377899,0.5575230121612549
37117$_$1,Positive,Neutral,0.3333333432674408,0.12248404324054718,0.22546513378620148,0.425029993057251,0.34950491786003113
37117$_$4,Negative,Negative,-2.0,-1.6780726909637451,0.9254825711250305,0.050745800137519836,0.023771662265062332
37117$_$6,Negative,Negative,-1.6666666269302368,-2.088172674179077,0.9894118905067444,0.005773298908025026,0.004814887419342995
37117$_$9,Negative,Negative,-2.0,-1.7526774406433105,0.929229199886322,0.05848389491438866,0.012286934070289135
37117$_$8,Negative,Negative,-1.6666666269302368,-1.9098889827728271,0.9705889225006104,0.018513964489102364,0.010897018946707249
37459$_$3,Negative,Negative,-2.6666667461395264,-2.0103657245635986,0.9767422080039978,0.01441982015967369,0.008837887085974216
37459$_$2,Negative,Negative,-3.0,-2.2616188526153564,0.9856143593788147,0.00809455942362547,0.006291172932833433
37459$_$6,Negative,Negative,-1.0,-1.0484427213668823,0.8431018590927124,0.10415475815534592,0.05274342745542526
38019$_$0,Negative,Neutral,-1.3333333730697632,0.04397076368331909,0.1731145828962326,0.46195003390312195,0.36493539810180664
38374$_$3,Neutral,Neutral,0.0,0.3602626919746399,0.11847419291734695,0.6829826235771179,0.19854320585727692
38374$_$7,Negative,Negative,-2.0,-1.933657169342041,0.9701799750328064,0.02198062650859356,0.00783939566463232
38374$_$9,Neutral,Negative,0.0,-0.41589176654815674,0.5829382538795471,0.2489430457353592,0.16811871528625488
39lcRCFvV-s$_$21,Positive,Negative,1.0,0.7504223585128784,0.5406894683837891,0.05764438211917877,0.40166619420051575
39lcRCFvV-s$_$22,Positive,Negative,0.6666666865348816,-0.033206213265657425,0.7478979229927063,0.059122249484062195,0.19297976791858673
39lcRCFvV-s$_$46,Positive,Positive,2.0,1.3311450481414795,0.01777713932096958,0.13146379590034485,0.8507590293884277
39lcRCFvV-s$_$39,Negative,Negative,-0.3333333432674408,-0.07078170031309128,0.6528462767601013,0.18926766514778137,0.15788604319095612
39lcRCFvV-s$_$13,Positive,Neutral,1.3333333730697632,0.20687958598136902,0.3348889648914337,0.36328309774398804,0.30182790756225586
39lcRCFvV-s$_$12,Positive,Negative,0.3333333432674408,-0.05946674197912216,0.7009325623512268,0.08793112635612488,0.21113641560077667
39lcRCFvV-s$_$19,Positive,Positive,2.3333332538604736,2.130847692489624,0.026049034669995308,0.03745168074965477,0.936499297618866
39lcRCFvV-s$_$18,Neutral,Neutral,0.0,-0.17417967319488525,0.4254041314125061,0.47520366311073303,0.0993921235203743
39lcRCFvV-s$_$30,Positive,Neutral,0.6666666865348816,0.5419612526893616,0.11231450736522675,0.476605087518692,0.41108039021492004
3B1zIUj-k3o$_$10,Negative,Negative,-0.3333333432674408,-0.9387538433074951,0.8548209071159363,0.10297853499650955,0.04220053553581238
3DOrdP4H8SA$_$13,Neutral,Neutral,0.0,0.21912270784378052,0.16297970712184906,0.5085127949714661,0.32850754261016846
3DOrdP4H8SA$_$3,Negative,Negative,-1.6666666269302368,-0.4741348624229431,0.7007260322570801,0.1879720687866211,0.11130186915397644
3DgOMTs3A1E$_$24,Neutral,Positive,0.0,0.6583972573280334,0.01748792454600334,0.3026861846446991,0.6798258423805237
3DgOMTs3A1E$_$22,Positive,Positive,0.6666666865348816,0.6057325601577759,0.02913411147892475,0.18397581577301025,0.7868900299072266
3DgOMTs3A1E$_$23,Positive,Positive,0.3333333432674408,0.7081155180931091,0.039867620915174484,0.2756260335445404,0.684506356716156
3DgOMTs3A1E$_$1,Positive,Positive,0.3333333432674408,0.9337815642356873,0.02847287803888321,0.2575969099998474,0.7139302492141724
3DgOMTs3A1E$_$7,Positive,Positive,0.6666666865348816,0.23989838361740112,0.14468495547771454,0.2979152500629425,0.5573998093605042
3DgOMTs3A1E$_$17,Positive,Positive,1.0,1.2504949569702148,0.012675510719418526,0.1301267296075821,0.8571978211402893
3FpmKxZgihw$_$0,Neutral,Neutral,0.0,0.37692341208457947,0.10502598434686661,0.5032635927200317,0.391710489988327
3GyEnzE1NTQ$_$14,Positive,Positive,0.3333333432674408,0.5842186808586121,0.025443773716688156,0.40408608317375183,0.5704702138900757
3GyEnzE1NTQ$_$3,Positive,Neutral,0.3333333432674408,-0.002718105213716626,0.07827424257993698,0.7154467701911926,0.2062789648771286
3GyEnzE1NTQ$_$4,Negative,Neutral,-0.3333333432674408,-0.4061095118522644,0.14475516974925995,0.707690417766571,0.14755436778068542
3OMgvtWNHp4$_$10,Negative,Negative,-0.6666666865348816,-0.7102430462837219,0.6499287486076355,0.2889711856842041,0.06110009551048279
3OuNMjZo5wg$_$13,Positive,Positive,1.6666666269302368,0.8025169372558594,0.10534165799617767,0.3118073642253876,0.582850992679596
3VsrcbjPwZY$_$0,Positive,Positive,0.3333333432674408,0.15767233073711395,0.14797519147396088,0.306231826543808,0.5457929372787476
3VsrcbjPwZY$_$7,Negative,Positive,-0.3333333432674408,0.46602094173431396,0.1398307979106903,0.11281090974807739,0.7473582625389099
3Wi0if_L6Ug$_$13,Positive,Positive,0.6666666865348816,0.984188437461853,0.011619378812611103,0.18552987277507782,0.8028507828712463
3Wi0if_L6Ug$_$12,Positive,Positive,1.3333333730697632,1.5257738828659058,0.014085699804127216,0.0834587961435318,0.9024555087089539
3Wi0if_L6Ug$_$17,Positive,Neutral,0.3333333432674408,0.3557026982307434,0.030613305047154427,0.5831649303436279,0.386221706867218
3Wi0if_L6Ug$_$4,Positive,Positive,2.0,0.8787683248519897,0.017449449747800827,0.2792752981185913,0.7032752633094788
3Wi0if_L6Ug$_$9,Positive,Neutral,0.3333333432674408,0.38128504157066345,0.029776521027088165,0.4895426034927368,0.4806808829307556
3aD0xAgxxyw$_$11,Negative,Negative,-1.0,-1.7395119667053223,0.9593009352684021,0.0268862321972847,0.01381273940205574
3aD0xAgxxyw$_$0,Positive,Neutral,0.3333333432674408,0.03420912101864815,0.08652694523334503,0.6761928796768188,0.2372802495956421
3aIQUQgawaI$_$12,Neutral,Neutral,0.0,-0.35523179173469543,0.32142940163612366,0.5385220646858215,0.14004851877689362
3aIQUQgawaI$_$19,Neutral,Positive,0.0,1.0712448358535767,0.019594289362430573,0.24733901023864746,0.7330666780471802
3aIQUQgawaI$_$5,Negative,Negative,-1.0,-1.3147339820861816,0.8272424936294556,0.1086304783821106,0.06412695348262787
3aIQUQgawaI$_$4,Positive,Positive,0.6666666865348816,0.525528609752655,0.06063320115208626,0.1735352873802185,0.765831470489502
3aIQUQgawaI$_$7,Negative,Positive,-0.3333333432674408,-0.12847188115119934,0.25676050782203674,0.34649544954299927,0.3967440724372864
3fhCxePBuZY$_$10,Negative,Negative,-1.3333333730697632,-1.451935052871704,0.8860653042793274,0.0924978107213974,0.021436840295791626
3fhCxePBuZY$_$4,Negative,Negative,-0.6666666865348816,-0.6865395307540894,0.5677266716957092,0.30739447474479675,0.1248788833618164
3gA34VxBijI$_$1,Neutral,Neutral,0.0,0.26430946588516235,0.0989726260304451,0.6274453401565552,0.2735820412635803
3kNPvhdF1NA$_$0,Neutral,Negative,0.0,-0.4678284525871277,0.4327163100242615,0.403958261013031,0.1633254438638687
3lkn8MS3n8Q$_$27,Negative,Negative,-1.0,-1.6078457832336426,0.9329810738563538,0.05732526257634163,0.009693708270788193
3lkn8MS3n8Q$_$6,Positive,Positive,1.0,1.041306972503662,0.04844124615192413,0.22173796594142914,0.7298208475112915
3n44IP3tCVE$_$13,Positive,Positive,1.3333333730697632,1.067301630973816,0.10714612901210785,0.06378548592329025,0.8290683627128601
3n44IP3tCVE$_$0,Positive,Positive,2.0,1.1523157358169556,0.01829548180103302,0.13723035156726837,0.844474196434021
3n44IP3tCVE$_$5,Positive,Positive,2.0,0.6074426174163818,0.16302970051765442,0.1649204045534134,0.672049880027771
3n44IP3tCVE$_$6,Negative,Negative,-0.6666666865348816,-0.8655610084533691,0.7968420386314392,0.08192163705825806,0.12123631685972214
3ocpWAmSNUE$_$5,Negative,Neutral,-2.6666667461395264,-0.002937386743724346,0.3484044075012207,0.35654136538505554,0.29505425691604614
3ocpWAmSNUE$_$6,Negative,Negative,-0.3333333432674408,-1.2317748069763184,0.9025667309761047,0.0541740320622921,0.043259184807538986
3paDwuRQP1w$_$0,Negative,Neutral,-0.6666666865348816,-0.49887049198150635,0.36426183581352234,0.5355615615844727,0.10017665475606918
3sUS8vXbRwg$_$13,Positive,Positive,1.6666666269302368,0.8191773891448975,0.20231471955776215,0.2023533284664154,0.5953319072723389
40181$_$21,Positive,Neutral,0.3333333432674408,-0.0534350648522377,0.11402470618486404,0.7015222311019897,0.18445299565792084
40181$_$9,Neutral,Neutral,0.0,-0.07901802659034729,0.16353663802146912,0.6130875945091248,0.22337570786476135
40181$_$13,Negative,Negative,-1.3333333730697632,-1.136167049407959,0.8484718799591064,0.08462172746658325,0.0669063851237297
40181$_$19,Positive,Neutral,0.3333333432674408,-0.25443077087402344,0.0918130874633789,0.814984917640686,0.09320197254419327
40260$_$8,Negative,Negative,-1.3333333730697632,-2.0761756896972656,0.9732326865196228,0.021774593740701675,0.004992728121578693
40260$_$19,Negative,Negative,-1.6666666269302368,-1.888953447341919,0.977961540222168,0.01423716265708208,0.007801354397088289
40260$_$18,Positive,Negative,1.0,-0.6822723150253296,0.855920672416687,0.034128397703170776,0.10995087027549744
41692$_$1,Positive,Neutral,0.3333333432674408,0.4745475649833679,0.10390125960111618,0.5973737239837646,0.29872503876686096
43371$_$6,Negative,Negative,-1.6666666269302368,-1.5042824745178223,0.9016605615615845,0.07552625238895416,0.022813240066170692
43371$_$8,Negative,Negative,-1.0,-1.233897089958191,0.785506010055542,0.15809524059295654,0.05639875307679176
43456$_$2,Negative,Neutral,-0.3333333432674408,-0.03693031892180443,0.4081154465675354,0.5006274580955505,0.09125705808401108
43456$_$8,Neutral,Neutral,0.0,0.057099491357803345,0.314063161611557,0.47276851534843445,0.21316829323768616
44780$_$1,Positive,Neutral,0.3333333432674408,0.2746201157569885,0.05516129732131958,0.7071636915206909,0.23767505586147308
44780$_$0,Positive,Positive,0.3333333432674408,0.4010053873062134,0.1776806265115738,0.26480162143707275,0.5575178265571594
44780$_$3,Positive,Positive,1.3333333730697632,0.7741075754165649,0.19656793773174286,0.2317950278520584,0.5716370344161987
44780$_$2,Neutral,Neutral,0.0,0.44791078567504883,0.037843819707632065,0.8477854132652283,0.11437072604894638
44780$_$7,Negative,Negative,-1.3333333730697632,-2.1773462295532227,0.9772940278053284,0.018899159505963326,0.0038068315479904413
44780$_$6,Neutral,Neutral,0.0,0.4393385648727417,0.09629364311695099,0.6423516869544983,0.2613547146320343
45175$_$9,Negative,Negative,-1.0,-1.4196888208389282,0.9111940264701843,0.04074176028370857,0.04806419834494591
45184$_$2,Negative,Negative,-2.3333332538604736,-2.3229730129241943,0.9913342595100403,0.005212694406509399,0.0034531126730144024
45184$_$5,Negative,Negative,-1.3333333730697632,-2.1076536178588867,0.9834006428718567,0.010950535535812378,0.005648880265653133
45186$_$3,Negative,Negative,-1.0,-1.3497438430786133,0.8849930167198181,0.07688134908676147,0.03812570497393608
45186$_$2,Neutral,Neutral,0.0,-0.17806875705718994,0.2660713195800781,0.6197472810745239,0.11418140679597855
45676$_$6,Negative,Negative,-1.3333333730697632,-2.0673937797546387,0.9879421591758728,0.006103496067225933,0.005954273045063019
45c3QQzGakM$_$5,Positive,Neutral,0.6666666865348816,0.12192754447460175,0.18816670775413513,0.4785219132900238,0.3333113193511963
46497$_$1,Negative,Negative,-2.6666667461395264,-2.2592930793762207,0.9846195578575134,0.012327002361416817,0.0030533666722476482
46497$_$3,Negative,Negative,-2.0,-1.4768226146697998,0.9265405535697937,0.05387257784605026,0.019586898386478424
46604$_$3,Neutral,Negative,0.0,-0.27965137362480164,0.40128853917121887,0.39442408084869385,0.20428740978240967
46604$_$2,Neutral,Neutral,0.0,0.6258885860443115,0.02637048438191414,0.801739513874054,0.17188991606235504
46604$_$4,Negative,Negative,-1.3333333730697632,-0.743658721446991,0.49977046251296997,0.3343345522880554,0.16589505970478058
46618$_$1,Negative,Negative,-1.3333333730697632,-1.3845264911651611,0.775727391242981,0.18094183504581451,0.04333074763417244
46618$_$0,Neutral,Neutral,0.0,-0.2735576033592224,0.0929076299071312,0.7377777099609375,0.1693146675825119
46618$_$2,Negative,Negative,-1.6666666269302368,-1.9631872177124023,0.9765913486480713,0.013172564096748829,0.010236156173050404
47472$_$10,Neutral,Positive,0.0,0.6925508975982666,0.11209229379892349,0.3770570755004883,0.5108506083488464
47472$_$1,Positive,Neutral,1.6666666269302368,0.2992081344127655,0.039773181080818176,0.6179293394088745,0.3422975540161133
47472$_$4,Neutral,Neutral,0.0,0.7198283672332764,0.06253991276025772,0.6937456130981445,0.24371448159217834
47472$_$6,Neutral,Neutral,0.0,-0.2090025097131729,0.3878812789916992,0.46273860335350037,0.14938011765480042
47472$_$8,Negative,Negative,-0.6666666865348816,-0.4653398394584656,0.4713529050350189,0.403690904378891,0.12495622038841248
49358$_$4,Neutral,Neutral,0.0,0.1383441686630249,0.13530777394771576,0.44559597969055176,0.4190962314605713
49358$_$6,Negative,Negative,-2.0,-1.6131212711334229,0.9600581526756287,0.02043422870337963,0.01950758323073387
49358$_$9,Negative,Negative,-1.6666666269302368,-1.7585535049438477,0.9430298805236816,0.0328480489552021,0.024122104048728943
4AQC7_uCuEE$_$27,Positive,Negative,1.0,0.11497250944375992,0.4265093505382538,0.2696588635444641,0.30383187532424927
4AQC7_uCuEE$_$22,Negative,Negative,-0.3333333432674408,-1.421064019203186,0.9486685395240784,0.025126462802290916,0.0262050312012434
4AQC7_uCuEE$_$23,Positive,Neutral,0.3333333432674408,0.08187015354633331,0.23109617829322815,0.40977010130882263,0.35913369059562683
4BoE-woHtwA$_$12,Positive,Positive,1.6666666269302368,0.9123798608779907,0.07549231499433517,0.24591879546642303,0.6785888671875
4BoE-woHtwA$_$1,Negative,Negative,-0.3333333432674408,-0.5529129505157471,0.39551377296447754,0.3630494475364685,0.24143679440021515
4BoE-woHtwA$_$5,Positive,Positive,1.6666666269302368,0.6262529492378235,0.050913386046886444,0.37088918685913086,0.5781974196434021
4CKhrjuuofk$_$1,Positive,Negative,0.3333333432674408,-0.6477635502815247,0.846746563911438,0.10921145230531693,0.044042013585567474
4CKhrjuuofk$_$5,Positive,Positive,0.3333333432674408,0.8707356452941895,0.06694165617227554,0.3120247721672058,0.6210336089134216
4EEru3cZwXo$_$3,Positive,Positive,0.6666666865348816,0.8456276655197144,0.04276924952864647,0.44197288155555725,0.5152578353881836
4GYfmpEEtl4$_$1,Neutral,Neutral,0.0,-0.37616807222366333,0.28369253873825073,0.5905447602272034,0.1257626712322235
4GYfmpEEtl4$_$7,Positive,Neutral,0.3333333432674408,-0.07497478276491165,0.17566001415252686,0.5874759554862976,0.23686403036117554
4GYfmpEEtl4$_$6,Positive,Neutral,0.3333333432674408,0.012398630380630493,0.2681543827056885,0.5535252094268799,0.17832042276859283
4H9RfQuqsvg$_$1,Positive,Positive,2.0,0.603264331817627,0.3231388330459595,0.16873887181282043,0.5081222653388977
4H9RfQuqsvg$_$12,Positive,Positive,0.6666666865348816,0.5517719388008118,0.08201882243156433,0.43001267313957214,0.4879685044288635
4H9RfQuqsvg$_$6,Neutral,Neutral,0.0,0.26285094022750854,0.2980266809463501,0.3808395266532898,0.32113388180732727
4HAC00EAdno$_$10,Positive,Neutral,0.6666666865348816,0.2305697798728943,0.11445649713277817,0.5482496619224548,0.3372938334941864
4HAC00EAdno$_$12,Positive,Neutral,0.6666666865348816,-0.09849725663661957,0.11431749910116196,0.6027289628982544,0.28295356035232544
4HAC00EAdno$_$9,Negative,Neutral,-0.3333333432674408,-0.41693365573883057,0.3581780195236206,0.4983828067779541,0.1434391587972641
4Kh5N9W-Jr4$_$0,Positive,Positive,1.3333333730697632,1.083988904953003,0.018258554860949516,0.19537213444709778,0.7863693237304688
4Q7OkrJLzAc$_$1,Neutral,Neutral,0.0,-0.23337340354919434,0.24951688945293427,0.5062029361724854,0.2442801594734192
4Q7OkrJLzAc$_$0,Neutral,Neutral,0.0,0.6377772092819214,0.10135995596647263,0.49775445461273193,0.40088552236557007
4Q95Lg3Icho$_$24,Positive,Positive,1.6666666269302368,1.142183780670166,0.01453549787402153,0.10792829096317291,0.8775361776351929
4Ry6M_ZfJQc$_$5,Negative,Negative,-1.3333333730697632,-0.9199942946434021,0.8247565031051636,0.14041860401630402,0.034824974834918976
4VA4kqMnEqA$_$4,Positive,Neutral,0.3333333432674408,0.23750340938568115,0.26896119117736816,0.39225637912750244,0.3387824296951294
4VA4kqMnEqA$_$8,Neutral,Neutral,0.0,0.0015408729668706656,0.06952610611915588,0.7712119817733765,0.15926185250282288
4hEWns7JBg0$_$25,Positive,Positive,1.6666666269302368,0.7237522006034851,0.02992924302816391,0.4366892874240875,0.5333814024925232
4hEWns7JBg0$_$29,Positive,Positive,1.0,1.4426743984222412,0.017283346503973007,0.12308786064386368,0.8596288561820984
4iG0ffmnCOw$_$2,Positive,Positive,0.3333333432674408,0.7546064853668213,0.07182765752077103,0.35662218928337097,0.5715501308441162
4iG0ffmnCOw$_$7,Positive,Positive,0.6666666865348816,0.5430909395217896,0.17495004832744598,0.2658846378326416,0.559165358543396
4iw1jTY-X3A$_$14,Positive,Positive,1.0,0.7347894310951233,0.09239700436592102,0.2863600552082062,0.6212430000305176
4iw1jTY-X3A$_$3,Negative,Negative,-1.0,-1.4615713357925415,0.9020559787750244,0.07209403812885284,0.025849943980574608
4jTUcNlxlYA$_$0,Positive,Neutral,0.6666666865348816,0.4931519627571106,0.04436121881008148,0.6604445576667786,0.29519426822662354
4jTUcNlxlYA$_$4,Neutral,Neutral,0.0,0.5158103108406067,0.03050505742430687,0.6321459412574768,0.33734896779060364
4jTUcNlxlYA$_$6,Positive,Positive,1.6666666269302368,1.2152105569839478,0.027324050664901733,0.13928888738155365,0.833387017250061
4jTUcNlxlYA$_$9,Neutral,Positive,0.0,0.6592759490013123,0.100122831761837,0.40155065059661865,0.49832645058631897
4kF0U8kIMp4$_$0,Positive,Positive,0.6666666865348816,1.1502246856689453,0.015063697472214699,0.26673227548599243,0.7182039618492126
4kF0U8kIMp4$_$5,Positive,Neutral,0.6666666865348816,0.07244350016117096,0.14303165674209595,0.6062015295028687,0.2507668435573578
4kF0U8kIMp4$_$4,Positive,Negative,0.6666666865348816,-0.3419564962387085,0.49857813119888306,0.2857549786567688,0.21566687524318695
4lKz4xyCmkk$_$14,Negative,Negative,-0.3333333432674408,-0.9392831325531006,0.8051607012748718,0.1298198699951172,0.06501941382884979
4poXF3xo6Z8$_$13,Positive,Positive,0.6666666865348816,0.9344024062156677,0.005046215374022722,0.19249625504016876,0.8024574518203735
4poXF3xo6Z8$_$1,Positive,Positive,1.6666666269302368,1.3879860639572144,0.007507971953600645,0.1512836515903473,0.8412083387374878
4poXF3xo6Z8$_$0,Neutral,Neutral,0.0,0.06993496417999268,0.12953677773475647,0.6063409447669983,0.26412227749824524
4poXF3xo6Z8$_$3,Positive,Positive,0.3333333432674408,1.3905532360076904,0.004137313459068537,0.06474243849515915,0.9311202764511108
4poXF3xo6Z8$_$6,Positive,Positive,1.6666666269302368,1.337823510169983,0.007321670185774565,0.06027517840266228,0.9324030876159668
4qjz4BQCZyM$_$5,Positive,Positive,0.3333333432674408,0.7575997710227966,0.05902230367064476,0.25335028767585754,0.6876274347305298
4qoB5a6dR3w$_$1,Positive,Positive,1.0,0.8359231948852539,0.023288413882255554,0.42377257347106934,0.5529391169548035
4wdeBJ39Cuw$_$0,Negative,Negative,-1.3333333730697632,-1.4517855644226074,0.9566802978515625,0.022453976795077324,0.020865729078650475
4wdeBJ39Cuw$_$5,Negative,Negative,-1.0,-0.8747192621231079,0.7309430241584778,0.19058193266391754,0.0784749910235405
4wuug3-5cWo$_$5,Positive,Negative,0.3333333432674408,0.46918782591819763,0.3526228964328766,0.3256261646747589,0.3217509388923645
50453$_$4,Positive,Negative,0.3333333432674408,-0.5211042761802673,0.5907188653945923,0.30594831705093384,0.10333281755447388
50453$_$8,Neutral,Negative,0.0,-0.6619584560394287,0.7445353269577026,0.1326330453157425,0.1228315681219101
51224$_$1,Negative,Neutral,-0.6666666865348816,-0.2866377830505371,0.18130287528038025,0.5711433291435242,0.24755379557609558
51224$_$9,Neutral,Neutral,0.0,0.053016845136880875,0.10836797207593918,0.5535340905189514,0.3380979001522064
52068$_$21,Positive,Neutral,2.0,0.3619173765182495,0.10195732116699219,0.6228209137916565,0.27522173523902893
52068$_$2,Positive,Positive,0.6666666865348816,0.9671332240104675,0.017172066494822502,0.155901700258255,0.8269262909889221
52839$_$11,Neutral,Neutral,0.0,-0.23734146356582642,0.07315956801176071,0.8744775652885437,0.05236287787556648
52839$_$13,Positive,Negative,1.6666666269302368,-0.7968565225601196,0.8042967319488525,0.12755261361598969,0.06815066188573837
52839$_$12,Positive,Positive,1.0,0.8306459784507751,0.35924994945526123,0.05263349041342735,0.5881165266036987
52839$_$0,Neutral,Neutral,0.0,0.23892979323863983,0.03636181354522705,0.671974241733551,0.29166385531425476
52839$_$7,Positive,Neutral,0.3333333432674408,0.41841065883636475,0.06898603588342667,0.47162696719169617,0.45938703417778015
53742$_$1,Neutral,Neutral,0.0,-0.154000386595726,0.10180947184562683,0.8053684830665588,0.09282198548316956
53742$_$2,Neutral,Neutral,0.0,0.36286047101020813,0.05344792455434799,0.6192359328269958,0.3273162543773651
53742$_$5,Negative,Negative,-2.0,-1.0421688556671143,0.6250301003456116,0.23004230856895447,0.14492760598659515
55156$_$2,Negative,Negative,-1.0,-0.638835072517395,0.7205548882484436,0.17736802995204926,0.10207707434892654
55156$_$8,Neutral,Neutral,0.0,0.01288832537829876,0.2978058457374573,0.5455796122550964,0.15661457180976868
56006$_$4,Positive,Neutral,0.6666666865348816,0.18646737933158875,0.1648869812488556,0.6603922247886658,0.17472073435783386
56276$_$11,Negative,Negative,-2.0,-1.5056335926055908,0.9400475025177002,0.031127460300922394,0.028825055807828903
56276$_$15,Negative,Negative,-3.0,-1.8424072265625,0.9559739232063293,0.027353251352906227,0.016672831028699875
56276$_$1,Negative,Neutral,-0.6666666865348816,-0.4069337248802185,0.10156353563070297,0.7838296294212341,0.11460689455270767
56276$_$4,Negative,Negative,-2.6666667461395264,-1.3466684818267822,0.6215157508850098,0.352676659822464,0.025807635858654976
56276$_$7,Neutral,Neutral,0.0,0.06663673371076584,0.2532995343208313,0.6114253997802734,0.13527503609657288
57618$_$1,Neutral,Neutral,0.0,0.13783620297908783,0.09434344619512558,0.7934193015098572,0.11223720014095306
57618$_$3,Positive,Positive,2.3333332538604736,1.880073070526123,0.0320102795958519,0.02663477510213852,0.9413549900054932
59333$_$10,Positive,Positive,0.3333333432674408,0.869358479976654,0.05580288544297218,0.1543363481760025,0.7898607850074768
59333$_$19,Neutral,Neutral,0.0,-0.10293761640787125,0.08700297027826309,0.48307088017463684,0.42992615699768066
59333$_$7,Positive,Positive,0.6666666865348816,0.6981874704360962,0.19143220782279968,0.06979595124721527,0.7387718558311462
59333$_$9,Positive,Neutral,0.3333333432674408,-0.20199477672576904,0.08429482579231262,0.6918189525604248,0.2238861620426178
5Fs_7A_V2kA$_$9,Positive,Positive,0.3333333432674408,1.1810659170150757,0.010290642268955708,0.18810933828353882,0.8016000390052795
5JMpMKAO-Mk$_$5,Positive,Positive,0.6666666865348816,0.7752978801727295,0.01792754791676998,0.33020853996276855,0.6518638730049133
5R5fDxZUL8M$_$2,Positive,Positive,1.3333333730697632,1.1997777223587036,0.015065965242683887,0.09766978770494461,0.8872642517089844
5R5fDxZUL8M$_$5,Positive,Positive,1.6666666269302368,0.9082765579223633,0.03606049716472626,0.13074828684329987,0.8331912755966187
5Tqu1IXJjGY$_$7,Positive,Negative,0.6666666865348816,-0.029307575896382332,0.5974335670471191,0.17455464601516724,0.22801178693771362
5XX0csik6VQ$_$0,Positive,Negative,0.3333333432674408,-0.45235008001327515,0.7578297257423401,0.09388391673564911,0.14828631281852722
5YnYGjrhzF4$_$0,Neutral,Positive,0.0,0.8816922903060913,0.05393253639340401,0.3309888541698456,0.6150786280632019
5YnYGjrhzF4$_$8,Negative,Negative,-0.6666666865348816,-0.8006898164749146,0.6824325919151306,0.2155304253101349,0.10203701257705688
5eA5HpyFsIk$_$0,Neutral,Positive,0.0,0.6511893272399902,0.021669166162610054,0.4405040740966797,0.5378267168998718
5oEuiBPUTYc$_$6,Neutral,Positive,0.0,0.666642963886261,0.032147105783224106,0.36128559708595276,0.6065673232078552
5qQs9Cfydo4$_$9,Positive,Positive,0.6666666865348816,0.5414078235626221,0.23402395844459534,0.2453991025686264,0.5205768942832947
5qxZFmIaynE$_$24,Neutral,Neutral,0.0,0.0722748190164566,0.09059906750917435,0.6923862099647522,0.21701475977897644
5qxZFmIaynE$_$15,Positive,Neutral,0.3333333432674408,0.36057522892951965,0.0447191521525383,0.5298119783401489,0.42546898126602173
5qxZFmIaynE$_$17,Neutral,Neutral,0.0,0.09481343626976013,0.043080415576696396,0.6450034379959106,0.3119161128997803
5qxZFmIaynE$_$28,Negative,Neutral,-0.3333333432674408,-0.3759143650531769,0.3604523241519928,0.49168601632118225,0.14786174893379211
5qxZFmIaynE$_$7,Neutral,Neutral,0.0,0.2940239906311035,0.028919411823153496,0.7997144460678101,0.1713661253452301
5qxZFmIaynE$_$9,Neutral,Neutral,0.0,0.33005741238594055,0.03505638986825943,0.8314958214759827,0.1334478110074997
5tV5rZZJDCE$_$7,Positive,Neutral,0.3333333432674408,0.03071700409054756,0.10242775827646255,0.538642168045044,0.35893014073371887
5wpCKY2U1NE$_$10,Negative,Negative,-0.3333333432674408,-1.222862720489502,0.8560866117477417,0.0976906567811966,0.04622267931699753
5wpCKY2U1NE$_$5,Positive,Neutral,0.3333333432674408,-0.33027884364128113,0.26659590005874634,0.4749090373516083,0.2584950625896454
60037$_$16,Positive,Positive,2.3333332538604736,1.6977155208587646,0.020399462431669235,0.05745113268494606,0.9221494197845459
60037$_$1,Positive,Neutral,0.6666666865348816,0.4791824221611023,0.04496477544307709,0.6088550090789795,0.3461802303791046
65kkuNV921k$_$15,Negative,Negative,-0.6666666865348816,-0.5400698184967041,0.49399253726005554,0.3631872236728668,0.14282026886940002
65kkuNV921k$_$22,Negative,Negative,-0.3333333432674408,-0.9786317348480225,0.7058998346328735,0.24424514174461365,0.04985498636960983
65kkuNV921k$_$30,Neutral,Positive,0.0,0.08348739147186279,0.33164680004119873,0.2279794067144394,0.4403737783432007
65kkuNV921k$_$26,Negative,Neutral,-0.6666666865348816,-0.6571398377418518,0.41856351494789124,0.46962857246398926,0.11180784553289413
65kkuNV921k$_$34,Positive,Positive,0.6666666865348816,0.4459473788738251,0.13813519477844238,0.21870997548103333,0.6431548595428467
65kkuNV921k$_$3,Negative,Negative,-1.6666666269302368,-1.087620735168457,0.7160828113555908,0.2333613783121109,0.050555821508169174
65kkuNV921k$_$5,Negative,Negative,-1.3333333730697632,-0.6920831203460693,0.5367945432662964,0.3766387701034546,0.08656670153141022
65kkuNV921k$_$7,Negative,Negative,-0.6666666865348816,-0.818990170955658,0.6242649555206299,0.29884323477745056,0.07689180225133896
65kkuNV921k$_$6,Negative,Negative,-1.0,-1.115633249282837,0.7932256460189819,0.13842256367206573,0.06835176795721054
69707$_$2,Negative,Negative,-1.6666666269302368,-0.8199838399887085,0.6915437579154968,0.12637369334697723,0.18208254873752594
6G8JJ69aN6o$_$4,Positive,Positive,0.6666666865348816,0.7287650108337402,0.022066224366426468,0.4449462592601776,0.5329875349998474
6IUj6jyoTl0$_$0,Positive,Neutral,0.6666666865348816,0.5072481632232666,0.15953329205513,0.44215476512908936,0.39831188321113586
6J_yzh1LNAE$_$0,Positive,Neutral,0.3333333432674408,0.5844871997833252,0.02656940557062626,0.5430997610092163,0.4303308129310608
6MYUY5tC2Us$_$0,Neutral,Neutral,0.0,-0.060073621571063995,0.06399326026439667,0.757095217704773,0.17891152203083038
6MYUY5tC2Us$_$2,Neutral,Neutral,0.0,-0.061542898416519165,0.1531367152929306,0.6732645630836487,0.1735987514257431
6MloL1gIccs$_$4,Positive,Neutral,1.6666666269302368,0.2253657579421997,0.05626260116696358,0.5379568934440613,0.40578049421310425
6PLlauWxF5E$_$0,Positive,Positive,1.3333333730697632,1.1626862287521362,0.008508536964654922,0.3551163077354431,0.6363751292228699
6PLlauWxF5E$_$2,Positive,Positive,0.6666666865348816,1.3256580829620361,0.013664254918694496,0.20210370421409607,0.784231960773468
6T1GHj7qwYs$_$5,Positive,Positive,1.6666666269302368,1.1423916816711426,0.05046316608786583,0.12365264445543289,0.8258841633796692
6TDXQtGUNEs$_$11,Positive,Neutral,0.3333333432674408,0.2242927998304367,0.04691673070192337,0.5625574588775635,0.39052578806877136
6Vg10LxmWUY$_$0,Positive,Neutral,1.0,0.2015938013792038,0.20792922377586365,0.5414595007896423,0.25061124563217163
6YNAmRjpxlA$_$0,Neutral,Negative,0.0,-0.6384434103965759,0.43255993723869324,0.40883669257164,0.15860338509082794
6c7vAwDSVGc$_$2,Positive,Positive,0.3333333432674408,0.4304477572441101,0.02531191147863865,0.1707047075033188,0.8039833307266235
6ng8CZ0ULK4$_$11,Positive,Positive,1.0,1.0765966176986694,0.029028942808508873,0.46675920486450195,0.5042118430137634
6ng8CZ0ULK4$_$1,Positive,Positive,0.3333333432674408,0.9991917014122009,0.0675712302327156,0.28765955567359924,0.6447691917419434
6ng8CZ0ULK4$_$2,Positive,Positive,1.0,0.4863576292991638,0.082264244556427,0.4330914318561554,0.4846443235874176
6q5uKCgairk$_$10,Neutral,Positive,0.0,0.8622048497200012,0.03243989869952202,0.27503663301467896,0.6925235390663147
6q5uKCgairk$_$13,Neutral,Positive,0.0,0.40262556076049805,0.10851604491472244,0.3922879993915558,0.4991959035396576
6q5uKCgairk$_$8,Positive,Positive,0.3333333432674408,0.3914859890937805,0.08135022968053818,0.3670358955860138,0.5516138672828674
6qPjYvdZiLA$_$7,Negative,Negative,-0.3333333432674408,-0.6772475242614746,0.5219734311103821,0.36845284700393677,0.10957378894090652
6rkV4QRcVnk$_$3,Negative,Negative,-0.3333333432674408,-1.5656030178070068,0.9669548273086548,0.0224663894623518,0.010578814893960953
6slq62RwH3Q$_$10,Positive,Positive,1.6666666269302368,1.7995507717132568,0.026140615344047546,0.033524904400110245,0.9403344392776489
6slq62RwH3Q$_$2,Positive,Positive,2.0,1.3116226196289062,0.0451788567006588,0.21468281745910645,0.7401383519172668
6slq62RwH3Q$_$7,Positive,Negative,1.3333333730697632,-0.08588091284036636,0.5362549424171448,0.1372983455657959,0.32644668221473694
6xvVFYR5di0$_$0,Positive,Positive,2.0,0.7383372783660889,0.03670872747898102,0.3493354618549347,0.6139557957649231
6xvVFYR5di0$_$9,Neutral,Neutral,0.0,0.23756329715251923,0.04099152982234955,0.6521191596984863,0.30688926577568054
6zjv1TLqfF0$_$11,Positive,Neutral,0.3333333432674408,0.6452492475509644,0.05604790523648262,0.5168010592460632,0.42715102434158325
6zjv1TLqfF0$_$10,Neutral,Neutral,0.0,0.29353010654449463,0.0601411871612072,0.640963077545166,0.2988957464694977
6zjv1TLqfF0$_$1,Neutral,Positive,0.0,0.8120536804199219,0.012172303162515163,0.4008142650127411,0.5870134234428406
6zjv1TLqfF0$_$3,Positive,Neutral,1.0,0.5805479288101196,0.021215949207544327,0.7529835104942322,0.22580058872699738
6zjv1TLqfF0$_$7,Neutral,Neutral,0.0,0.07838854193687439,0.041950125247240067,0.8244151473045349,0.13363468647003174
70420$_$15,Positive,Negative,0.3333333432674408,-0.9679044485092163,0.7712393999099731,0.18127691745758057,0.047483719885349274
70420$_$4,Negative,Negative,-0.6666666865348816,-0.6227046251296997,0.6156927943229675,0.28452831506729126,0.09977887570858002
70420$_$6,Negative,Negative,-0.3333333432674408,-1.2589465379714966,0.8625018000602722,0.0878099650144577,0.049688201397657394
70710$_$3,Positive,Positive,0.6666666865348816,0.24482779204845428,0.3211880028247833,0.20115427672863007,0.477657675743103
70710$_$2,Negative,Negative,-0.3333333432674408,-0.965431809425354,0.8706372380256653,0.06787662208080292,0.061486147344112396
708sewcSXVY$_$3,Positive,Positive,0.3333333432674408,0.5413110256195068,0.030218474566936493,0.23236183822155,0.7374197244644165
72017$_$9,Positive,Positive,1.0,1.9474132061004639,0.02111414447426796,0.06702499091625214,0.9118609428405762
72385$_$24,Negative,Negative,-1.6666666269302368,-0.2726389765739441,0.40426871180534363,0.23336394131183624,0.3623673915863037
72385$_$20,Negative,Negative,-2.3333332538604736,-1.3990230560302734,0.7979415059089661,0.1677178591489792,0.034340716898441315
72385$_$21,Positive,Positive,1.0,1.200191855430603,0.039791375398635864,0.12068148702383041,0.8395271301269531
72385$_$2,Neutral,Neutral,0.0,-0.012260409072041512,0.1060556024312973,0.7325425744056702,0.16140180826187134
72385$_$5,Negative,Negative,-3.0,-2.2539620399475098,0.96924889087677,0.026759151369333267,0.0039919642731547356
72385$_$6,Negative,Neutral,-1.0,-0.49011993408203125,0.18195854127407074,0.5884431004524231,0.22959837317466736
72385$_$12,Neutral,Neutral,0.0,-0.48043590784072876,0.29528889060020447,0.5460851192474365,0.1586260050535202
72tXTrSXoMk$_$6,Positive,Neutral,0.6666666865348816,0.5701826214790344,0.04126216098666191,0.644808292388916,0.31392955780029297
73447$_$16,Negative,Negative,-1.0,-1.7914459705352783,0.9478630423545837,0.03496188670396805,0.017175093293190002
73447$_$1,Neutral,Neutral,0.0,0.6894484758377075,0.017659885808825493,0.5094576478004456,0.47288256883621216
73447$_$0,Neutral,Neutral,0.0,0.140754833817482,0.07068420946598053,0.7342228889465332,0.19509294629096985
73447$_$3,Negative,Negative,-3.0,-1.5925016403198242,0.8978204131126404,0.09283315390348434,0.00934644602239132
73447$_$6,Negative,Negative,-1.0,-2.074784278869629,0.9820631742477417,0.012815066613256931,0.0051217335276305676
73447$_$8,Negative,Negative,-1.0,-0.3085387051105499,0.4323923885822296,0.2756594121456146,0.2919480800628662
73449$_$13,Neutral,Neutral,0.0,-0.11144495755434036,0.26129069924354553,0.5122875571250916,0.22642174363136292
73449$_$14,Negative,Negative,-2.6666667461395264,-0.9371180534362793,0.8513870239257812,0.06436371058225632,0.08424930274486542
73449$_$2,Positive,Positive,0.3333333432674408,0.5969027280807495,0.13647012412548065,0.27150678634643555,0.5920230746269226
73449$_$4,Negative,Negative,-1.3333333730697632,-0.6413358449935913,0.67995685338974,0.24419176578521729,0.07585132122039795
73449$_$8,Neutral,Positive,0.0,0.21968403458595276,0.22030067443847656,0.35888928174972534,0.4208100140094757
74101$_$1,Neutral,Neutral,0.0,-0.1636667549610138,0.07182857394218445,0.6705728769302368,0.25759851932525635
74101$_$6,Positive,Negative,1.0,-0.4810134768486023,0.5626838803291321,0.2672979235649109,0.17001819610595703
74184$_$11,Negative,Negative,-1.0,-1.845409631729126,0.9491390585899353,0.03989693894982338,0.010963959619402885
74184$_$7,Positive,Neutral,1.0,-0.3370596468448639,0.2628225088119507,0.6127698421478271,0.12440769374370575
74184$_$8,Negative,Negative,-0.3333333432674408,-0.6092554330825806,0.6368919014930725,0.26902419328689575,0.09408383071422577
74870$_$3,Negative,Negative,-0.3333333432674408,-0.5784932971000671,0.6167795062065125,0.255519837141037,0.12770064175128937
74870$_$4,Neutral,Negative,0.0,-0.2714502215385437,0.4622917175292969,0.4417572021484375,0.09595105051994324
75938$_$1,Positive,Neutral,0.3333333432674408,0.05966029688715935,0.12328588962554932,0.7418491244316101,0.13486503064632416
76124$_$10,Negative,Positive,-1.3333333730697632,0.36209118366241455,0.32441794872283936,0.08339635282754898,0.5921857357025146
76124$_$1,Positive,Neutral,0.3333333432674408,-0.23235920071601868,0.431580513715744,0.45066338777542114,0.11775611340999603
76124$_$3,Neutral,Neutral,0.0,-0.6649229526519775,0.35033130645751953,0.5662743449211121,0.083394356071949
76124$_$2,Neutral,Neutral,0.0,-0.007145917043089867,0.2877361476421356,0.4800497889518738,0.23221410810947418
76124$_$8,Positive,Positive,0.3333333432674408,0.7903313040733337,0.06176652014255524,0.23090633749961853,0.707327127456665
76sN4tvbPGk$_$9,Negative,Neutral,-0.6666666865348816,-0.5224990844726562,0.40378814935684204,0.4921199679374695,0.10409184545278549
76sN4tvbPGk$_$4,Neutral,Negative,0.0,-0.6540502309799194,0.5377300977706909,0.360230416059494,0.10203952342271805
78577$_$11,Negative,Negative,-0.3333333432674408,-0.21438726782798767,0.5328065752983093,0.2027258723974228,0.2644675374031067
78577$_$3,Negative,Negative,-0.6666666865348816,-0.8034659028053284,0.506692111492157,0.3503186106681824,0.14298924803733826
78577$_$8,Negative,Negative,-0.6666666865348816,-0.21574634313583374,0.532015860080719,0.32662081718444824,0.14136333763599396
79644$_$2,Negative,Negative,-2.0,-2.421708106994629,0.9918041229248047,0.006592423189431429,0.0016034276923164725
79934$_$5,Positive,Neutral,0.3333333432674408,-0.3245382606983185,0.2595902681350708,0.6126712560653687,0.12773844599723816
79935$_$13,Negative,Negative,-2.0,-2.021726608276367,0.9817816019058228,0.013494985178112984,0.004723356571048498
79935$_$15,Negative,Negative,-1.6666666269302368,-1.83005952835083,0.9618425965309143,0.03242124244570732,0.005736204329878092
79935$_$7,Negative,Negative,-2.3333332538604736,-1.8244317770004272,0.93907231092453,0.04296357184648514,0.017964133992791176
79935$_$6,Negative,Negative,-1.3333333730697632,-1.5396263599395752,0.8163147568702698,0.14830131828784943,0.03538388013839722
79935$_$8,Negative,Negative,-1.6666666269302368,-2.3988559246063232,0.9907644987106323,0.007465741131454706,0.0017697177827358246
7EWOMjaKlus$_$12,Negative,Positive,-0.3333333432674408,0.2472977638244629,0.3264913558959961,0.16884563863277435,0.5046630501747131
7EWOMjaKlus$_$14,Positive,Positive,1.3333333730697632,1.1181076765060425,0.01155062299221754,0.10573551058769226,0.8827138543128967
7R70kKqtGh0$_$1,Positive,Positive,1.3333333730697632,0.7545599341392517,0.01572566106915474,0.4778364896774292,0.5064378976821899
7U_z0JfleAw$_$8,Positive,Neutral,0.3333333432674408,-0.16270707547664642,0.09222371876239777,0.5069422721862793,0.4008340835571289
7UlSX-syPeo$_$18,Positive,Positive,0.6666666865348816,1.2166916131973267,0.034972112625837326,0.15005965530872345,0.8149682283401489
7UlSX-syPeo$_$22,Positive,Positive,1.0,0.7044866681098938,0.16700151562690735,0.35093045234680176,0.48206812143325806
7UlSX-syPeo$_$4,Neutral,Neutral,0.0,-0.27692773938179016,0.38275083899497986,0.4419928193092346,0.1752563863992691
7ZzbemE4QEE$_$25,Negative,Negative,-0.6666666865348816,-0.4284578561782837,0.37547361850738525,0.329537957906723,0.2949884831905365
7ZzbemE4QEE$_$27,Positive,Neutral,0.3333333432674408,0.40533480048179626,0.022805899381637573,0.654502272605896,0.32269179821014404
7ZzbemE4QEE$_$21,Positive,Positive,0.6666666865348816,0.22972875833511353,0.04535336792469025,0.3017328381538391,0.6529138088226318
7ZzbemE4QEE$_$3,Positive,Positive,0.6666666865348816,0.6515966057777405,0.02390339784324169,0.3021668791770935,0.6739296913146973
7ZzbemE4QEE$_$2,Positive,Positive,1.3333333730697632,0.6660952568054199,0.0782272145152092,0.4207369089126587,0.5010358691215515
7ZzbemE4QEE$_$39,Neutral,Neutral,0.0,-0.08726708590984344,0.09014671295881271,0.6202132105827332,0.2896401286125183
7ZzbemE4QEE$_$15,Positive,Positive,0.3333333432674408,0.17110583186149597,0.3264683187007904,0.2805030345916748,0.3930286169052124
7ZzbemE4QEE$_$33,Neutral,Neutral,0.0,0.09889833629131317,0.046187836676836014,0.8338710069656372,0.11994118243455887
7ZzbemE4QEE$_$34,Neutral,Neutral,0.0,-0.07899852842092514,0.15677011013031006,0.6763324737548828,0.16689738631248474
7ZzbemE4QEE$_$32,Neutral,Neutral,0.0,-0.2607782781124115,0.08770029991865158,0.7811840176582336,0.13111566007137299
7eJqqvvziQo$_$1,Positive,Neutral,0.3333333432674408,0.15226727724075317,0.03479883074760437,0.699576735496521,0.26562437415122986
7eJqqvvziQo$_$0,Positive,Positive,2.0,1.2093093395233154,0.01590403914451599,0.18248066306114197,0.8016153573989868
7eJqqvvziQo$_$5,Positive,Positive,0.3333333432674408,1.1194069385528564,0.011856310069561005,0.22981518507003784,0.7583284974098206
7eJqqvvziQo$_$7,Positive,Positive,0.3333333432674408,1.0887370109558105,0.012521175667643547,0.17260698974132538,0.8148718476295471
7eWclVCXOtk$_$0,Neutral,Neutral,0.0,0.7322416305541992,0.17491166293621063,0.4203510582447052,0.4047372043132782
7eWclVCXOtk$_$4,Positive,Neutral,1.0,0.8299555778503418,0.14512339234352112,0.49338820576667786,0.3614884316921234
7eWclVCXOtk$_$8,Positive,Neutral,0.3333333432674408,0.5822635293006897,0.11862493306398392,0.5253156423568726,0.35605940222740173
7fPYpqzw1iY$_$12,Positive,Positive,0.3333333432674408,0.5204803943634033,0.0912054181098938,0.3876173496246338,0.5211772918701172
7hSWYI99-24$_$3,Positive,Positive,1.3333333730697632,1.140699028968811,0.014607812277972698,0.12559181451797485,0.859800398349762
7hSWYI99-24$_$6,Positive,Positive,1.0,1.6876301765441895,0.01867162249982357,0.03215431421995163,0.9491741061210632
7pZPQbMKGkY$_$0,Positive,Neutral,0.6666666865348816,0.22942882776260376,0.031073469668626785,0.6626505255699158,0.30627602338790894
7pZPQbMKGkY$_$5,Neutral,Neutral,0.0,-0.4425705671310425,0.13781560957431793,0.7610687017440796,0.10111574083566666
7rMLN0KKE5k$_$28,Negative,Positive,-0.3333333432674408,0.008715914562344551,0.23812375962734222,0.2528460621833801,0.5090302228927612
7rMLN0KKE5k$_$19,Negative,Negative,-0.3333333432674408,0.11509144306182861,0.42579007148742676,0.17617054283618927,0.3980393707752228
7rMLN0KKE5k$_$32,Positive,Positive,1.6666666269302368,1.1814990043640137,0.048041313886642456,0.06945275515317917,0.8825059533119202
7sgAWvbLtiM$_$1,Neutral,Neutral,0.0,0.1619422435760498,0.030615560710430145,0.6328030228614807,0.33658134937286377
7sgAWvbLtiM$_$6,Neutral,Neutral,0.0,0.38408589363098145,0.0258328877389431,0.6892596483230591,0.2849075496196747
8-Hi9NmF4rM$_$1,Positive,Positive,1.0,0.30455106496810913,0.058276355266571045,0.4598596394062042,0.48186397552490234
8-Hi9NmF4rM$_$2,Positive,Positive,2.3333332538604736,0.9148344993591309,0.02451639622449875,0.2470819503068924,0.7284016013145447
80620$_$0,Positive,Neutral,0.3333333432674408,0.01201199647039175,0.07577759027481079,0.7472431659698486,0.176979199051857
80620$_$2,Negative,Negative,-2.0,-2.0937328338623047,0.9856382012367249,0.00730641046538949,0.0070553426630795
80620$_$5,Negative,Negative,-2.0,-1.6782585382461548,0.9639960527420044,0.024783384054899216,0.01122052501887083
80627$_$11,Negative,Negative,-1.3333333730697632,-2.3212385177612305,0.988132894039154,0.009388680569827557,0.0024784093257039785
80627$_$13,Negative,Negative,-2.0,-1.9708482027053833,0.9624093174934387,0.026307275518774986,0.011283425614237785
80866$_$13,Neutral,Neutral,0.0,-0.21699263155460358,0.2854219377040863,0.5181508660316467,0.19642721116542816
80866$_$12,Negative,Negative,-1.6666666269302368,-1.5699745416641235,0.9335561394691467,0.038932353258132935,0.02751150354743004
80866$_$14,Negative,Negative,-1.6666666269302368,-1.2544203996658325,0.883795440196991,0.06422589719295502,0.05197863653302193
80866$_$1,Positive,Neutral,0.6666666865348816,0.7922230958938599,0.020674340426921844,0.5918272733688354,0.3874984085559845
80866$_$3,Positive,Neutral,0.3333333432674408,-0.42857491970062256,0.13754428923130035,0.7752429842948914,0.08721273392438889
80866$_$2,Positive,Neutral,0.3333333432674408,0.5350528955459595,0.0573233924806118,0.7570679783821106,0.18560853600502014
80866$_$5,Neutral,Neutral,0.0,-0.2905994653701782,0.08701244741678238,0.7229422330856323,0.1900452822446823
80866$_$4,Neutral,Neutral,0.0,-0.23348379135131836,0.3051578402519226,0.5420212149620056,0.15282094478607178
80866$_$6,Neutral,Neutral,0.0,0.18380527198314667,0.027745842933654785,0.8667999505996704,0.10545428097248077
80914$_$3,Positive,Neutral,0.3333333432674408,0.4915367364883423,0.04230528324842453,0.6518140435218811,0.30588066577911377
81406$_$0,Positive,Neutral,1.0,0.44986340403556824,0.08007779717445374,0.5141301155090332,0.4057920277118683
81406$_$2,Negative,Negative,-2.3333332538604736,-1.7521748542785645,0.917772114276886,0.059014443308115005,0.023213377222418785
81615$_$3,Positive,Positive,1.6666666269302368,1.5744577646255493,0.042572613805532455,0.07413600385189056,0.8832914233207703
81615$_$7,Negative,Negative,-1.0,-2.3179931640625,0.9948999285697937,0.0030279916245490313,0.0020721054170280695
81615$_$6,Negative,Negative,-1.0,-2.2354350090026855,0.9899659156799316,0.007294581737369299,0.0027394741773605347
83310$_$1,Negative,Neutral,-0.6666666865348816,-0.274320125579834,0.3779689073562622,0.45534154772758484,0.16668950021266937
83859$_$25,Positive,Neutral,0.6666666865348816,0.20503315329551697,0.1251746565103531,0.45847219228744507,0.41635316610336304
83859$_$29,Neutral,Neutral,0.0,0.05775965750217438,0.2875831127166748,0.5531401634216309,0.15927670896053314
83859$_$1,Positive,Positive,2.6666667461395264,1.4648940563201904,0.02997192181646824,0.3755136728286743,0.5945144295692444
83859$_$3,Positive,Positive,2.6666667461395264,1.2965528964996338,0.07589744031429291,0.2139573097229004,0.7101452946662903
83859$_$11,Positive,Positive,2.6666667461395264,1.1275079250335693,0.05003051087260246,0.34476107358932495,0.6052084565162659
83859$_$12,Neutral,Neutral,0.0,0.6351561546325684,0.06521263718605042,0.6133347749710083,0.3214525878429413
83859$_$16,Positive,Positive,3.0,1.5112874507904053,0.054220542311668396,0.1520722210407257,0.7937072515487671
8404$_$11,Positive,Negative,2.0,-0.6328316926956177,0.7154106497764587,0.13224613666534424,0.15234321355819702
8404$_$4,Positive,Positive,3.0,1.8862755298614502,0.03699028864502907,0.0204025786370039,0.9426071643829346
84133$_$23,Negative,Negative,-2.0,-1.6281585693359375,0.9485573768615723,0.02781754359602928,0.02362504042685032
84133$_$2,Neutral,Negative,0.0,-0.5724697709083557,0.5069494843482971,0.3928415775299072,0.10020893067121506
84133$_$9,Neutral,Neutral,0.0,0.21807892620563507,0.06449156254529953,0.6223624348640442,0.3131459951400757
84133$_$16,Positive,Positive,1.6666666269302368,1.226961374282837,0.08775518834590912,0.16049228608608246,0.7517525553703308
84133$_$19,Negative,Negative,-1.6666666269302368,-1.5959783792495728,0.9194020628929138,0.0631590336561203,0.017438841983675957
84176$_$10,Negative,Negative,-0.3333333432674408,-1.4692394733428955,0.9002102017402649,0.04209403693675995,0.05769578367471695
84176$_$1,Positive,Positive,1.6666666269302368,1.3018056154251099,0.03266339749097824,0.1204521581530571,0.8468844294548035
84176$_$8,Negative,Negative,-3.0,-1.9994391202926636,0.9830564260482788,0.005364255979657173,0.011579408310353756
856LGms_0s0$_$9,Positive,Positive,0.6666666865348816,0.766112208366394,0.06568414717912674,0.29013797640800476,0.6441778540611267
87161$_$3,Neutral,Neutral,0.0,-0.24017983675003052,0.3538759648799896,0.5077012777328491,0.13842275738716125
87161$_$2,Neutral,Neutral,0.0,0.060488030314445496,0.07129046320915222,0.7695743441581726,0.15913517773151398
87161$_$5,Neutral,Neutral,0.0,-0.25934964418411255,0.04856722801923752,0.8912193179130554,0.060213521122932434
87400$_$13,Positive,Positive,2.6666667461395264,1.815365195274353,0.008497591130435467,0.06040170043706894,0.9311006665229797
87400$_$12,Positive,Negative,1.6666666269302368,-0.6418036222457886,0.6659412980079651,0.13676805794239044,0.19729067385196686
87400$_$14,Negative,Neutral,-0.3333333432674408,0.006171095184981823,0.16976062953472137,0.4574005603790283,0.3728388845920563
88245$_$6,Negative,Negative,-1.0,-1.4574432373046875,0.9257625937461853,0.048638343811035156,0.025599148124456406
88797$_$12,Negative,Negative,-0.3333333432674408,-1.8574166297912598,0.9367073774337769,0.0562850683927536,0.007007645908743143
88797$_$0,Neutral,Neutral,0.0,-0.09508071839809418,0.06234971061348915,0.7498965263366699,0.18775375187397003
88797$_$3,Neutral,Neutral,0.0,-0.4262882173061371,0.2410953938961029,0.6096235513687134,0.14928099513053894
88797$_$7,Neutral,Neutral,0.0,-0.26040390133857727,0.22744736075401306,0.6418704986572266,0.13068217039108276
88888$_$4,Positive,Neutral,1.6666666269302368,0.4021700620651245,0.19300399720668793,0.5505086183547974,0.2564873695373535
88S1BjwMfdw$_$7,Positive,Neutral,0.3333333432674408,0.28927499055862427,0.04122896492481232,0.7576282024383545,0.20114286243915558
88oSn21TFcA$_$0,Neutral,Neutral,0.0,0.2225823700428009,0.03219916671514511,0.7064177989959717,0.2613830864429474
88oSn21TFcA$_$8,Negative,Negative,-1.0,-1.5991485118865967,0.8849048614501953,0.0961502343416214,0.01894489862024784
89747$_$9,Positive,Positive,2.0,0.8395744562149048,0.2117551863193512,0.24249675869941711,0.5457480549812317
89787$_$14,Neutral,Neutral,0.0,-0.3680388331413269,0.41071897745132446,0.4436134696006775,0.14566755294799805
89787$_$4,Positive,Negative,1.0,-0.33559751510620117,0.5051138401031494,0.23964403569698334,0.25524213910102844
89787$_$7,Negative,Negative,-2.0,-1.8694117069244385,0.9399242997169495,0.05010661482810974,0.009969152510166168
89951$_$10,Neutral,Neutral,0.0,-0.2041712999343872,0.22802716493606567,0.685713529586792,0.08625929057598114
89951$_$8,Positive,Positive,0.3333333432674408,0.5532456636428833,0.3171790838241577,0.17938891053199768,0.503432035446167
8Cp8c-eQELQ$_$11,Positive,Neutral,0.6666666865348816,0.1556883603334427,0.04777198284864426,0.6039797067642212,0.34824830293655396
8Cp8c-eQELQ$_$16,Neutral,Neutral,0.0,0.3466183543205261,0.032848820090293884,0.5424074530601501,0.42474377155303955
8EHEEXex5D8$_$11,Positive,Neutral,1.0,0.38886451721191406,0.03409026190638542,0.5736644268035889,0.3922452926635742
8EHEEXex5D8$_$23,Positive,Positive,0.6666666865348816,0.707764208316803,0.018328703939914703,0.3207329511642456,0.6609383225440979
8EHEEXex5D8$_$18,Positive,Positive,1.3333333730697632,0.5747033357620239,0.03740636259317398,0.3944200575351715,0.5681735277175903
8Lmqsakmw3M$_$20,Positive,Positive,0.3333333432674408,0.6631865501403809,0.0402643159031868,0.2568608820438385,0.7028747797012329
8P0zm2oYDyY$_$1,Positive,Negative,1.0,-0.606464684009552,0.7682996988296509,0.150772824883461,0.08092750608921051
8P0zm2oYDyY$_$6,Positive,Positive,1.6666666269302368,0.9898154139518738,0.08876986056566238,0.37892675399780273,0.5323033332824707
8VB6pdJTpX4$_$1,Positive,Positive,0.3333333432674408,1.1839960813522339,0.03961953520774841,0.15862637758255005,0.8017541170120239
8VP1qxX9mh4$_$0,Positive,Positive,1.0,0.7842398285865784,0.01411167997866869,0.4050918519496918,0.5807965397834778
8X5tGQLBqPo$_$11,Positive,Positive,0.3333333432674408,0.5281606316566467,0.024995993822813034,0.3684612512588501,0.6065427660942078
8X5tGQLBqPo$_$10,Neutral,Neutral,0.0,0.141681507229805,0.03400319069623947,0.5018178820610046,0.4641788601875305
8X5tGQLBqPo$_$13,Neutral,Neutral,0.0,0.3027985692024231,0.019338257610797882,0.5284671187400818,0.4521946310997009
8X5tGQLBqPo$_$15,Neutral,Positive,0.0,0.4124613404273987,0.03823201358318329,0.39639073610305786,0.5653772950172424
8XODJwsvBa0$_$2,Positive,Positive,1.3333333730697632,1.0744661092758179,0.04160736873745918,0.3483716547489166,0.6100209355354309
8YsIvz4qnk4$_$1,Positive,Positive,2.6666667461395264,1.1880161762237549,0.01860542967915535,0.1478397101163864,0.8335548639297485
8ovb-GaZ3QE$_$3,Negative,Negative,-1.6666666269302368,-0.9406061172485352,0.6568316221237183,0.22797542810440063,0.11519291251897812
8ovb-GaZ3QE$_$5,Positive,Positive,1.0,1.178938627243042,0.10801497101783752,0.12460078299045563,0.7673842310905457
8qCNtqjygW8$_$10,Positive,Positive,1.0,1.0779482126235962,0.11495030671358109,0.14248651266098022,0.7425631880760193
8qCNtqjygW8$_$12,Positive,Negative,1.3333333730697632,0.19088177382946014,0.4607751667499542,0.317200630903244,0.22202427685260773
8qCNtqjygW8$_$1,Positive,Neutral,0.3333333432674408,0.0613778680562973,0.2974976599216461,0.5039023756980896,0.19859997928142548
8qCNtqjygW8$_$0,Positive,Neutral,0.3333333432674408,0.25147557258605957,0.26022061705589294,0.3737248480319977,0.3660545349121094
8qCNtqjygW8$_$7,Negative,Negative,-0.3333333432674408,0.023555178195238113,0.41826194524765015,0.34966862201690674,0.23206938803195953
8qCNtqjygW8$_$8,Neutral,Positive,0.0,0.9904727935791016,0.10612602531909943,0.4334297478199005,0.46044424176216125
8u5aet7s9_w$_$8,Positive,Positive,2.3333332538604736,0.8022962808609009,0.14444051682949066,0.295602023601532,0.5599574446678162
8x81fzwcJko$_$5,Positive,Positive,0.3333333432674408,0.5656180381774902,0.06963338702917099,0.2440434843301773,0.6863231658935547
8xfW_azeNPk$_$12,Positive,Positive,0.6666666865348816,0.8130848407745361,0.01611173152923584,0.38071104884147644,0.6031771898269653
8xfW_azeNPk$_$1,Positive,Positive,2.3333332538604736,1.5775127410888672,0.02257527783513069,0.043916814029216766,0.9335079789161682
8xfW_azeNPk$_$8,Positive,Positive,1.3333333730697632,0.9261022210121155,0.014970277436077595,0.3011714518070221,0.6838582158088684
9-EO2oCAGA4$_$10,Neutral,Negative,0.0,-1.110461950302124,0.8251237869262695,0.12383010983467102,0.051046110689640045
9-EO2oCAGA4$_$0,Positive,Positive,0.6666666865348816,0.7689120769500732,0.03671655431389809,0.2788652181625366,0.6844182014465332
9-EO2oCAGA4$_$3,Positive,Positive,0.6666666865348816,0.2948944866657257,0.1590818464756012,0.15745937824249268,0.6834587454795837
9-EO2oCAGA4$_$4,Positive,Neutral,0.6666666865348816,0.07545410096645355,0.07913260906934738,0.6671210527420044,0.2537464499473572
9-EO2oCAGA4$_$7,Positive,Negative,1.0,-0.09990426152944565,0.4283908009529114,0.3080868721008301,0.26352229714393616
9-K1CXCXui4$_$15,Positive,Neutral,0.6666666865348816,0.2187196910381317,0.06078081578016281,0.5825649499893188,0.35665419697761536
9-K1CXCXui4$_$16,Positive,Neutral,0.3333333432674408,0.35385528206825256,0.021187616512179375,0.823852002620697,0.15496030449867249
90172$_$11,Negative,Negative,-1.3333333730697632,-1.2944105863571167,0.8002113103866577,0.15940064191818237,0.04038800671696663
90172$_$14,Negative,Negative,-1.6666666269302368,-1.2609931230545044,0.8832651972770691,0.08622964471578598,0.03050522692501545
90172$_$0,Negative,Negative,-1.6666666269302368,-0.4527389407157898,0.5954301357269287,0.2586479187011719,0.14592188596725464
90172$_$3,Neutral,Neutral,0.0,0.016061775386333466,0.18854226171970367,0.6466528177261353,0.16480496525764465
90172$_$7,Negative,Negative,-2.3333332538604736,-2.0070950984954834,0.9909563660621643,0.00430056219920516,0.004743039608001709
90wZz0thye4$_$11,Positive,Positive,0.6666666865348816,1.58986234664917,0.011357984505593777,0.10041037946939468,0.888231635093689
90wZz0thye4$_$10,Positive,Positive,0.3333333432674408,1.378010630607605,0.004631670191884041,0.12325125187635422,0.8721170425415039
90wZz0thye4$_$2,Positive,Positive,1.0,0.7280014157295227,0.09665355831384659,0.383654922246933,0.5196914672851562
91276$_$1,Neutral,Neutral,0.0,-0.0411110520362854,0.08329497277736664,0.8311625719070435,0.08554254472255707
91276$_$7,Negative,Positive,-1.6666666269302368,0.45464813709259033,0.2066754400730133,0.2980249524116516,0.4952996075153351
91276$_$8,Negative,Negative,-1.0,-1.3031904697418213,0.8590981364250183,0.1202147901058197,0.0206870436668396
91y7nPEWdmQ$_$5,Negative,Negative,-0.6666666865348816,-0.6075888276100159,0.5646004676818848,0.33277982473373413,0.10261969268321991
92221$_$11,Positive,Neutral,0.3333333432674408,0.06964071094989777,0.260696679353714,0.4945463538169861,0.24475699663162231
92221$_$12,Neutral,Neutral,0.0,0.7180448174476624,0.04330272972583771,0.7442185282707214,0.21247872710227966
92221$_$18,Positive,Positive,1.0,0.854534387588501,0.03208036348223686,0.4026150703430176,0.5653045773506165
92221$_$5,Positive,Positive,0.3333333432674408,0.9919284582138062,0.02338479645550251,0.147299125790596,0.8293161392211914
92331$_$20,Negative,Negative,-2.6666667461395264,-2.493675947189331,0.992622971534729,0.005447838455438614,0.001929261488839984
92331$_$21,Negative,Negative,-3.0,-2.0393433570861816,0.9691832661628723,0.020706508308649063,0.010110150091350079
92331$_$22,Negative,Negative,-2.0,-1.076533555984497,0.6144917011260986,0.2609120011329651,0.12459632009267807
92331$_$1,Positive,Positive,0.3333333432674408,0.7700384259223938,0.022648882120847702,0.35377514362335205,0.6235759258270264
92331$_$2,Negative,Negative,-2.6666667461395264,-1.027592420578003,0.7941689491271973,0.14131037890911102,0.0645207092165947
92331$_$8,Negative,Negative,-1.6666666269302368,-0.11714640259742737,0.42848533391952515,0.3753886818885803,0.19612596929073334
92331$_$10,Negative,Negative,-0.6666666865348816,-1.082645058631897,0.7808460593223572,0.1548255980014801,0.0643284022808075
92331$_$18,Negative,Negative,-2.0,-2.2707014083862305,0.9883922934532166,0.008530575782060623,0.003077131463214755
92521$_$0,Neutral,Neutral,0.0,0.2120826244354248,0.09221050888299942,0.6857715249061584,0.22201795876026154
92521$_$6,Positive,Positive,2.0,1.2323644161224365,0.12337459623813629,0.13918720185756683,0.7374382019042969
92533$_$7,Negative,Negative,-2.0,-1.5911304950714111,0.9058166742324829,0.08397199213504791,0.010211348533630371
92533$_$6,Negative,Negative,-2.3333332538604736,-2.3714680671691895,0.993061363697052,0.004247764591127634,0.002690870314836502
93821$_$1,Negative,Negative,-1.6666666269302368,-1.5794174671173096,0.944416880607605,0.03296969458460808,0.022613462060689926
93821$_$7,Positive,Positive,1.3333333730697632,0.6576536297798157,0.05336788669228554,0.1894669234752655,0.757165253162384
93839$_$11,Negative,Negative,-2.0,-0.925732433795929,0.8123459815979004,0.08901770412921906,0.09863631427288055
93839$_$1,Negative,Negative,-2.6666667461395264,-1.423601746559143,0.8995513916015625,0.0742705911397934,0.0261780247092247
93839$_$7,Negative,Negative,-1.6666666269302368,-1.8810558319091797,0.9764200448989868,0.015367052517831326,0.008212915621697903
94215$_$1,Negative,Negative,-2.0,-1.6996307373046875,0.9822140336036682,0.00904763862490654,0.008738407865166664
94983$_$11,Negative,Negative,-2.3333332538604736,-1.9000301361083984,0.9567919969558716,0.02599785476922989,0.017210163176059723
94983$_$6,Negative,Negative,-1.0,-2.518183708190918,0.9945408701896667,0.004500885959714651,0.0009583506034687161
94ULum9MYX0$_$11,Neutral,Negative,0.0,-0.3827340602874756,0.8311163187026978,0.06492538750171661,0.10395827144384384
96099$_$3,Neutral,Neutral,0.0,-0.24662601947784424,0.13927510380744934,0.7697166800498962,0.09100819379091263
96099$_$9,Negative,Negative,-2.3333332538604736,-2.2075719833374023,0.9835220575332642,0.011462544091045856,0.005015339702367783
96179$_$13,Negative,Negative,-2.0,-2.4221789836883545,0.9932605624198914,0.004625687375664711,0.0021137683652341366
96179$_$14,Negative,Negative,-1.0,-1.6909985542297363,0.8916310667991638,0.09586851298809052,0.012500373646616936
96179$_$5,Negative,Negative,-1.0,-1.4465872049331665,0.9103860855102539,0.06875136494636536,0.02086249738931656
96194$_$12,Negative,Negative,-0.6666666865348816,-1.2332314252853394,0.909649670124054,0.07034960389137268,0.020000772550702095
96194$_$6,Negative,Negative,-1.3333333730697632,-1.4459803104400635,0.8653271794319153,0.12041211873292923,0.014260657131671906
96350$_$2,Neutral,Neutral,0.0,-0.07270202040672302,0.1650840938091278,0.7120606303215027,0.1228552982211113
96350$_$5,Negative,Negative,-2.0,-1.7872474193572998,0.9111099243164062,0.0781797468662262,0.010710255242884159
96350$_$7,Negative,Negative,-1.0,-0.8595916032791138,0.5343044996261597,0.2012736052274704,0.2644219696521759
96350$_$9,Negative,Negative,-2.6666667461395264,-1.423995018005371,0.8651294112205505,0.08300641179084778,0.05186419188976288
96350$_$8,Negative,Negative,-2.3333332538604736,-1.3227771520614624,0.8111484050750732,0.16114689409732819,0.027704661712050438
96361$_$4,Neutral,Neutral,0.0,-0.10847990214824677,0.07599764317274094,0.7860400676727295,0.137962207198143
96361$_$7,Positive,Neutral,1.6666666269302368,0.22322121262550354,0.16389943659305573,0.6063346266746521,0.22976599633693695
96361$_$6,Positive,Neutral,1.3333333730697632,0.1963074803352356,0.23572227358818054,0.41303715109825134,0.3512405753135681
96361$_$8,Negative,Negative,-0.6666666865348816,-1.327432632446289,0.7946368455886841,0.19045186042785645,0.014911225065588951
97095$_$24,Positive,Negative,3.0,-0.42921900749206543,0.5943208932876587,0.3165608048439026,0.08911830931901932
97095$_$20,Neutral,Neutral,0.0,-0.4320720434188843,0.3450533151626587,0.5596001744270325,0.09534646570682526
97095$_$29,Positive,Positive,2.0,1.5517168045043945,0.03141956403851509,0.12981753051280975,0.8387629389762878
97095$_$0,Neutral,Neutral,0.0,0.09461644291877747,0.07084746658802032,0.7629925012588501,0.16616004705429077
97095$_$2,Neutral,Neutral,0.0,-0.23732833564281464,0.2704945206642151,0.5910025835037231,0.13850294053554535
97095$_$5,Neutral,Neutral,0.0,-0.6934586763381958,0.4075387120246887,0.5482672452926636,0.044194046407938004
97095$_$11,Positive,Positive,2.6666667461395264,1.3328269720077515,0.02964530698955059,0.3710176944732666,0.5993370413780212
97095$_$17,Positive,Negative,0.6666666865348816,-0.8466190099716187,0.756098747253418,0.1858888417482376,0.05801241844892502
97095$_$16,Neutral,Neutral,0.0,-0.35303041338920593,0.19606903195381165,0.6938027143478394,0.11012835055589676
97095$_$33,Positive,Positive,1.6666666269302368,1.382699966430664,0.10646603256464005,0.09929698705673218,0.7942368984222412
97095$_$32,Positive,Neutral,0.6666666865348816,-0.13799622654914856,0.3529777228832245,0.44642287492752075,0.20059946179389954
97992$_$10,Positive,Positive,2.3333332538604736,0.8441346287727356,0.2681170403957367,0.14070457220077515,0.5911783576011658
97992$_$9,Negative,Negative,-0.6666666865348816,-1.2385400533676147,0.9341626763343811,0.056013502180576324,0.009823805652558804
98187$_$11,Negative,Negative,-2.0,-1.8925604820251465,0.9731439352035522,0.019235940650105476,0.00762007525190711
98187$_$12,Negative,Negative,-1.0,-1.6474287509918213,0.9637655019760132,0.030429745092988014,0.0058048623614013195
98187$_$1,Neutral,Neutral,0.0,0.6749302744865417,0.03566807880997658,0.5892306566238403,0.3751012980937958
98442$_$10,Negative,Negative,-0.6666666865348816,-0.2993640601634979,0.518329918384552,0.2596731185913086,0.2219969481229782
984VkHzXl8w$_$7,Positive,Neutral,1.3333333730697632,0.6332893967628479,0.048327669501304626,0.5928694009780884,0.3588029742240906
9BceQC_SdTM$_$3,Positive,Positive,0.3333333432674408,0.4077865183353424,0.0792081281542778,0.2604854106903076,0.6603063941001892
9BceQC_SdTM$_$6,Negative,Neutral,-0.3333333432674408,-0.2115090787410736,0.28598737716674805,0.47540000081062317,0.2386125922203064
9K5mYSaoBL4$_$4,Positive,Negative,0.3333333432674408,0.3154345750808716,0.5233491063117981,0.12329652160406113,0.3533543348312378
9K5mYSaoBL4$_$9,Neutral,Neutral,0.0,0.45620399713516235,0.17633619904518127,0.465322881937027,0.35834094882011414
9Un1O2ypJmI$_$5,Positive,Positive,2.3333332538604736,0.9369995594024658,0.01710560731589794,0.16787053644657135,0.8150237798690796
9VZ4cpoTFbo$_$2,Neutral,Neutral,0.0,-0.37393563985824585,0.2858412265777588,0.5583919882774353,0.15576675534248352
9VZ4cpoTFbo$_$5,Positive,Positive,1.0,0.8799399137496948,0.04777253419160843,0.22128978371620178,0.7309377193450928
9cSJglGi9Pg$_$6,Neutral,Negative,0.0,-0.2582334280014038,0.4308519959449768,0.3790262043476105,0.1901218444108963
9cxlcpbmrH0$_$11,Positive,Negative,0.6666666865348816,-0.881935179233551,0.6961051821708679,0.2488170564174652,0.05507776886224747
9dFEGb_RfwE$_$11,Neutral,Neutral,0.0,0.18350118398666382,0.21446123719215393,0.41255247592926025,0.3729862570762634
9f6A3ucYArQ$_$3,Negative,Neutral,-1.6666666269302368,-0.488750159740448,0.17018017172813416,0.7112341523170471,0.11858561635017395
9pdyTplXwM4$_$5,Positive,Neutral,0.3333333432674408,0.27676546573638916,0.042596474289894104,0.5587284564971924,0.3986750841140747
9pzn93kdP_g$_$11,Positive,Neutral,0.3333333432674408,0.3361854553222656,0.054047901183366776,0.5413720011711121,0.40458008646965027
9pzn93kdP_g$_$17,Positive,Positive,1.6666666269302368,0.4811165928840637,0.027817724272608757,0.47429728507995605,0.4978850185871124
9pzn93kdP_g$_$3,Neutral,Neutral,0.0,0.11516554653644562,0.039252955466508865,0.8872655034065247,0.07348156720399857
9tX18DNC74w$_$4,Neutral,Negative,0.0,-0.6386138200759888,0.7155940532684326,0.21802467107772827,0.06638122349977493
9zWeMrfr-l0$_$0,Neutral,Positive,0.0,0.875419557094574,0.02059132605791092,0.28023916482925415,0.6991694569587708
A4dzxgHDhF0$_$1,Neutral,Positive,0.0,0.0932122990489006,0.13833333551883698,0.4149101972579956,0.44675642251968384
A8plGi4rbxM$_$4,Negative,Negative,-2.6666667461395264,-1.4008005857467651,0.7912653684616089,0.165561705827713,0.043172892183065414
ABSC1JNdpTw$_$9,Positive,Neutral,0.3333333432674408,-0.3548399806022644,0.27514344453811646,0.4922640025615692,0.2325926125049591
ABSC1JNdpTw$_$11,Neutral,Neutral,0.0,0.16542500257492065,0.04176216572523117,0.6114603877067566,0.34677743911743164
ADYia28RrFU$_$4,Positive,Positive,1.0,1.3941397666931152,0.011140295304358006,0.08126821368932724,0.9075915217399597
ADYia28RrFU$_$7,Positive,Positive,0.3333333432674408,1.093862771987915,0.21687591075897217,0.04350198060274124,0.739622175693512
ADYia28RrFU$_$9,Positive,Positive,1.0,0.852602481842041,0.024195535108447075,0.12990766763687134,0.8458967804908752
ADYia28RrFU$_$8,Negative,Negative,-0.3333333432674408,-0.748005211353302,0.8354499340057373,0.049554504454135895,0.11499558389186859
AGFgaKPzjMQ$_$2,Positive,Positive,0.6666666865348816,0.807289719581604,0.06394796818494797,0.22276663780212402,0.7132853269577026
AIPqRuTjI4E$_$14,Neutral,Neutral,0.0,-0.22399753332138062,0.08321830630302429,0.7466036081314087,0.1701781302690506
AIPqRuTjI4E$_$16,Neutral,Neutral,0.0,-0.16620656847953796,0.04666551202535629,0.7257164120674133,0.22761811316013336
AKofHsmxa1I$_$6,Positive,Positive,2.3333332538604736,1.9072659015655518,0.014015952125191689,0.030807847157120705,0.9551762342453003
APYv5s4ucd0$_$9,Positive,Positive,0.6666666865348816,0.4194127917289734,0.09143789112567902,0.2870560884475708,0.6215060949325562
AVScVfLgNmw$_$1,Neutral,Neutral,0.0,0.14288003742694855,0.1772793084383011,0.5611088275909424,0.2616119086742401
AVScVfLgNmw$_$2,Positive,Positive,1.0,1.0544114112854004,0.028236383572220802,0.1423327922821045,0.8294308185577393
AepwIhSbAws$_$2,Negative,Negative,-1.3333333730697632,-0.7231125831604004,0.5663242340087891,0.32909253239631653,0.1045832633972168
AggyS1coOb8$_$1,Positive,Neutral,0.3333333432674408,0.23965853452682495,0.04470762982964516,0.5533495545387268,0.4019428491592407
AmGocfFQfVE$_$1,Negative,Negative,-0.3333333432674408,-0.4590721130371094,0.5828624367713928,0.27073100209236145,0.14640659093856812
AuPCZlKBzq8$_$11,Positive,Positive,1.3333333730697632,1.203294277191162,0.009171487763524055,0.19515037536621094,0.7956780791282654
Az3e1Opu0LE$_$1,Neutral,Neutral,0.0,-0.316070556640625,0.11773543804883957,0.6977235674858093,0.1845410168170929
Az3e1Opu0LE$_$5,Neutral,Neutral,0.0,-0.14215880632400513,0.06420469284057617,0.8383128046989441,0.09748245775699615
BAi3ZJo5Vwg$_$11,Positive,Positive,0.6666666865348816,0.7267700433731079,0.02756703644990921,0.40294715762138367,0.5694857835769653
BAi3ZJo5Vwg$_$7,Neutral,Neutral,0.0,0.6122544407844543,0.037007614970207214,0.5106576085090637,0.45233479142189026
BB_VwJSg3AI$_$6,Neutral,Neutral,0.0,-0.4677382707595825,0.4402177333831787,0.46705126762390137,0.09273099154233932
BBoe8-HWPSw$_$4,Positive,Negative,0.3333333432674408,0.07636795192956924,0.4539586901664734,0.16467221081256866,0.38136908411979675
BBoe8-HWPSw$_$7,Positive,Positive,2.3333332538604736,1.469489574432373,0.015290605835616589,0.07682578265666962,0.9078835844993591
BDCFV4EqHjY$_$1,Positive,Positive,0.3333333432674408,-0.2625998258590698,0.30333811044692993,0.28730183839797974,0.4093601107597351
BMhG11CXgww$_$5,Negative,Neutral,-1.3333333730697632,-0.3183128237724304,0.39815783500671387,0.49587732553482056,0.10596492141485214
BRdw-_dbJXc$_$19,Positive,Neutral,0.6666666865348816,0.46880197525024414,0.040135450661182404,0.6124380230903625,0.34742650389671326
BRzjQHYWbSs$_$11,Neutral,Neutral,0.0,0.12387318909168243,0.06306665390729904,0.6206607222557068,0.31627267599105835
BRzjQHYWbSs$_$15,Negative,Neutral,-1.0,-0.2525753676891327,0.3360781967639923,0.4137176275253296,0.2502041459083557
BRzjQHYWbSs$_$16,Positive,Positive,1.0,0.5860053300857544,0.03174218535423279,0.3645481765270233,0.6037096381187439
BdqoZ5qpz0E$_$7,Positive,Neutral,0.6666666865348816,0.07587706297636032,0.2257760465145111,0.45377787947654724,0.32044607400894165
BdqoZ5qpz0E$_$6,Negative,Neutral,-0.3333333432674408,-0.5258511304855347,0.40497127175331116,0.49193036556243896,0.10309837013483047
BdqoZ5qpz0E$_$15,Positive,Negative,1.0,-0.2450457215309143,0.6060658097267151,0.2514019012451172,0.14253224432468414
Bf5owLv3X98$_$4,Positive,Neutral,0.3333333432674408,0.005103847943246365,0.23634479939937592,0.5010842084884644,0.26257094740867615
Bg-PA5KTjNs$_$1,Negative,Negative,-0.3333333432674408,-1.2735848426818848,0.895918071269989,0.05666198208928108,0.047419942915439606
Bg-PA5KTjNs$_$3,Negative,Negative,-0.3333333432674408,-0.8615986704826355,0.8510135412216187,0.02736087143421173,0.12162557989358902
Bg-PA5KTjNs$_$6,Positive,Negative,1.3333333730697632,-1.3505765199661255,0.8710815906524658,0.07076452672481537,0.05815387889742851
Bg-PA5KTjNs$_$8,Positive,Positive,1.6666666269302368,1.2956143617630005,0.04979318752884865,0.05455612391233444,0.8956506848335266
BnWvk0YRgE4$_$0,Negative,Neutral,-0.6666666865348816,0.34140464663505554,0.05235186964273453,0.5482873320579529,0.399360716342926
Bo5IDtP8_Fk$_$11,Positive,Negative,1.0,-0.38775569200515747,0.6285417675971985,0.14552856981754303,0.2259296476840973
BseI8-TYWm8$_$1,Neutral,Neutral,0.0,0.39924079179763794,0.1720355898141861,0.5650723576545715,0.2628920376300812
BseI8-TYWm8$_$2,Neutral,Neutral,0.0,-0.15783169865608215,0.3511134684085846,0.5451691746711731,0.10371734946966171
BseI8-TYWm8$_$4,Positive,Positive,2.0,1.0421044826507568,0.0531252846121788,0.21983368694782257,0.7270410060882568
BuPhjBayua8$_$7,Negative,Negative,-0.6666666865348816,-0.813305675983429,0.5425777435302734,0.3233141303062439,0.13410815596580505
BuPhjBayua8$_$6,Positive,Positive,0.6666666865348816,1.4611281156539917,0.009212566539645195,0.08983165770769119,0.9009557366371155
C03473pYcRM$_$7,Positive,Positive,0.3333333432674408,0.7980135679244995,0.0902479887008667,0.1264314353466034,0.7833205461502075
C3lDRFu1ZcI$_$1,Positive,Neutral,0.3333333432674408,0.2580408751964569,0.09816274046897888,0.6557753682136536,0.24606190621852875
C3lDRFu1ZcI$_$3,Positive,Positive,0.6666666865348816,0.7689394950866699,0.09336291253566742,0.3180340528488159,0.5886030197143555
CBYQDIqucxE$_$0,Positive,Positive,1.0,0.8808361887931824,0.024344706907868385,0.24218353629112244,0.7334717512130737
CE9yV4SearE$_$11,Positive,Neutral,0.3333333432674408,-0.16580893099308014,0.18131041526794434,0.6753084659576416,0.14338111877441406
CHh6hWo1AFE$_$2,Negative,Negative,-0.6666666865348816,-0.5663676261901855,0.5912864208221436,0.32751673460006714,0.0811968594789505
CIqRibqChDQ$_$0,Negative,Negative,-0.6666666865348816,-0.5093010663986206,0.48999497294425964,0.27600714564323425,0.23399794101715088
CIqRibqChDQ$_$8,Neutral,Neutral,0.0,0.28111007809638977,0.06488945335149765,0.6531597375869751,0.28195086121559143
CK31s0kfp-k$_$16,Positive,Positive,0.6666666865348816,1.1260586977005005,0.020641876384615898,0.2218039184808731,0.7575541734695435
CL4hDu95Eqw$_$0,Positive,Positive,0.6666666865348816,0.8140236139297485,0.04270479828119278,0.2969553470611572,0.660339891910553
CL4hDu95Eqw$_$3,Positive,Positive,2.6666667461395264,0.8761365413665771,0.1326487511396408,0.24606066942214966,0.6212906241416931
CLkTjujFVKU$_$12,Positive,Negative,0.6666666865348816,-0.21513888239860535,0.38480255007743835,0.34879323840141296,0.26640424132347107
CLkTjujFVKU$_$0,Positive,Negative,1.0,0.09321308135986328,0.38361528515815735,0.2586289346218109,0.35775575041770935
CT7QOWbhfv4$_$3,Positive,Positive,2.0,0.8262752294540405,0.19927798211574554,0.22931639850139618,0.5714055895805359
CVx494kExvc$_$2,Positive,Positive,0.6666666865348816,1.202730655670166,0.012525021098554134,0.18287593126296997,0.8045990467071533
CVx494kExvc$_$6,Neutral,Neutral,0.0,0.8560948371887207,0.015194102190434933,0.5263403058052063,0.458465576171875
CVx494kExvc$_$15,Positive,Positive,0.6666666865348816,0.46362894773483276,0.0365116111934185,0.4359281659126282,0.5275601744651794
CVx494kExvc$_$8,Positive,Positive,0.6666666865348816,0.853374719619751,0.021347085013985634,0.2915608882904053,0.6870920658111572
CXojk-oSaEw$_$2,Negative,Negative,-0.6666666865348816,-0.02011435478925705,0.4061151146888733,0.2585611641407013,0.3353237211704254
CZigX1ntOsI$_$3,Neutral,Neutral,0.0,0.08303505182266235,0.31433627009391785,0.4104917645454407,0.2751719057559967
Cb8ay6WtJuM$_$1,Positive,Positive,2.6666667461395264,1.48231840133667,0.02430509403347969,0.26857703924179077,0.7071177959442139
Cb8ay6WtJuM$_$4,Positive,Positive,1.6666666269302368,1.9851725101470947,0.017834845930337906,0.011706368997693062,0.9704588055610657
Cd0JH1AreDw$_$5,Neutral,Neutral,0.0,0.23138178884983063,0.041907213628292084,0.7301830053329468,0.2279098629951477
CdB8QBhFccs$_$1,Positive,Neutral,0.3333333432674408,-0.06534020602703094,0.11984233558177948,0.6089855432510376,0.2711721658706665
CdB8QBhFccs$_$2,Negative,Neutral,-2.0,-0.19277635216712952,0.30245983600616455,0.3990124464035034,0.29852762818336487
CdB8QBhFccs$_$4,Negative,Negative,-1.0,-0.6786109209060669,0.7831500172615051,0.12188411504030228,0.09496581554412842
Ceu9AkIjuLY$_$13,Negative,Positive,-0.6666666865348816,0.26576781272888184,0.058342598378658295,0.46843913197517395,0.47321817278862
Ceu9AkIjuLY$_$2,Positive,Neutral,0.3333333432674408,0.5096793174743652,0.13606426119804382,0.44352737069129944,0.42040836811065674
Ceu9AkIjuLY$_$4,Negative,Neutral,-0.6666666865348816,-0.5545073747634888,0.37437179684638977,0.5047274231910706,0.1209006980061531
Ceu9AkIjuLY$_$8,Negative,Negative,-1.0,-0.8871480226516724,0.6555665135383606,0.26548483967781067,0.07894865423440933
Cj7R36s4dbM$_$10,Positive,Positive,0.6666666865348816,1.3978440761566162,0.024122415110468864,0.06381122767925262,0.9120663404464722
Ctc23Icfzvg$_$3,Neutral,Neutral,0.0,0.46372702717781067,0.03363427519798279,0.7753875851631165,0.19097816944122314
Ctc23Icfzvg$_$5,Neutral,Neutral,0.0,0.08552271127700806,0.06626451015472412,0.728358268737793,0.20537719130516052
CvW0Mh1EWFA$_$3,Positive,Positive,1.0,1.2337864637374878,0.02808012068271637,0.09101163595914841,0.8809082508087158
CzstrpOTtgo$_$4,Neutral,Negative,0.0,-0.5743183493614197,0.43054288625717163,0.42918309569358826,0.14027397334575653
D5cQWqYcBAE$_$0,Neutral,Positive,0.0,0.5130993723869324,0.034100938588380814,0.4354099631309509,0.5304890871047974
D5cQWqYcBAE$_$2,Positive,Positive,1.3333333730697632,0.9395847916603088,0.026806004345417023,0.20702780783176422,0.7661662101745605
DEFDuYyc-Xw$_$7,Negative,Neutral,-0.3333333432674408,-0.29097360372543335,0.21223632991313934,0.6682620644569397,0.11950153857469559
DGeBPk1op3E$_$2,Neutral,Neutral,0.0,0.3382337689399719,0.10781107097864151,0.45269888639450073,0.43949010968208313
DGeBPk1op3E$_$5,Positive,Positive,2.0,1.1006948947906494,0.021304655820131302,0.3300809860229492,0.6486142873764038
DQ7QKE3hzVg$_$1,Positive,Neutral,0.3333333432674408,0.46467992663383484,0.09304868429899216,0.47515758872032166,0.4317937195301056
DXQGngge7vU$_$4,Neutral,Neutral,0.0,-0.196082204580307,0.07842443883419037,0.7591236233711243,0.16245199739933014
DZBpdzrMelA$_$3,Neutral,Negative,0.0,-1.02359139919281,0.8179132342338562,0.15400323271751404,0.028083598241209984
DZBpdzrMelA$_$5,Positive,Positive,1.0,0.6176149249076843,0.0895257219672203,0.26436400413513184,0.6461102962493896
DZIFCYOhosQ$_$5,Negative,Negative,-0.3333333432674408,-0.999159574508667,0.8990665078163147,0.06459733843803406,0.03633618727326393
DZIFCYOhosQ$_$6,Neutral,Neutral,0.0,0.28824400901794434,0.054708585143089294,0.5278522968292236,0.4174391031265259
DaXkixKFEvE$_$4,Positive,Neutral,0.3333333432674408,0.1977732628583908,0.07150261849164963,0.6777635216712952,0.2507338523864746
DatH-ra0VKY$_$12,Positive,Positive,1.0,0.6986299157142639,0.041285861283540726,0.22110892832279205,0.7376051545143127
DatH-ra0VKY$_$3,Positive,Positive,0.6666666865348816,-0.08841332793235779,0.23853833973407745,0.28126686811447144,0.4801947772502899
DatH-ra0VKY$_$4,Neutral,Positive,0.0,0.5391319990158081,0.05499660596251488,0.27388206124305725,0.6711212992668152
DbAppk7xT0Y$_$0,Positive,Negative,0.3333333432674408,0.19248269498348236,0.4856080412864685,0.27604007720947266,0.23835192620754242
DfTMoqwMHVE$_$0,Positive,Positive,0.3333333432674408,0.3451431691646576,0.22833003103733063,0.36415037512779236,0.407519668340683
DhXBaBOB4E8$_$5,Positive,Positive,0.6666666865348816,0.1221957877278328,0.24906575679779053,0.341924786567688,0.4090094566345215
DiOw-w5LDJ0$_$1,Positive,Positive,1.0,1.025177240371704,0.04930263012647629,0.21132682263851166,0.739370584487915
DiOw-w5LDJ0$_$0,Positive,Positive,1.0,1.0531609058380127,0.03450986370444298,0.14552420377731323,0.8199658989906311
Drhrzj1yhVs$_$8,Neutral,Neutral,0.0,-0.157649964094162,0.28045135736465454,0.37380215525627136,0.3457464575767517
Drhrzj1yhVs$_$5,Positive,Negative,1.0,-0.12209442257881165,0.41255858540534973,0.3709651827812195,0.2164762020111084
Dws8ZrzF7xQ$_$7,Positive,Positive,0.3333333432674408,0.3482305407524109,0.06405597925186157,0.36240169405937195,0.5735422968864441
E0g6nae4Ae4$_$24,Positive,Negative,1.0,-0.6216344833374023,0.5900661945343018,0.2816905379295349,0.12824320793151855
E0g6nae4Ae4$_$22,Positive,Neutral,0.6666666865348816,-0.16850948333740234,0.314622163772583,0.48992976546287537,0.19544807076454163
E0g6nae4Ae4$_$23,Positive,Positive,1.3333333730697632,0.5470135807991028,0.0700811818242073,0.46298807859420776,0.46693068742752075
E0g6nae4Ae4$_$1,Positive,Neutral,0.3333333432674408,0.3304346203804016,0.06912320107221603,0.5301616787910461,0.400715172290802
E0g6nae4Ae4$_$4,Positive,Neutral,1.3333333730697632,0.35676583647727966,0.052837636321783066,0.6998111605644226,0.24735115468502045
E0g6nae4Ae4$_$8,Neutral,Neutral,0.0,0.3987575173377991,0.04062299802899361,0.547825813293457,0.4115511476993561
E0g6nae4Ae4$_$19,Positive,Neutral,1.3333333730697632,0.07329495251178741,0.21849298477172852,0.6435261964797974,0.13798081874847412
E0g6nae4Ae4$_$33,Positive,Positive,1.0,0.7651654481887817,0.11386571824550629,0.2108890861272812,0.6752451658248901
E8L1Z71vKG8$_$3,Neutral,Negative,0.0,-0.07222037017345428,0.44376903772354126,0.28078559041023254,0.2754453718662262
EEUGfVTyTQM$_$1,Positive,Positive,1.3333333730697632,0.29588258266448975,0.028132744133472443,0.457010418176651,0.5148568749427795
EHbZ2EeVags$_$1,Positive,Positive,1.3333333730697632,0.7601656913757324,0.04166888818144798,0.37739670276641846,0.5809343457221985
EJT25p7JahU$_$7,Negative,Negative,-1.3333333730697632,-0.6009910106658936,0.6695943474769592,0.1912960559129715,0.1391095668077469
EJT25p7JahU$_$6,Positive,Positive,0.3333333432674408,0.07800573855638504,0.08822810649871826,0.367371141910553,0.5444008111953735
EO_SN04Xef0$_$2,Positive,Positive,2.0,1.372513771057129,0.01144442893564701,0.18125182390213013,0.807303786277771
EOkdFMw0pmk$_$11,Neutral,Neutral,0.0,0.4078982472419739,0.13378165662288666,0.7134025692939758,0.15281575918197632
EOkdFMw0pmk$_$9,Neutral,Negative,0.0,-0.6264351606369019,0.5838945508003235,0.37098929286003113,0.04511614888906479
ERnYvxojeu0$_$1,Neutral,Neutral,0.0,-0.3237525522708893,0.10291711986064911,0.7654423117637634,0.13164052367210388
ERnYvxojeu0$_$2,Neutral,Neutral,0.0,0.560698926448822,0.041622769087553024,0.5918771028518677,0.3665001392364502
ERnYvxojeu0$_$4,Positive,Neutral,0.3333333432674408,0.13340353965759277,0.058731600642204285,0.6628486514091492,0.2784197926521301
EULEL3QhKD0$_$3,Positive,Neutral,0.3333333432674408,0.6776354908943176,0.06633118540048599,0.5264855623245239,0.4071832597255707
E_ocLuUw-1I$_$1,Positive,Positive,0.5,0.7801363468170166,0.02860691025853157,0.2896108031272888,0.6817822456359863
Ea_Huc2-lwo$_$2,Positive,Positive,1.6666666269302368,1.19956374168396,0.020362239331007004,0.06623507291078568,0.9134026765823364
Emi9cw9xa00$_$9,Negative,Positive,-1.0,0.5085741877555847,0.08785690367221832,0.39854657649993896,0.5135964751243591
Emjv2cDzW1E$_$0,Neutral,Neutral,0.0,0.4897409677505493,0.040129661560058594,0.5525069236755371,0.4073633849620819
EoC83JhkCAw$_$10,Positive,Positive,0.6666666865348816,1.1528860330581665,0.06925741583108902,0.2639155983924866,0.6668270230293274
EoC83JhkCAw$_$5,Positive,Positive,1.3333333730697632,1.6456458568572998,0.026418587192893028,0.08912695199251175,0.8844544291496277
EoC83JhkCAw$_$4,Positive,Positive,2.3333332538604736,1.3046152591705322,0.02470068819820881,0.2197342813014984,0.7555650472640991
EpadyoYlAjQ$_$0,Positive,Neutral,0.3333333432674408,0.5607643127441406,0.0382235161960125,0.585098147392273,0.37667834758758545
ExDLNkDVsxY$_$4,Neutral,Negative,0.0,0.07204852998256683,0.4650381803512573,0.2513769567012787,0.2835848331451416
ExDLNkDVsxY$_$6,Positive,Neutral,0.3333333432674408,-0.1344873309135437,0.4081471860408783,0.4569721817970276,0.1348806470632553
F2M7WbPXRps$_$11,Positive,Positive,0.3333333432674408,-0.02641410380601883,0.12537477910518646,0.3974360525608063,0.47718918323516846
F2M7WbPXRps$_$12,Positive,Positive,0.3333333432674408,0.49522995948791504,0.029036017134785652,0.29100778698921204,0.6799562573432922
F4OhXQTMOEc$_$3,Negative,Negative,-1.3333333730697632,-1.1171313524246216,0.8305147886276245,0.10618449002504349,0.06330063194036484
F59hwsm4Ld0$_$23,Positive,Positive,0.6666666865348816,0.4077339768409729,0.22134199738502502,0.3094389736652374,0.4692189395427704
F59hwsm4Ld0$_$49,Positive,Neutral,1.0,0.6917237043380737,0.022364899516105652,0.5696962475776672,0.4079388976097107
F59hwsm4Ld0$_$0,Positive,Positive,1.6666666269302368,1.6552300453186035,0.00823498610407114,0.06543459743261337,0.9263303875923157
F59hwsm4Ld0$_$7,Positive,Neutral,1.0,0.8805899620056152,0.061162833124399185,0.5135095715522766,0.4253275394439697
F59hwsm4Ld0$_$6,Positive,Neutral,1.3333333730697632,0.23455019295215607,0.29037749767303467,0.4618086516857147,0.24781379103660583
F59hwsm4Ld0$_$11,Positive,Positive,1.0,0.5246434807777405,0.30768516659736633,0.2956559956073761,0.3966587781906128
F59hwsm4Ld0$_$14,Negative,Negative,-0.6666666865348816,-1.1278126239776611,0.8397626876831055,0.12941712141036987,0.03082018531858921
F59hwsm4Ld0$_$17,Positive,Neutral,1.3333333730697632,0.5248809456825256,0.10221629589796066,0.4712808132171631,0.4265028238296509
F59hwsm4Ld0$_$16,Neutral,Neutral,0.0,0.9431102871894836,0.036255404353141785,0.6621915102005005,0.30155307054519653
F59hwsm4Ld0$_$36,Positive,Negative,1.0,-0.2017936259508133,0.5290485620498657,0.31833508610725403,0.15261632204055786
F5SGdvSRJmo$_$10,Positive,Positive,1.0,1.230970025062561,0.03071066364645958,0.20063070952892303,0.7686585783958435
F5SGdvSRJmo$_$3,Positive,Positive,1.3333333730697632,0.4055883288383484,0.09637467563152313,0.423149436712265,0.4804758131504059
F5SGdvSRJmo$_$7,Positive,Neutral,2.0,1.0018281936645508,0.030915113165974617,0.5776984691619873,0.3913864493370056
F6Ci45lP5aA$_$0,Positive,Positive,0.6666666865348816,0.5545609593391418,0.025139687582850456,0.3946419656276703,0.5802183747291565
F8KE2ZhoUe4$_$16,Positive,Neutral,0.3333333432674408,0.29155445098876953,0.10316692292690277,0.4750068187713623,0.42182624340057373
F8KE2ZhoUe4$_$19,Positive,Positive,1.0,1.8289806842803955,0.002857501618564129,0.03452414646744728,0.9626184105873108
F8KE2ZhoUe4$_$4,Positive,Positive,0.3333333432674408,0.6754552721977234,0.02600911818444729,0.3833228647708893,0.5906680226325989
F8KE2ZhoUe4$_$20,Positive,Positive,1.0,1.7888317108154297,0.006772906985133886,0.041028521955013275,0.9521986246109009
FHlzZ2VxuGQ$_$13,Negative,Negative,-0.6666666865348816,-1.3609765768051147,0.8930788040161133,0.06713294982910156,0.03978825733065605
FHlzZ2VxuGQ$_$7,Positive,Positive,0.3333333432674408,0.6423609256744385,0.12400921434164047,0.25987496972084045,0.6161158084869385
FHlzZ2VxuGQ$_$9,Positive,Positive,1.0,1.100103735923767,0.05131380632519722,0.16261136531829834,0.7860747575759888
FLyWn2DCci4$_$1,Positive,Positive,0.3333333432674408,0.8088024258613586,0.0847863033413887,0.3048534095287323,0.6103602647781372
FLyWn2DCci4$_$3,Neutral,Neutral,0.0,-0.30921006202697754,0.17172037065029144,0.704711377620697,0.12356821447610855
FMW6diQ9rMo$_$4,Negative,Negative,-0.3333333432674408,-1.2361440658569336,0.9275721311569214,0.041047848761081696,0.031380053609609604
FMW6diQ9rMo$_$8,Negative,Negative,-0.3333333432674408,-0.33645302057266235,0.7862507700920105,0.03696354106068611,0.1767856478691101
FOMXt3lStco$_$1,Positive,Neutral,0.3333333432674408,0.07043305039405823,0.1278170645236969,0.5789933800697327,0.29318949580192566
FR0B64ID-hA$_$5,Negative,Negative,-0.6666666865348816,-0.7268760204315186,0.60004061460495,0.2894088625907898,0.11055052280426025
FRKwvmrwrZA$_$24,Positive,Neutral,0.3333333432674408,0.65055912733078,0.06308043748140335,0.5015247464179993,0.4353947937488556
FRKwvmrwrZA$_$22,Negative,Negative,-0.3333333432674408,-0.45865654945373535,0.625931441783905,0.20749714970588684,0.16657140851020813
FX-YgVKC1AI$_$5,Positive,Neutral,0.6666666865348816,-0.2812007665634155,0.24511699378490448,0.6545111536979675,0.10037186741828918
FX-YgVKC1AI$_$7,Positive,Positive,1.3333333730697632,0.9828053712844849,0.018315477296710014,0.21635083854198456,0.7653336524963379
FaHosBIr0xY$_$3,Positive,Positive,0.6666666865348816,0.7804919481277466,0.06513133645057678,0.237510547041893,0.6973581910133362
FdTczBnXtYU$_$3,Positive,Positive,1.3333333730697632,0.9366933703422546,0.014939581044018269,0.1752670556306839,0.8097933530807495
FmIS69vB12I$_$13,Positive,Neutral,0.3333333432674408,0.5069894194602966,0.04623068869113922,0.6120885610580444,0.34168070554733276
FmIS69vB12I$_$0,Positive,Positive,1.0,1.1172078847885132,0.013125992380082607,0.2300676703453064,0.7568063139915466
FmIS69vB12I$_$3,Positive,Positive,0.3333333432674408,0.546434760093689,0.055839695036411285,0.37846434116363525,0.5656960010528564
FmIS69vB12I$_$2,Neutral,Positive,0.0,0.6559211611747742,0.051759328693151474,0.4371470510959625,0.5110936760902405
FmIS69vB12I$_$7,Negative,Neutral,-0.6666666865348816,-0.024220123887062073,0.07962246239185333,0.5520191192626953,0.36835840344429016
Fmwc7wkIc4Q$_$10,Neutral,Neutral,0.0,-0.1986352503299713,0.11024975031614304,0.8122150301933289,0.07753527164459229
Fmwc7wkIc4Q$_$13,Positive,Neutral,0.3333333432674408,-0.09251679480075836,0.2332114577293396,0.5975215435028076,0.1692669689655304
Fmwc7wkIc4Q$_$14,Neutral,Neutral,0.0,0.20369768142700195,0.17836740612983704,0.5109841823577881,0.3106483519077301
FphtHpVV-7w$_$0,Negative,Negative,-1.0,-0.7201296091079712,0.6665661931037903,0.24122600257396698,0.09220784157514572
FphtHpVV-7w$_$3,Positive,Negative,0.6666666865348816,-0.4005396366119385,0.8416128754615784,0.07502169907093048,0.08336535841226578
FsmNLTdE2p0$_$0,Positive,Neutral,0.3333333432674408,0.14357221126556396,0.06961246579885483,0.6219476461410522,0.30843988060951233
FvoZgWvc3gc$_$11,Positive,Neutral,0.6666666865348816,0.21526430547237396,0.07693649083375931,0.511687695980072,0.4113757908344269
FylhSeozvG8$_$3,Positive,Positive,1.0,1.3645620346069336,0.012081003747880459,0.2741669714450836,0.713752031326294
FylhSeozvG8$_$2,Negative,Negative,-0.3333333432674408,-0.4112125635147095,0.5945590734481812,0.3068099319934845,0.09863092750310898
FylhSeozvG8$_$5,Positive,Positive,0.6666666865348816,0.6164311766624451,0.1435103863477707,0.270504355430603,0.5859853029251099
FylhSeozvG8$_$6,Negative,Negative,-1.3333333730697632,-2.1199283599853516,0.9720178246498108,0.023904554545879364,0.004077631048858166
G1Z_JUTgZqo$_$0,Neutral,Neutral,0.0,0.3021117150783539,0.027045002207159996,0.7242786288261414,0.2486763596534729
G1Z_JUTgZqo$_$3,Neutral,Neutral,0.0,0.32735660672187805,0.04866737127304077,0.7271121740341187,0.2242204248905182
G1Z_JUTgZqo$_$2,Positive,Neutral,0.3333333432674408,0.7593355178833008,0.026277225464582443,0.6448827981948853,0.3288400173187256
G38DwNDQ8Cc$_$26,Negative,Neutral,-0.6666666865348816,-0.10190793871879578,0.403041809797287,0.4653243124485016,0.13163383305072784
G38DwNDQ8Cc$_$1,Negative,Negative,-1.6666666269302368,-0.6943418979644775,0.7335348725318909,0.18064135313034058,0.08582370728254318
G38DwNDQ8Cc$_$0,Neutral,Positive,0.0,0.8601536750793457,0.010350698605179787,0.24882525205612183,0.7408239841461182
G38DwNDQ8Cc$_$2,Negative,Neutral,-1.0,0.09826936572790146,0.19921672344207764,0.4801378846168518,0.32064545154571533
G38DwNDQ8Cc$_$5,Negative,Neutral,-0.3333333432674408,0.16797685623168945,0.2101442962884903,0.5850340723991394,0.2048216313123703
G4HMKRdIva0$_$10,Negative,Negative,-0.3333333432674408,-0.9652513265609741,0.9019275307655334,0.06062266603112221,0.037449780851602554
G4HMKRdIva0$_$18,Negative,Negative,-0.3333333432674408,0.1889328807592392,0.5920871496200562,0.08441480994224548,0.323498010635376
G4HMKRdIva0$_$15,Positive,Positive,1.0,1.4076807498931885,0.014577537775039673,0.07151973247528076,0.9139026999473572
G8p4QMjLUXI$_$7,Positive,Positive,0.3333333432674408,0.3852103352546692,0.2479952573776245,0.14673659205436707,0.605268120765686
G8p4QMjLUXI$_$9,Positive,Positive,2.6666667461395264,0.48158252239227295,0.3475898504257202,0.2841990888118744,0.3682110607624054
GAY5ICoVnA8$_$12,Positive,Positive,1.0,0.6277793049812317,0.01740690879523754,0.3511941432952881,0.6313989162445068
GAY5ICoVnA8$_$3,Positive,Positive,0.6666666865348816,0.7266235947608948,0.023264586925506592,0.3374788165092468,0.6392565965652466
GAY5ICoVnA8$_$5,Positive,Positive,1.0,0.48584234714508057,0.03937927633523941,0.38274285197257996,0.5778778791427612
GCOFujDHDx0$_$10,Neutral,Neutral,0.0,0.4376065731048584,0.07007106393575668,0.5250480771064758,0.4048808515071869
GCOFujDHDx0$_$2,Positive,Neutral,0.3333333432674408,-0.011228200048208237,0.1083153709769249,0.6314163208007812,0.2602683901786804
GCOFujDHDx0$_$5,Negative,Positive,-0.3333333432674408,0.3144535422325134,0.3082093894481659,0.21998076140880585,0.47180983424186707
GCOFujDHDx0$_$9,Positive,Neutral,0.3333333432674408,0.20288385450839996,0.13368231058120728,0.6429640054702759,0.22335372865200043
GICVzJMDfv0$_$1,Positive,Positive,1.0,0.7855900526046753,0.03213461488485336,0.21669206023216248,0.7511733174324036
GJyzeK-Cn-0$_$6,Positive,Positive,0.6666666865348816,1.3859705924987793,0.022451402619481087,0.08301244676113129,0.8945361971855164
GMnoxaqqReQ$_$1,Neutral,Neutral,0.0,-0.4862464666366577,0.20719607174396515,0.7046943306922913,0.08810964226722717
GOj7TBcEA8E$_$3,Positive,Positive,1.3333333730697632,1.122753620147705,0.0056249466724693775,0.16742610931396484,0.8269489407539368
GOj7TBcEA8E$_$4,Neutral,Positive,0.0,1.1095905303955078,0.019500914961099625,0.23638305068016052,0.7441160082817078
GOj7TBcEA8E$_$8,Positive,Neutral,1.0,0.02382814511656761,0.10058117657899857,0.5623714923858643,0.337047278881073
GRFXnnrQaB4$_$0,Negative,Negative,-0.6666666865348816,-0.932443380355835,0.8623790740966797,0.10685129463672638,0.030769644305109978
GSnt_fW8qjI$_$4,Positive,Neutral,0.6666666865348816,0.40278661251068115,0.10255646705627441,0.5214231014251709,0.3760204017162323
GTGtVdAuyRc$_$10,Positive,Neutral,0.3333333432674408,0.4011843800544739,0.13757941126823425,0.576477587223053,0.2859429717063904
GTGtVdAuyRc$_$0,Positive,Positive,0.3333333432674408,1.1322253942489624,0.017558472231030464,0.15027639269828796,0.8321651220321655
GTGtVdAuyRc$_$5,Positive,Neutral,1.6666666269302368,0.8347554802894592,0.01744815520942211,0.6355660557746887,0.3469858169555664
GUffC7vu9zA$_$26,Positive,Neutral,0.3333333432674408,-0.30907708406448364,0.3332384526729584,0.5275163054466248,0.1392451375722885
GUffC7vu9zA$_$37,Positive,Neutral,0.6666666865348816,0.41669753193855286,0.02384244091808796,0.5397864580154419,0.4363710880279541
GUffC7vu9zA$_$43,Positive,Positive,1.0,0.4956393837928772,0.10814037919044495,0.3104498088359833,0.5814098119735718
GUffC7vu9zA$_$41,Neutral,Neutral,0.0,-0.3462495803833008,0.1819249838590622,0.6665529608726501,0.15152215957641602
G_M3lYn6hAA$_$5,Positive,Positive,2.3333332538604736,1.275031328201294,0.016042908653616905,0.07861172407865524,0.9053453803062439
GcfETVXgtg0$_$3,Positive,Positive,0.6666666865348816,0.9966559410095215,0.023549113422632217,0.27092617750167847,0.705524742603302
Gg9ZcRlwnbc$_$14,Positive,Positive,0.6666666865348816,0.6718826293945312,0.031308505684137344,0.46163004636764526,0.5070614218711853
Gg9ZcRlwnbc$_$16,Neutral,Positive,0.0,0.5702388882637024,0.06340904533863068,0.4413987994194031,0.49519217014312744
GkoBk5K-FH0$_$21,Positive,Positive,1.6666666269302368,0.8843464851379395,0.1314038634300232,0.14316771924495697,0.7254284024238586
Gljee9uq_Rc$_$11,Negative,Negative,-0.3333333432674408,-0.716396152973175,0.45605677366256714,0.41753360629081726,0.12640956044197083
Gljee9uq_Rc$_$12,Negative,Negative,-0.3333333432674408,-0.5080384612083435,0.690420389175415,0.17859163880348206,0.1309879720211029
Gljee9uq_Rc$_$16,Negative,Negative,-1.6666666269302368,-1.3392771482467651,0.7840855121612549,0.18812087178230286,0.027793537825345993
Gljee9uq_Rc$_$6,Neutral,Neutral,0.0,0.05754218250513077,0.22948911786079407,0.5389045476913452,0.23160627484321594
Gmhi58erY6k$_$0,Neutral,Neutral,0.0,0.6742066144943237,0.01421362068504095,0.5871554613113403,0.39863085746765137
GpRDC-S88dM$_$25,Positive,Negative,1.3333333730697632,0.21439003944396973,0.520159900188446,0.05182580277323723,0.4280143082141876
GpRDC-S88dM$_$1,Positive,Positive,0.6666666865348816,0.8896447420120239,0.028329787775874138,0.1276949644088745,0.843975305557251
GpRDC-S88dM$_$18,Positive,Positive,1.0,1.2928497791290283,0.008489332161843777,0.08354452252388,0.9079660773277283
GtRxTvuF6J0$_$7,Positive,Positive,1.3333333730697632,1.3054916858673096,0.015536719933152199,0.1302356719970703,0.854227602481842
Gv0kKbfwPpI$_$2,Neutral,Positive,0.0,0.956706166267395,0.045305587351322174,0.19522622227668762,0.7594681978225708
H-AJ-grXvgQ$_$0,Positive,Neutral,0.6666666865348816,-0.009977098554372787,0.2045280635356903,0.5681876540184021,0.2272842526435852
H26MMmrHTlQ$_$7,Neutral,Neutral,0.0,0.4174485504627228,0.042695581912994385,0.6652281284332275,0.29207634925842285
H26MMmrHTlQ$_$8,Positive,Positive,0.6666666865348816,0.38455215096473694,0.09126826375722885,0.4404231607913971,0.46830862760543823
H4RysMUSQD8$_$7,Neutral,Positive,0.0,0.9165117144584656,0.04142575338482857,0.4400618374347687,0.5185124278068542
H4w9mU8B3Mc$_$7,Positive,Neutral,0.6666666865348816,0.2399732768535614,0.04940090328454971,0.7689498662948608,0.18164925277233124
HByf7qiO-Kg$_$3,Positive,Positive,0.6666666865348816,1.3630084991455078,0.03666400536894798,0.16286562383174896,0.8004704117774963
HIsJqphLCyw$_$1,Neutral,Negative,0.0,-0.6785114407539368,0.493162602186203,0.4346221685409546,0.0722152516245842
HLFaW4oVP9E$_$13,Neutral,Negative,0.0,-0.821508526802063,0.8022934794425964,0.13640739023685455,0.0612991638481617
HOCsiS0pmf0$_$2,Positive,Negative,0.6666666865348816,-0.49355071783065796,0.52015620470047,0.30021438002586365,0.1796293705701828
HQ2LwfRcrVc$_$11,Positive,Positive,2.3333332538604736,1.6901004314422607,0.009033102542161942,0.04328237101435661,0.9476845264434814
HQ2LwfRcrVc$_$8,Positive,Neutral,1.0,0.14480626583099365,0.04552224278450012,0.5219823122024536,0.43249544501304626
HUH9BXVmAig$_$2,Positive,Positive,0.6666666865348816,1.2072970867156982,0.010418297722935677,0.09755618125200272,0.8920255303382874
HUOMbK1x7MI$_$6,Positive,Neutral,0.6666666865348816,6.332248449325562e-05,0.0851941928267479,0.5385007262229919,0.37630507349967957
HVksxaUzv9Y$_$5,Neutral,Neutral,0.0,0.04574714973568916,0.09121452271938324,0.6625993847846985,0.24618609249591827
HXuRR2eBHHQ$_$2,Positive,Positive,3.0,1.98088538646698,0.004517208784818649,0.03766707703471184,0.9578156471252441
Ha7DMd_iKyM$_$3,Positive,Positive,0.3333333432674408,0.3855542242527008,0.044271331280469894,0.4677978754043579,0.4879308044910431
Ha7DMd_iKyM$_$4,Neutral,Neutral,0.0,-0.3491876721382141,0.23728086054325104,0.5324645638465881,0.23025459051132202
HgDdU_RB9UA$_$10,Positive,Positive,0.3333333432674408,0.7563772201538086,0.05807044357061386,0.16538183391094208,0.7765476703643799
HgDdU_RB9UA$_$7,Positive,Positive,0.3333333432674408,0.7250138521194458,0.095333993434906,0.2538459300994873,0.6508201360702515
HhpziYYP2Vg$_$16,Positive,Positive,1.0,0.4940072000026703,0.2538197934627533,0.15270456671714783,0.5934756994247437
Hkt_kncJGVM$_$2,Positive,Positive,0.6666666865348816,0.5256011486053467,0.0526239313185215,0.45633259415626526,0.4910435080528259
I--8nRKCkJI$_$4,Positive,Positive,1.0,1.2182811498641968,0.020600371062755585,0.16539324820041656,0.8140063881874084
I--8nRKCkJI$_$7,Positive,Positive,1.3333333730697632,1.2400139570236206,0.016812095418572426,0.19822920858860016,0.7849587202072144
I3SPlbTGuNc$_$5,Positive,Positive,2.3333332538604736,1.226527452468872,0.022120237350463867,0.11244650185108185,0.8654332160949707
I5cS_TlV5B8$_$2,Positive,Positive,1.6666666269302368,1.2262508869171143,0.012802870944142342,0.18258735537528992,0.8046097755432129
IB0lGIxP8YY$_$11,Negative,Positive,-0.6666666865348816,0.4907354414463043,0.20190085470676422,0.2560337781906128,0.5420653820037842
IB0lGIxP8YY$_$5,Negative,Negative,-0.6666666865348816,-0.36174434423446655,0.8015149831771851,0.071804478764534,0.12668056786060333
IB0lGIxP8YY$_$8,Neutral,Negative,0.0,-0.3999229669570923,0.6191681623458862,0.19538532197475433,0.18544648587703705
ICeSewdyf34$_$5,Positive,Positive,1.6666666269302368,1.81852126121521,0.004064811393618584,0.02821272425353527,0.9677224159240723
ITQTVfk9Iqo$_$5,Negative,Neutral,-0.3333333432674408,0.48945534229278564,0.14616136252880096,0.4541136622428894,0.3997250199317932
IW7IssCKgmI$_$9,Positive,Positive,0.6666666865348816,0.8519948720932007,0.0835336446762085,0.3488228917121887,0.5676434636116028
I_r2CP56toU$_$6,Positive,Positive,0.3333333432674408,0.2069450318813324,0.35073259472846985,0.18142841756343842,0.46783897280693054
IawsOlEKRf0$_$11,Negative,Negative,-0.6666666865348816,-0.703906774520874,0.8379010558128357,0.09220265597105026,0.06989619135856628
IawsOlEKRf0$_$26,Negative,Negative,-0.6666666865348816,-0.6323798894882202,0.7425458431243896,0.10928025841712952,0.14817388355731964
IawsOlEKRf0$_$28,Positive,Positive,1.6666666269302368,1.2009552717208862,0.03434209153056145,0.10641629248857498,0.8592416644096375
IawsOlEKRf0$_$3,Positive,Positive,1.3333333730697632,0.5810091495513916,0.11016060411930084,0.3662168085575104,0.5236225128173828
IawsOlEKRf0$_$5,Positive,Positive,1.0,1.5137832164764404,0.013377225026488304,0.0960061252117157,0.8906166553497314
IkvL4IAiZog$_$8,Positive,Positive,0.3333333432674408,0.4259522259235382,0.31086140871047974,0.18123647570610046,0.5079021453857422
IlgnbEdOhmI$_$9,Positive,Positive,0.6666666865348816,0.7300270795822144,0.09435494989156723,0.3786509335041046,0.5269941091537476
IlgnbEdOhmI$_$1,Positive,Positive,1.3333333730697632,1.2088295221328735,0.01492368709295988,0.15550516545772552,0.8295710682868958
IsAtAzltJNM$_$6,Positive,Positive,1.0,1.0748807191848755,0.019460469484329224,0.26975780725479126,0.7107817530632019
IsAtAzltJNM$_$8,Positive,Negative,0.3333333432674408,-0.20273642241954803,0.6317752599716187,0.15292257070541382,0.21530219912528992
Itqbc2TBXWY$_$26,Positive,Positive,2.6666667461395264,1.8851187229156494,0.007160756271332502,0.029216386377811432,0.9636228680610657
Itqbc2TBXWY$_$23,Positive,Neutral,0.6666666865348816,0.48496395349502563,0.02088514342904091,0.59022456407547,0.38889020681381226
Itqbc2TBXWY$_$1,Positive,Neutral,0.6666666865348816,0.27869713306427,0.05004964396357536,0.5822383761405945,0.36771199107170105
Itqbc2TBXWY$_$0,Neutral,Positive,0.0,0.7801110744476318,0.034153472632169724,0.36861810088157654,0.597228467464447
Itqbc2TBXWY$_$6,Positive,Neutral,0.3333333432674408,0.1437164545059204,0.06120361387729645,0.6771073341369629,0.26168903708457947
Itqbc2TBXWY$_$13,Positive,Positive,0.3333333432674408,0.63507080078125,0.05335894972085953,0.3929629325866699,0.5536781549453735
Itqbc2TBXWY$_$18,Positive,Positive,1.0,0.5511714816093445,0.02541501820087433,0.4621993899345398,0.5123856067657471
IwQWibE8EOM$_$3,Positive,Positive,1.6666666269302368,0.7453851103782654,0.047159790992736816,0.1663532555103302,0.7864869236946106
Iz_PDdyXr-8$_$3,Neutral,Positive,0.0,0.20068971812725067,0.04883511736989021,0.44144076108932495,0.5097240805625916
J3-NEG8uoiE$_$11,Positive,Neutral,0.6666666865348816,0.2862046957015991,0.05077589303255081,0.7864723205566406,0.16275182366371155
J3-NEG8uoiE$_$1,Positive,Neutral,1.6666666269302368,0.47722309827804565,0.03959009051322937,0.7385644912719727,0.22184541821479797
J3-NEG8uoiE$_$3,Positive,Positive,1.0,0.33125343918800354,0.1789351999759674,0.3995138108730316,0.42155101895332336
J3JU1zBQ4RM$_$2,Positive,Positive,1.3333333730697632,1.0315337181091309,0.01291850209236145,0.2561812400817871,0.730900228023529
J7UduuBfnrE$_$4,Neutral,Neutral,0.0,-0.7544295787811279,0.39802026748657227,0.5184945464134216,0.0834851861000061
J7UduuBfnrE$_$7,Negative,Negative,-0.6666666865348816,-1.0206986665725708,0.6669387817382812,0.29506298899650574,0.03799823671579361
J7UduuBfnrE$_$6,Negative,Negative,-1.3333333730697632,-1.1818524599075317,0.8648319840431213,0.07236649841070175,0.06280156224966049
J7UduuBfnrE$_$8,Positive,Negative,1.0,-0.7599625587463379,0.5406841039657593,0.38220542669296265,0.07711052149534225
JAbFsRxxnFo$_$0,Positive,Positive,1.0,1.6207997798919678,0.015557396225631237,0.07511811703443527,0.9093244671821594
JCg26b8EO48$_$4,Positive,Positive,0.6666666865348816,1.1706539392471313,0.03350798785686493,0.07731751352548599,0.8891744613647461
JCg26b8EO48$_$6,Positive,Positive,2.0,1.0821284055709839,0.06423018127679825,0.12494314461946487,0.8108266592025757
JDgqyOkzXHw$_$0,Positive,Neutral,1.3333333730697632,0.24913927912712097,0.19292287528514862,0.4440177381038666,0.3630593419075012
JDgqyOkzXHw$_$7,Positive,Positive,0.6666666865348816,0.40574395656585693,0.20071987807750702,0.14106133580207825,0.6582188010215759
JDgqyOkzXHw$_$9,Positive,Positive,0.6666666865348816,0.23530185222625732,0.21806050837039948,0.25400465726852417,0.5279348492622375
JF-5nlUNx_g$_$20,Positive,Positive,1.3333333730697632,1.2609621286392212,0.01830989122390747,0.08582649379968643,0.8958635926246643
JF-5nlUNx_g$_$21,Positive,Positive,2.3333332538604736,0.5425478219985962,0.12231896072626114,0.2449205070734024,0.6327605843544006
JF-5nlUNx_g$_$2,Positive,Positive,1.0,0.8840337991714478,0.01371261477470398,0.35878580808639526,0.6275016069412231
JF-5nlUNx_g$_$5,Positive,Positive,0.3333333432674408,0.23254041373729706,0.14676038920879364,0.2897486388683319,0.5634909868240356
JF-5nlUNx_g$_$13,Positive,Negative,0.3333333432674408,-0.6208657026290894,0.4303317368030548,0.3921695053577423,0.1774987280368805
JF-5nlUNx_g$_$16,Positive,Positive,0.3333333432674408,0.3460036814212799,0.08054199814796448,0.35803472995758057,0.5614233016967773
JF-5nlUNx_g$_$18,Positive,Positive,1.0,0.4068126678466797,0.09369118511676788,0.3962063491344452,0.5101024508476257
JGEEA_JVriE$_$0,Positive,Positive,1.0,0.822451114654541,0.17635315656661987,0.11123527586460114,0.7124115824699402
JHW3nD6flgU$_$4,Positive,Positive,2.0,1.7487566471099854,0.014077366329729557,0.07496587932109833,0.9109567403793335
JHW3nD6flgU$_$8,Positive,Positive,1.0,1.548093557357788,0.008464221842586994,0.18505051732063293,0.8064852356910706
JLqBVj6f5gI$_$21,Positive,Positive,1.0,1.0061825513839722,0.0631672665476799,0.16392236948013306,0.7729103565216064
JLqBVj6f5gI$_$17,Positive,Neutral,1.3333333730697632,0.25578320026397705,0.051113832741975784,0.55765300989151,0.3912331759929657
JLqBVj6f5gI$_$8,Positive,Positive,2.0,1.079878330230713,0.02968807891011238,0.14521446824073792,0.8250974416732788
JMb18N7lQ0A$_$1,Neutral,Neutral,0.0,0.19688116014003754,0.0657571405172348,0.7640834450721741,0.17015939950942993
JMzilFvwNXE$_$4,Positive,Neutral,0.6666666865348816,0.6287363767623901,0.032635048031806946,0.5048818588256836,0.4624830484390259
JP95Fby6qLE$_$23,Positive,Positive,2.3333332538604736,1.2058697938919067,0.021680966019630432,0.14662066102027893,0.8316983580589294
JP95Fby6qLE$_$1,Positive,Positive,0.3333333432674408,0.44056957960128784,0.3182419538497925,0.24938388168811798,0.43237417936325073
JSlTJsUulH0$_$2,Negative,Neutral,-0.6666666865348816,0.0753234252333641,0.05761592462658882,0.6889564394950867,0.2534276247024536
JW3OfSCZlhc$_$5,Positive,Neutral,0.3333333432674408,0.6140539646148682,0.07300369441509247,0.5727897882461548,0.35420656204223633
JX-mwjSw0dk$_$8,Negative,Negative,-0.3333333432674408,-0.3913267254829407,0.6697965860366821,0.15042021870613098,0.17978321015834808
JYdfUNjyYxo$_$5,Positive,Positive,1.0,0.5804681777954102,0.07360036671161652,0.3960171639919281,0.530382513999939
JYsAacFmXEo$_$11,Neutral,Positive,0.0,0.627490222454071,0.024156464263796806,0.34954825043678284,0.6262953281402588
JYsAacFmXEo$_$17,Positive,Positive,1.6666666269302368,1.5059163570404053,0.008380143903195858,0.06631604582071304,0.9253038167953491
J_DtcW86D9c$_$2,Positive,Positive,0.6666666865348816,0.6619526147842407,0.03815110772848129,0.4407719075679779,0.5210769772529602
J_DtcW86D9c$_$9,Positive,Positive,0.3333333432674408,0.987736165523529,0.018138734623789787,0.21071700751781464,0.7711443305015564
Ja7phs8EbWk$_$10,Positive,Positive,1.0,1.142073392868042,0.057697199285030365,0.07619678974151611,0.8661059737205505
Ja7phs8EbWk$_$6,Negative,Negative,-0.3333333432674408,-0.8817782402038574,0.7980296611785889,0.17071060836315155,0.0312596820294857
JcmqmLaL_MQ$_$7,Positive,Negative,0.3333333432674408,0.006897098384797573,0.6474749445915222,0.15771622955799103,0.19480884075164795
JdFaSggG58c$_$5,Negative,Negative,-0.3333333432674408,-1.3194133043289185,0.6897776126861572,0.25462955236434937,0.055592771619558334
JdFaSggG58c$_$6,Neutral,Neutral,0.0,-0.33257001638412476,0.14475202560424805,0.6546441316604614,0.20060385763645172
Jh1uDYOJMwk$_$1,Positive,Positive,1.3333333730697632,0.7849413156509399,0.021692218258976936,0.3134653568267822,0.664842426776886
Jh1uDYOJMwk$_$4,Negative,Negative,-1.6666666269302368,-0.8910686373710632,0.5630910396575928,0.3493361175060272,0.08757281303405762
JlmpDdm1A1Y$_$3,Positive,Positive,2.0,0.2260950803756714,0.03362884745001793,0.41176649928092957,0.5546046495437622
JvgofTcCSEc$_$15,Positive,Neutral,0.3333333432674408,0.7015554904937744,0.043616004288196564,0.5671930313110352,0.3891909718513489
JvgofTcCSEc$_$19,Neutral,Neutral,0.0,-0.46337687969207764,0.2917748689651489,0.6127945780754089,0.09543056786060333
JwzxqrD8tIo$_$9,Positive,Negative,1.0,-0.031147204339504242,0.5200319886207581,0.23807039856910706,0.24189762771129608
JzydLJw6y6o$_$14,Positive,Neutral,0.6666666865348816,0.6071219444274902,0.02577030472457409,0.7126222252845764,0.2616075575351715
JzydLJw6y6o$_$0,Positive,Positive,2.0,0.7772592902183533,0.10047239065170288,0.2575952708721161,0.6419323682785034
JzydLJw6y6o$_$8,Neutral,Negative,0.0,-0.1328747719526291,0.4561418890953064,0.3909120261669159,0.15294615924358368
K5cGfs3i-tk$_$0,Positive,Neutral,1.3333333730697632,0.11360758543014526,0.11913301795721054,0.4874827563762665,0.3933842182159424
K62NK2KYhws$_$10,Positive,Positive,0.6666666865348816,0.7236257791519165,0.01598120853304863,0.27125313878059387,0.712765634059906
K62NK2KYhws$_$15,Positive,Positive,0.6666666865348816,1.2991786003112793,0.009114430285990238,0.15011826157569885,0.8407673239707947
K62NK2KYhws$_$3,Positive,Positive,1.3333333730697632,0.6899377107620239,0.019877120852470398,0.2444581538438797,0.7356647253036499
K62NK2KYhws$_$8,Positive,Positive,0.6666666865348816,1.2330883741378784,0.0073309713043272495,0.1416715532541275,0.8509974479675293
K7FiMf-Dmwo$_$2,Positive,Neutral,0.3333333432674408,0.12957391142845154,0.022619152441620827,0.6533956527709961,0.32398515939712524
K7KEtrgBkz4$_$9,Positive,Positive,1.0,1.099062442779541,0.05067997798323631,0.26297369599342346,0.6863463521003723
K9-KyChw8RM$_$8,Negative,Neutral,-0.3333333432674408,-0.5105883479118347,0.37234339118003845,0.5309180021286011,0.09673862904310226
K9U2TAF9DDY$_$6,Neutral,Neutral,0.0,0.21819257736206055,0.07171478122472763,0.6706798076629639,0.2576054334640503
K9faaGel838$_$0,Neutral,Positive,0.0,0.3320819139480591,0.04724644124507904,0.3065339922904968,0.6462195515632629
KD0w4BrNXQg$_$11,Negative,Negative,-1.3333333730697632,-0.806954026222229,0.7081255316734314,0.23044736683368683,0.06142709404230118
KD0w4BrNXQg$_$7,Positive,Neutral,0.3333333432674408,-0.1086326539516449,0.21236108243465424,0.5679779052734375,0.2196609377861023
KEUVzxC7T3E$_$4,Negative,Neutral,-0.3333333432674408,-0.777632474899292,0.25304901599884033,0.6960152983665466,0.050935689359903336
KI2sU-mhM44$_$16,Positive,Positive,1.6666666269302368,0.06343016028404236,0.3149111270904541,0.34229061007499695,0.3427982032299042
KLy4aBLqwCk$_$15,Positive,Positive,0.6666666865348816,0.5836862325668335,0.06482487916946411,0.3983643054962158,0.5368108153343201
KLy4aBLqwCk$_$17,Positive,Positive,0.3333333432674408,0.8225775957107544,0.03900367021560669,0.2855442464351654,0.6754521131515503
KPeos6f4HuQ$_$6,Positive,Neutral,0.3333333432674408,0.303801566362381,0.03839527443051338,0.6307920217514038,0.33081263303756714
KQ86HmgwUns$_$11,Positive,Neutral,0.3333333432674408,-0.27756303548812866,0.14819540083408356,0.5656686425209045,0.2861360013484955
KR4MpF0YtgE$_$1,Positive,Positive,1.0,0.8194640278816223,0.04838283360004425,0.3009454309940338,0.6506717801094055
K_5u2Wh_wGk$_$5,Positive,Neutral,0.3333333432674408,-0.1776338517665863,0.22748540341854095,0.5464558601379395,0.2260587066411972
Kep_mLLXsqk$_$3,Positive,Neutral,0.3333333432674408,-0.08667749166488647,0.06084234640002251,0.7665173411369324,0.17264032363891602
Kep_mLLXsqk$_$7,Neutral,Neutral,0.0,-0.06343889981508255,0.07970325648784637,0.6404076814651489,0.2798890769481659
Kmtib-wZ0jM$_$0,Negative,Negative,-1.6666666269302368,-1.3497110605239868,0.92598956823349,0.03881144896149635,0.03519892692565918
L0WUuWYNeCo$_$26,Positive,Positive,1.3333333730697632,0.4770010709762573,0.17572498321533203,0.30821263790130615,0.5160624384880066
L0WUuWYNeCo$_$27,Positive,Negative,0.3333333432674408,0.008615957573056221,0.41786831617355347,0.2076226770877838,0.3745090365409851
L0WUuWYNeCo$_$2,Positive,Positive,0.3333333432674408,-0.23062965273857117,0.3401714563369751,0.3185282051563263,0.3413003981113434
L0WUuWYNeCo$_$5,Neutral,Neutral,0.0,0.13793274760246277,0.22155778110027313,0.39657220244407654,0.38186997175216675
L0WUuWYNeCo$_$8,Neutral,Positive,0.0,0.646157443523407,0.07259918004274368,0.15186643600463867,0.7755343914031982
L0WUuWYNeCo$_$11,Negative,Negative,-1.0,-0.25179120898246765,0.6553149223327637,0.12880262732505798,0.21588249504566193
L0WUuWYNeCo$_$10,Positive,Positive,1.3333333730697632,1.0153374671936035,0.07491298764944077,0.16182345151901245,0.7632635831832886
L2uC4_Co9uw$_$0,Positive,Positive,2.0,0.440125048160553,0.0975547730922699,0.4195771813392639,0.4828680753707886
L382XZ6iZmM$_$7,Negative,Negative,-0.3333333432674408,-0.4471575617790222,0.5308127403259277,0.2561292350292206,0.2130579948425293
L5a2ijeWpUI$_$4,Negative,Negative,-0.3333333432674408,-1.0286822319030762,0.6786590218544006,0.2567221522331238,0.06461885571479797
L6pg3DQKoH4$_$0,Positive,Positive,0.6666666865348816,1.0143752098083496,0.01982874423265457,0.23742656409740448,0.7427446842193604
LHC7ZKJy4Zw$_$1,Positive,Positive,1.6666666269302368,1.4138529300689697,0.021049542352557182,0.15081457793712616,0.8281358480453491
LUKIYWa0UGA$_$7,Positive,Neutral,1.0,1.0749458074569702,0.045611608773469925,0.48809927701950073,0.46628910303115845
LUf9vbe0TcQ$_$1,Positive,Positive,1.6666666269302368,0.9972119331359863,0.024950845167040825,0.24313002824783325,0.7319190502166748
LX2rT5C3sJs$_$5,Positive,Positive,0.3333333432674408,0.9183069467544556,0.011401242576539516,0.2932812571525574,0.6953175067901611
LX2rT5C3sJs$_$6,Positive,Positive,1.6666666269302368,1.121612787246704,0.017627086490392685,0.15801067650318146,0.8243622183799744
LZl9Sj1safM$_$0,Positive,Negative,0.3333333432674408,0.2032141238451004,0.4408770799636841,0.19808945059776306,0.36103343963623047
L_XttWZBKss$_$3,Positive,Neutral,0.6666666865348816,0.4334198832511902,0.057427164167165756,0.606498658657074,0.33607417345046997
LityRNuQihc$_$13,Neutral,Neutral,0.0,0.305896520614624,0.03978780284523964,0.6717272996902466,0.2884848415851593
LityRNuQihc$_$1,Positive,Neutral,0.6666666865348816,0.26379692554473877,0.08523093909025192,0.6135911345481873,0.3011780083179474
LityRNuQihc$_$2,Neutral,Neutral,0.0,0.13021931052207947,0.07061988115310669,0.6692615747451782,0.26011860370635986
LityRNuQihc$_$5,Negative,Negative,-0.3333333432674408,-0.9523739814758301,0.8071970343589783,0.14077836275100708,0.05202464014291763
LpbSYaPRTqI$_$1,Positive,Neutral,0.3333333432674408,0.04947584122419357,0.038919806480407715,0.7756592035293579,0.185420960187912
LppEvM60-xo$_$9,Positive,Positive,1.3333333730697632,0.49389493465423584,0.053550347685813904,0.38447436690330505,0.5619752407073975
Lxs_6Tvq12E$_$3,Positive,Positive,2.0,0.5399209856987,0.26077473163604736,0.16481584310531616,0.5744094252586365
M2Pb2kx77ww$_$8,Negative,Negative,-1.0,-0.13963063061237335,0.3888789713382721,0.34121236205101013,0.269908607006073
M2Pb2kx77ww$_$35,Negative,Negative,-0.3333333432674408,-0.6364493370056152,0.599918007850647,0.2892756760120392,0.11080632358789444
MBDZbACupsc$_$11,Negative,Negative,-0.3333333432674408,-0.733512282371521,0.6940981149673462,0.21457543969154358,0.09132643789052963
MBDZbACupsc$_$7,Negative,Neutral,-0.3333333432674408,-0.02918594889342785,0.13642357289791107,0.6750640869140625,0.18851235508918762
MCRCXXPqFOI$_$2,Neutral,Neutral,0.0,-0.029231209307909012,0.07125307619571686,0.7501543760299683,0.17859259247779846
MFrwi-RibUk$_$13,Positive,Neutral,0.3333333432674408,0.13634935021400452,0.01969544216990471,0.696072518825531,0.2842319905757904
MFrwi-RibUk$_$0,Positive,Positive,2.0,1.1044588088989258,0.015514004975557327,0.2858845293521881,0.698601484298706
MFrwi-RibUk$_$6,Positive,Positive,2.0,0.8719503879547119,0.029146580025553703,0.15441887080669403,0.8164345622062683
MIuJDn_0yVU$_$3,Negative,Negative,-0.6666666865348816,-0.3178223967552185,0.6963155269622803,0.16437773406505585,0.13930673897266388
MJnc4GUhUuY$_$3,Positive,Negative,1.0,-0.1106870174407959,0.3918766975402832,0.36353716254234314,0.24458621442317963
MJnc4GUhUuY$_$4,Positive,Positive,1.0,0.9047305583953857,0.01661709137260914,0.24689099192619324,0.7364919185638428
MJnc4GUhUuY$_$9,Positive,Positive,0.6666666865348816,0.41552412509918213,0.054290082305669785,0.43761083483695984,0.5080990195274353
MKShLlJ7X7g$_$1,Positive,Positive,1.6666666269302368,1.932802677154541,0.02021164819598198,0.023992232978343964,0.9557961225509644
MKShLlJ7X7g$_$2,Positive,Positive,1.3333333730697632,1.0454699993133545,0.07450497150421143,0.27881884574890137,0.6466761231422424
MMaEsDdBsvM$_$0,Positive,Positive,2.0,1.6400325298309326,0.010645953938364983,0.05190597102046013,0.9374480843544006
MNXBOeiPhec$_$2,Positive,Positive,0.6666666865348816,0.7273706197738647,0.05530714988708496,0.3423925042152405,0.6023003458976746
MNXBOeiPhec$_$7,Positive,Positive,1.0,0.6791542768478394,0.03198747709393501,0.18295490741729736,0.7850576639175415
MOfEl_1dh-g$_$4,Negative,Negative,-0.3333333432674408,-1.0075957775115967,0.8700528144836426,0.08726664632558823,0.04268050938844681
MPRqaQqrd9Y$_$7,Neutral,Neutral,0.0,-0.12830471992492676,0.12454187870025635,0.6257341504096985,0.24972394108772278
MTU_thei3-c$_$8,Negative,Neutral,-0.3333333432674408,-0.30156445503234863,0.22354042530059814,0.49561354517936707,0.28084608912467957
MWCNzYUCys0$_$0,Neutral,Neutral,0.0,0.6650543808937073,0.019931213930249214,0.5224886536598206,0.4575801193714142
MZoLQD83R-4$_$5,Negative,Negative,-1.0,-1.1770573854446411,0.7416638135910034,0.1977938413619995,0.060542359948158264
MZoLQD83R-4$_$8,Neutral,Neutral,0.0,-0.017135240137577057,0.1395908147096634,0.612656831741333,0.2477523535490036
MbpPBLUjpV4$_$16,Positive,Neutral,0.3333333432674408,0.09924235939979553,0.07877315580844879,0.658707857131958,0.2625189423561096
MbpPBLUjpV4$_$0,Positive,Neutral,1.0,0.6625323295593262,0.03084535337984562,0.6461583375930786,0.32299625873565674
MnFRVJtHAeo$_$0,Positive,Positive,0.3333333432674408,0.3366527557373047,0.3235953152179718,0.21760734915733337,0.45879730582237244
MroQfGehC84$_$1,Positive,Positive,1.0,0.2879701852798462,0.0670166015625,0.3845970928668976,0.54838627576828
MsjnLoTKAXo$_$0,Neutral,Neutral,0.0,0.40883776545524597,0.05704479664564133,0.7040572762489319,0.2388978898525238
MsjnLoTKAXo$_$2,Positive,Positive,1.3333333730697632,0.6792706847190857,0.04804416373372078,0.3155694901943207,0.6363863348960876
MsjnLoTKAXo$_$5,Positive,Positive,0.3333333432674408,1.5898222923278809,0.015608526766300201,0.06668607145547867,0.9177053570747375
MvFFYObY9A8$_$2,Positive,Neutral,1.0,0.2933177649974823,0.17673452198505402,0.45012226700782776,0.37314319610595703
Mw4EZYZAd9c$_$5,Positive,Positive,1.0,1.088675618171692,0.03412855789065361,0.14161619544029236,0.8242552280426025
MyfRrTjglm8$_$1,Positive,Positive,0.6666666865348816,1.4233534336090088,0.03384162858128548,0.21071967482566833,0.7554387450218201
MyfRrTjglm8$_$0,Negative,Negative,-0.6666666865348816,0.021152768284082413,0.5607127547264099,0.18382322788238525,0.2554640471935272
MyfRrTjglm8$_$2,Positive,Positive,0.6666666865348816,1.1242541074752808,0.021626386791467667,0.2419004589319229,0.7364732027053833
N0pKIn6VhOw$_$2,Positive,Neutral,1.3333333730697632,0.5702260732650757,0.0229338426142931,0.6082966327667236,0.36876949667930603
N3QuD26DuCI$_$1,Positive,Neutral,1.0,0.26935285329818726,0.053189925849437714,0.6433683037757874,0.3034417927265167
N3QuD26DuCI$_$0,Negative,Negative,-1.0,-0.9258277416229248,0.6889686584472656,0.25278300046920776,0.058248408138751984
N3QuD26DuCI$_$2,Positive,Neutral,0.6666666865348816,0.39818403124809265,0.06523902714252472,0.7197383046150208,0.21502268314361572
N3QuD26DuCI$_$5,Positive,Positive,1.0,1.433142900466919,0.013393621891736984,0.17445935308933258,0.8121470212936401
N7tS7A0WWpM$_$1,Negative,Negative,-0.6666666865348816,-0.7751408815383911,0.7336460947990417,0.1835480034351349,0.08280588686466217
N7tS7A0WWpM$_$3,Negative,Neutral,-0.6666666865348816,-0.3036046028137207,0.16825968027114868,0.639469563961029,0.19227071106433868
NCJTV5KaJJc$_$1,Positive,Positive,1.0,0.22970890998840332,0.10608606040477753,0.3215237557888031,0.5723901987075806
NCJTV5KaJJc$_$9,Positive,Positive,2.0,1.5724663734436035,0.04035767540335655,0.06117653101682663,0.8984657526016235
NG7QLq4XlWo$_$15,Positive,Positive,1.0,1.4248934984207153,0.014346281066536903,0.12579849362373352,0.8598551750183105
NG7QLq4XlWo$_$1,Positive,Positive,0.3333333432674408,0.7839103937149048,0.04458604007959366,0.2684640884399414,0.6869498491287231
NG7QLq4XlWo$_$3,Positive,Positive,0.6666666865348816,0.8203297853469849,0.042347926646471024,0.24535533785820007,0.712296724319458
NG7QLq4XlWo$_$5,Positive,Positive,2.0,1.2567648887634277,0.008870917372405529,0.18456093966960907,0.8065681457519531
NKindd5Xn3s$_$4,Neutral,Neutral,0.0,-0.21207165718078613,0.28247085213661194,0.5403607487678528,0.17716847360134125
NOl0v54DaXo$_$10,Positive,Neutral,1.0,0.39243999123573303,0.04989242181181908,0.5526377558708191,0.39746978878974915
NOl0v54DaXo$_$3,Negative,Negative,-1.6666666269302368,-0.3740208148956299,0.6227214336395264,0.2655905485153198,0.11168808490037918
NSihgq4R8Z0$_$2,Negative,Negative,-1.0,-0.6371291279792786,0.7244706749916077,0.16735586524009705,0.10817345231771469
NSihgq4R8Z0$_$16,Neutral,Positive,0.0,0.8047297596931458,0.12322729080915451,0.22928278148174286,0.6474899649620056
NYuY6HVjMZQ$_$1,Positive,Positive,2.0,0.9400802850723267,0.04113602638244629,0.23835104703903198,0.7205129265785217
NYuY6HVjMZQ$_$6,Neutral,Negative,0.0,-0.5181344151496887,0.47320500016212463,0.4558940827846527,0.07090090960264206
Na6170hd8po$_$11,Positive,Positive,0.6666666865348816,0.6053800582885742,0.048510655760765076,0.36701899766921997,0.5844703912734985
NkbRuTJaj_M$_$18,Positive,Positive,1.6666666269302368,1.3223425149917603,0.023902006447315216,0.1604587286710739,0.8156391978263855
O0Nn-5UkfoA$_$2,Negative,Neutral,-0.3333333432674408,0.24348364770412445,0.21383076906204224,0.4458264112472534,0.34034284949302673
O2CEvvYWWbU$_$10,Positive,Positive,0.3333333432674408,0.7831465005874634,0.11169888824224472,0.20569513738155365,0.6826059818267822
O3whFU2lAAk$_$8,Positive,Negative,0.3333333432674408,-0.33315637707710266,0.5388762354850769,0.26497775316238403,0.19614604115486145
O3whFU2lAAk$_$2,Positive,Positive,0.3333333432674408,0.5648432970046997,0.0704110637307167,0.3027872145175934,0.6268016695976257
O3whFU2lAAk$_$5,Positive,Neutral,0.3333333432674408,0.3612114489078522,0.30996468663215637,0.35142582654953003,0.338609516620636
O3whFU2lAAk$_$11,Positive,Positive,2.0,0.7248265743255615,0.24110881984233856,0.08437954634428024,0.6745116114616394
O8IJh_L0EfM$_$5,Positive,Positive,1.0,0.8819379806518555,0.022022897377610207,0.2554537057876587,0.7225233912467957
OAV6KKf60bQ$_$10,Positive,Neutral,0.3333333432674408,0.366199791431427,0.10012549161911011,0.6176872253417969,0.28218719363212585
OAV6KKf60bQ$_$0,Positive,Positive,0.3333333432674408,0.15362855792045593,0.11708870530128479,0.3706509470939636,0.5122603178024292
OAV6KKf60bQ$_$6,Neutral,Negative,0.0,-0.772437572479248,0.6993245482444763,0.2490963488817215,0.05157899856567383
OBaMn1-x7jQ$_$7,Positive,Neutral,1.3333333730697632,0.8902044296264648,0.051149632781744,0.5454779863357544,0.4033723473548889
OEOkmrKvTUo$_$0,Positive,Positive,0.6666666865348816,1.013200283050537,0.02193646878004074,0.20777654647827148,0.7702869176864624
OEOkmrKvTUo$_$6,Positive,Positive,0.6666666865348816,0.4338289499282837,0.024579791352152824,0.3365645706653595,0.6388556361198425
OEesmAnTpeA$_$10,Negative,Neutral,-0.3333333432674408,-0.2888427674770355,0.33968648314476013,0.40514716506004333,0.25516629219055176
OFBc3z99bIc$_$12,Positive,Positive,0.3333333432674408,0.8351778388023376,0.01578591577708721,0.3168942928314209,0.6673198342323303
OFBc3z99bIc$_$15,Negative,Neutral,-0.3333333432674408,0.00686108972877264,0.33984848856925964,0.3400234282016754,0.32012805342674255
OFBc3z99bIc$_$14,Positive,Positive,0.6666666865348816,0.6338557600975037,0.07193946093320847,0.2877221703529358,0.6403383612632751
OGXUtVG0Y9w$_$1,Positive,Positive,2.0,1.2684407234191895,0.11948271840810776,0.064485564827919,0.8160316348075867
OHWyYVux-yw$_$10,Positive,Positive,1.3333333730697632,0.9445998072624207,0.030203549191355705,0.2726399898529053,0.6971564888954163
OHWyYVux-yw$_$14,Positive,Positive,0.6666666865348816,0.8256792426109314,0.02153678610920906,0.1940522938966751,0.7844108939170837
OHWyYVux-yw$_$18,Positive,Positive,1.3333333730697632,0.6354111433029175,0.08328653872013092,0.22556354105472565,0.691149890422821
OHWyYVux-yw$_$2,Positive,Positive,1.6666666269302368,0.17073854804039001,0.20744368433952332,0.2908496558666229,0.5017066597938538
OKSx1zxHGpQ$_$5,Positive,Neutral,1.0,0.13824982941150665,0.0424375981092453,0.7781842947006226,0.1793781816959381
OKSx1zxHGpQ$_$4,Positive,Neutral,1.0,0.5086181163787842,0.019363954663276672,0.5473195314407349,0.43331652879714966
OKSx1zxHGpQ$_$8,Negative,Negative,-0.3333333432674408,-1.529909372329712,0.9354087114334106,0.04767169803380966,0.016919497400522232
OKSx1zxHGpQ$_$15,Positive,Positive,1.3333333730697632,0.7874945402145386,0.059929728507995605,0.38655632734298706,0.5535139441490173
OKSx1zxHGpQ$_$16,Positive,Positive,0.3333333432674408,0.4965817630290985,0.06055387109518051,0.23335137963294983,0.7060948014259338
OKSx1zxHGpQ$_$19,Neutral,Neutral,0.0,0.7500174045562744,0.018673449754714966,0.6563062071800232,0.32502028346061707
OOh1_ffKOKk$_$2,Positive,Negative,0.6666666865348816,-0.38881921768188477,0.4998137950897217,0.3595634400844574,0.14062270522117615
OPXmk49KyiU$_$1,Neutral,Neutral,0.0,0.7736021280288696,0.05312103033065796,0.4909800887107849,0.45589882135391235
OSyKmOye5Uo$_$4,Positive,Positive,0.6666666865348816,0.724600076675415,0.04149579629302025,0.3202020823955536,0.6383021473884583
O_fTDhCtAhw$_$8,Positive,Neutral,0.3333333432674408,0.1296992003917694,0.1358143389225006,0.4380916655063629,0.42609402537345886
O_fTDhCtAhw$_$7,Neutral,Neutral,0.0,0.1690395027399063,0.1512087881565094,0.42846211791038513,0.42032909393310547
O_fTDhCtAhw$_$6,Neutral,Neutral,0.0,-0.2327277958393097,0.06489817053079605,0.7453113794326782,0.18979041278362274
Ob8vPQCPDX0$_$1,Positive,Positive,1.3333333730697632,1.1854525804519653,0.023327073082327843,0.27163228392601013,0.7050406336784363
Ob8vPQCPDX0$_$2,Positive,Positive,2.0,0.946043848991394,0.05006015673279762,0.29770439863204956,0.6522354483604431
OcqJx_cRc3Y$_$2,Negative,Neutral,-0.3333333432674408,0.33477964997291565,0.10381164401769638,0.5953207612037659,0.30086761713027954
OdKp0hYomgs$_$10,Positive,Positive,3.0,0.9914077520370483,0.06392984837293625,0.25232812762260437,0.6837420463562012
OdKp0hYomgs$_$3,Positive,Positive,1.6666666269302368,1.565791368484497,0.0486469604074955,0.1242888867855072,0.8270641565322876
Oj3XwBBrzXc$_$1,Neutral,Neutral,0.0,0.3452613055706024,0.05039022117853165,0.5832260251045227,0.36638379096984863
Op3CnqRLD9w$_$3,Positive,Positive,0.6666666865348816,0.8850909471511841,0.034188997000455856,0.1490228772163391,0.8167880773544312
OwYfPi9St0w$_$1,Neutral,Neutral,0.0,0.6071445941925049,0.027528369799256325,0.6804035305976868,0.29206812381744385
OxyQSJMvWBo$_$11,Negative,Negative,-1.0,-1.2685785293579102,0.9005733132362366,0.05515865981578827,0.044267989695072174
OxyQSJMvWBo$_$13,Negative,Neutral,-0.3333333432674408,0.15889060497283936,0.21395577490329742,0.4876471161842346,0.29839712381362915
OxyQSJMvWBo$_$12,Negative,Negative,-1.0,-0.743891179561615,0.787445068359375,0.13017870485782623,0.08237633854150772
P0WaXnH37uI$_$5,Neutral,Positive,0.0,0.5792620778083801,0.14533478021621704,0.4210991859436035,0.4335659444332123
P0WaXnH37uI$_$4,Positive,Neutral,0.3333333432674408,0.6561811566352844,0.07014098763465881,0.6706891059875488,0.25916987657546997
P35dyIit1yM$_$4,Positive,Positive,0.6666666865348816,0.8290801048278809,0.07070000469684601,0.30220580101013184,0.6270941495895386
P4qxfjZlIrY$_$4,Positive,Positive,0.3333333432674408,0.5315842628479004,0.012219606898725033,0.3572692275047302,0.6305111646652222
P4qxfjZlIrY$_$6,Positive,Positive,0.3333333432674408,0.7362158298492432,0.010346592403948307,0.3450847566127777,0.644568681716919
PANWQeBKStk$_$0,Positive,Positive,1.0,1.0391948223114014,0.019282862544059753,0.1672617346048355,0.8134554624557495
PGBrZLC15yA$_$0,Positive,Positive,2.6666667461395264,1.46059250831604,0.023291446268558502,0.18056556582450867,0.7961429357528687
PHJ8eybXJdw$_$5,Neutral,Neutral,0.0,0.04306778684258461,0.19613350927829742,0.5776256918907166,0.2262408584356308
PMH4mdJeojE$_$3,Neutral,Neutral,0.0,0.014393037185072899,0.047503191977739334,0.7462137341499329,0.20628303289413452
PMH4mdJeojE$_$2,Positive,Neutral,1.0,0.07057461142539978,0.057186879217624664,0.7647722363471985,0.17804080247879028
PN3ApHIGopo$_$6,Negative,Negative,-0.3333333432674408,-1.2129267454147339,0.7581521272659302,0.20797979831695557,0.033868078142404556
PQYmOknHA4c$_$5,Neutral,Neutral,0.0,0.011920958757400513,0.13653263449668884,0.5171555280685425,0.3463118076324463
PQYmOknHA4c$_$4,Positive,Neutral,1.0,0.0005453713238239288,0.13696269690990448,0.4871731996536255,0.3758641481399536
PUIsiLk8etk$_$11,Negative,Negative,-0.6666666865348816,-0.948195219039917,0.7208527326583862,0.16786177456378937,0.11128552258014679
PYylJk8R9Ak$_$1,Positive,Positive,1.6666666269302368,0.8999563455581665,0.017149560153484344,0.3385128080844879,0.6443375945091248
PYylJk8R9Ak$_$4,Positive,Positive,1.0,0.5750679969787598,0.07662327587604523,0.2502078711986542,0.6731688380241394
PbyI-sUzLZY$_$5,Positive,Neutral,0.6666666865348816,0.040737446397542953,0.053743284195661545,0.532877504825592,0.41337916254997253
PbyI-sUzLZY$_$4,Negative,Negative,-0.3333333432674408,-0.7249021530151367,0.8523836731910706,0.08143369853496552,0.06618262082338333
PmemTgQHagk$_$1,Positive,Positive,2.0,1.5514841079711914,0.0343836173415184,0.09378546476364136,0.871830940246582
PmemTgQHagk$_$7,Positive,Positive,2.0,2.0348992347717285,0.004873445723205805,0.031014366075396538,0.9641121625900269
PoKZEKOf1dA$_$1,Positive,Positive,1.0,0.7708659768104553,0.1470055729150772,0.24196380376815796,0.6110306978225708
PoKZEKOf1dA$_$4,Neutral,Neutral,0.0,0.5904703140258789,0.09727341681718826,0.5042780041694641,0.39844855666160583
PohW-isYMK0$_$16,Positive,Positive,0.6666666865348816,1.2022329568862915,0.012572591193020344,0.22049619257450104,0.7669312357902527
PohW-isYMK0$_$1,Positive,Positive,1.3333333730697632,0.9475868940353394,0.03207189217209816,0.2581300437450409,0.7097980976104736
PohW-isYMK0$_$7,Positive,Positive,1.6666666269302368,0.8151517510414124,0.029885519295930862,0.2802135944366455,0.6899009346961975
Q5fZk_jPjBI$_$9,Positive,Positive,0.3333333432674408,0.7599875926971436,0.07946263253688812,0.18602073192596436,0.7345166802406311
Q5fZk_jPjBI$_$0,Positive,Positive,1.6666666269302368,0.7270369529724121,0.027171403169631958,0.2723762094974518,0.7004523873329163
Q7nhtfkIPN4$_$3,Neutral,Neutral,0.0,0.03338998556137085,0.06373178213834763,0.6223154664039612,0.3139527142047882
Q7nhtfkIPN4$_$6,Neutral,Neutral,0.0,0.24069656431674957,0.08635767549276352,0.6127514839172363,0.3008909225463867
QDRtKv8PvFs$_$3,Positive,Positive,1.3333333730697632,1.594268798828125,0.029648222029209137,0.04476809874176979,0.9255836606025696
QE0pAVSPsKQ$_$26,Positive,Positive,2.0,0.9973504543304443,0.027367256581783295,0.2460222840309143,0.7266104817390442
QE0pAVSPsKQ$_$12,Positive,Positive,0.3333333432674408,1.1213228702545166,0.05675424635410309,0.264734148979187,0.6785116195678711
QE0pAVSPsKQ$_$2,Positive,Positive,2.6666667461395264,1.9279048442840576,0.015210664831101894,0.05758238956332207,0.9272069334983826
QE0pAVSPsKQ$_$7,Negative,Neutral,-0.6666666865348816,0.09272998571395874,0.2925403416156769,0.39783525466918945,0.3096243739128113
QI-TTqj0KnA$_$7,Positive,Positive,0.6666666865348816,0.40853047370910645,0.0775880366563797,0.3964218497276306,0.5259901285171509
QI-TTqj0KnA$_$6,Neutral,Neutral,0.0,-0.26525914669036865,0.3091571629047394,0.5204114317893982,0.17043128609657288
QLEOYF7Mju0$_$11,Positive,Positive,1.0,0.26326555013656616,0.1359611302614212,0.350768119096756,0.5132707953453064
QLEOYF7Mju0$_$2,Positive,Neutral,0.3333333432674408,0.3122951090335846,0.06451764702796936,0.5678766369819641,0.36760571599006653
QMAztkqnvws$_$6,Positive,Neutral,0.3333333432674408,-0.13898999989032745,0.1735944002866745,0.5024914741516113,0.323914110660553
QNxiqu1y1N0$_$1,Positive,Neutral,0.3333333432674408,0.5417371392250061,0.08165700733661652,0.7240952253341675,0.1942477524280548
QOxIdbNwpx0$_$6,Positive,Positive,1.0,0.5087563991546631,0.03513995558023453,0.4034798741340637,0.56138014793396
QQVRIGEUa_Q$_$5,Positive,Neutral,0.3333333432674408,0.24343805015087128,0.2005898356437683,0.5019245147705078,0.2974856197834015
QUpI5kMw_nA$_$10,Positive,Neutral,0.3333333432674408,0.30387988686561584,0.09567414224147797,0.6372323036193848,0.2670934498310089
QUpI5kMw_nA$_$17,Positive,Positive,1.3333333730697632,1.1857260465621948,0.009481191635131836,0.24194970726966858,0.748569130897522
QYp0lGhyL6A$_$13,Neutral,Neutral,0.0,-0.3989795446395874,0.21887686848640442,0.6418346166610718,0.139288529753685
QYp0lGhyL6A$_$14,Negative,Negative,-1.3333333730697632,-0.7118898630142212,0.5952884554862976,0.30218756198883057,0.10252395272254944
QYp0lGhyL6A$_$4,Negative,Neutral,-2.3333332538604736,-0.3301484286785126,0.2659107744693756,0.5420551896095276,0.19203408062458038
QkMTYY69JYQ$_$1,Positive,Positive,0.6666666865348816,1.1240131855010986,0.02804289385676384,0.12853460013866425,0.843422532081604
QkMTYY69JYQ$_$4,Positive,Neutral,0.6666666865348816,0.3648989200592041,0.1494382619857788,0.7034968137741089,0.14706486463546753
QoIsjc4-GIg$_$8,Negative,Negative,-1.0,-0.418891966342926,0.5125468373298645,0.28566011786460876,0.20179307460784912
QzdEjKQFisQ$_$8,Negative,Negative,-0.3333333432674408,-1.8101359605789185,0.9252081513404846,0.06739205867052078,0.007399850990623236
R0o37yJ1PP0$_$3,Positive,Neutral,0.6666666865348816,0.08394375443458557,0.0788310170173645,0.674608051776886,0.24656090140342712
R0o37yJ1PP0$_$5,Neutral,Neutral,0.0,0.07942315936088562,0.15475545823574066,0.5934189558029175,0.25182563066482544
R0o37yJ1PP0$_$6,Positive,Neutral,0.3333333432674408,0.43815797567367554,0.16632506251335144,0.4623509347438812,0.3713240325450897
R0uRDh-engU$_$10,Positive,Positive,0.3333333432674408,0.6083075404167175,0.0812261626124382,0.3886188566684723,0.5301550030708313
R0uRDh-engU$_$5,Negative,Positive,-0.3333333432674408,0.41203996539115906,0.41722461581230164,0.13018544018268585,0.4525899589061737
R5a3TP-l_n4$_$1,Positive,Positive,1.0,0.9974825382232666,0.12447419762611389,0.1247764378786087,0.750749409198761
R9ypacCuEZo$_$4,Positive,Positive,1.3333333730697632,1.075140357017517,0.023065313696861267,0.18339227139949799,0.7935423851013184
R9ypacCuEZo$_$7,Negative,Neutral,-0.3333333432674408,-0.05922792851924896,0.11765098571777344,0.5557274222373962,0.32662156224250793
RE-LIPOFnrE$_$4,Neutral,Neutral,0.0,0.24387231469154358,0.07311137020587921,0.617947518825531,0.30894115567207336
REkPZ77s3Vc$_$0,Neutral,Neutral,0.0,-0.10148614645004272,0.3098844587802887,0.5689546465873718,0.12116086483001709
REkPZ77s3Vc$_$4,Neutral,Negative,0.0,-0.5044558048248291,0.5539790391921997,0.35999906063079834,0.08602193742990494
REkPZ77s3Vc$_$7,Neutral,Neutral,0.0,-0.7846152782440186,0.4328964948654175,0.5214313268661499,0.04567219316959381
RImmdklTOW0$_$10,Positive,Positive,1.6666666269302368,1.1616780757904053,0.029290571808815002,0.04657401517033577,0.9241353869438171
RImmdklTOW0$_$15,Positive,Neutral,1.3333333730697632,0.9053329229354858,0.03657595440745354,0.5119231939315796,0.45150089263916016
RImmdklTOW0$_$8,Positive,Positive,0.6666666865348816,0.7367140054702759,0.0542132668197155,0.25582069158554077,0.6899660229682922
RLHZ6xtIWSM$_$2,Negative,Neutral,-0.6666666865348816,-0.24989376962184906,0.3704071044921875,0.43922141194343567,0.19037148356437683
RLHZ6xtIWSM$_$6,Negative,Negative,-1.3333333730697632,-0.8820557594299316,0.7770678400993347,0.13688401877880096,0.08604821562767029
RRKez9BR-94$_$12,Positive,Neutral,0.6666666865348816,0.30390703678131104,0.10131325572729111,0.5164547562599182,0.38223201036453247
RS5WM3q2ZZQ$_$11,Neutral,Neutral,0.0,0.034211043268442154,0.2688587009906769,0.39410531520843506,0.33703598380088806
RS5WM3q2ZZQ$_$10,Positive,Neutral,0.6666666865348816,0.5664865374565125,0.05997060239315033,0.5048233866691589,0.4352060854434967
RS5WM3q2ZZQ$_$2,Negative,Neutral,-0.6666666865348816,0.19084063172340393,0.09413041174411774,0.4971517324447632,0.4087178409099579
RS5WM3q2ZZQ$_$6,Neutral,Neutral,0.0,0.14899149537086487,0.2361038625240326,0.4811301529407501,0.2827659249305725
RST6PgpsLws$_$2,Positive,Positive,2.3333332538604736,0.9475852847099304,0.022337287664413452,0.2204526662826538,0.7572100758552551
RTzDzj4NxIM$_$7,Positive,Negative,0.6666666865348816,-0.5992446541786194,0.5574083924293518,0.3475639224052429,0.09502772241830826
RaTQZrdICKo$_$2,Neutral,Negative,0.0,-0.12368917465209961,0.37025922536849976,0.33046475052833557,0.2992760241031647
RadU51t1kL0$_$8,Negative,Negative,-0.6666666865348816,-1.4731873273849487,0.7172113060951233,0.2594836354255676,0.023305146023631096
Rdf0Psjyrwc$_$3,Positive,Positive,1.3333333730697632,1.1082923412322998,0.010413662530481815,0.18539182841777802,0.8041945695877075
Rdf0Psjyrwc$_$2,Positive,Positive,1.3333333730697632,1.5094215869903564,0.014121556654572487,0.07023239135742188,0.9156460762023926
RgubFcmvgDE$_$0,Negative,Negative,-0.6666666865348816,-0.31857892870903015,0.49624812602996826,0.359503835439682,0.14424806833267212
RgubFcmvgDE$_$3,Negative,Negative,-2.0,-1.0863152742385864,0.7590196132659912,0.20984314382076263,0.031137315556406975
Rse6laKf1i8$_$6,Positive,Positive,1.6666666269302368,1.0079420804977417,0.040649354457855225,0.17833873629570007,0.7810118794441223
Rt9rN1ntS3E$_$1,Positive,Positive,1.0,0.8235000371932983,0.054268982261419296,0.2736627161502838,0.6720682382583618
Rt9rN1ntS3E$_$2,Positive,Positive,1.3333333730697632,1.2866966724395752,0.08029212802648544,0.21501965820789337,0.7046881914138794
Rugd2NMu4bA$_$11,Positive,Neutral,0.6666666865348816,-0.042238760739564896,0.2598680257797241,0.3729187846183777,0.3672131597995758
Rugd2NMu4bA$_$5,Neutral,Negative,0.0,-0.9627313613891602,0.7596149444580078,0.2132512778043747,0.027133818715810776
RvIohowRPAk$_$11,Negative,Negative,-1.3333333730697632,-1.6374268531799316,0.9307167530059814,0.05075814947485924,0.018525099381804466
RvIohowRPAk$_$2,Neutral,Neutral,0.0,0.04431980103254318,0.2337997853755951,0.5354767441749573,0.2307235151529312
Rw2pzFGosmw$_$7,Positive,Neutral,0.3333333432674408,0.33567914366722107,0.12198778986930847,0.5543529391288757,0.3236592411994934
RwcTz-tOIeo$_$2,Negative,Negative,-0.3333333432674408,-0.7909621596336365,0.6562145352363586,0.2848840355873108,0.058901503682136536
Ry2NJPd4N3s$_$14,Positive,Positive,1.0,1.0968278646469116,0.03193672373890877,0.1774287223815918,0.7906345725059509
S21ApRNQ9Ko$_$15,Negative,Negative,-1.0,-1.7690722942352295,0.9581365585327148,0.0312698669731617,0.01059353444725275
S21ApRNQ9Ko$_$14,Negative,Negative,-0.6666666865348816,-0.8221880197525024,0.7440943121910095,0.1443629115819931,0.11154276877641678
S21ApRNQ9Ko$_$3,Neutral,Neutral,0.0,0.23258182406425476,0.2770008146762848,0.39075279235839844,0.33224642276763916
S21ApRNQ9Ko$_$2,Positive,Positive,1.3333333730697632,0.8785229921340942,0.019786180928349495,0.37168580293655396,0.6085280179977417
S2znq3iRPwE$_$10,Positive,Positive,1.0,1.674809455871582,0.009355246089398861,0.09743671119213104,0.8932080268859863
S2znq3iRPwE$_$13,Positive,Positive,2.0,1.670130729675293,0.06123872846364975,0.043074626475572586,0.8956866264343262
S2znq3iRPwE$_$19,Positive,Positive,1.3333333730697632,1.652734637260437,0.020234616473317146,0.07463399320840836,0.905131459236145
S6S2XL0-ZpM$_$1,Neutral,Positive,0.0,0.7587767243385315,0.036522164940834045,0.3081824779510498,0.6552953720092773
S9PDgK7fpJI$_$14,Neutral,Negative,0.0,-0.8781096339225769,0.7917639017105103,0.18132548034191132,0.026910535991191864
SGsiGz2fdpo$_$23,Positive,Positive,2.6666667461395264,0.8467837572097778,0.04354880005121231,0.25294631719589233,0.7035049200057983
SGsiGz2fdpo$_$29,Positive,Positive,1.0,1.1503818035125732,0.02349826507270336,0.10921338200569153,0.86728835105896
SGsiGz2fdpo$_$5,Positive,Positive,0.6666666865348816,0.8833541870117188,0.03290903940796852,0.18888917565345764,0.7782017588615417
SGsiGz2fdpo$_$4,Positive,Neutral,0.3333333432674408,0.07679755985736847,0.06782177090644836,0.4713544249534607,0.46082380414009094
SGsiGz2fdpo$_$6,Positive,Positive,0.6666666865348816,0.3678024411201477,0.019517280161380768,0.44646918773651123,0.5340135097503662
SGsiGz2fdpo$_$9,Neutral,Neutral,0.0,0.08128269761800766,0.05208485201001167,0.6834704875946045,0.26444458961486816
SGsiGz2fdpo$_$8,Positive,Positive,0.3333333432674408,0.12747561931610107,0.025631699711084366,0.4266830086708069,0.5476853251457214
SGsiGz2fdpo$_$11,Negative,Negative,-0.3333333432674408,-1.2489848136901855,0.755803108215332,0.20361462235450745,0.0405823178589344
SGsiGz2fdpo$_$15,Neutral,Neutral,0.0,0.2437131553888321,0.019089793786406517,0.5230274200439453,0.45788276195526123
SGsiGz2fdpo$_$33,Positive,Positive,1.3333333730697632,1.5580404996871948,0.007239446975290775,0.031325072050094604,0.9614354372024536
SH0wXyhsx9s$_$0,Positive,Positive,0.6666666865348816,0.7065301537513733,0.08858387172222137,0.13781221210956573,0.7736039161682129
SI39azgVUR8$_$2,Negative,Negative,-1.6666666269302368,-0.6013851761817932,0.6816354393959045,0.10417190194129944,0.21419267356395721
SLi2gT5H6m8$_$3,Positive,Neutral,0.6666666865348816,0.4339461028575897,0.037360843271017075,0.5106738805770874,0.45196524262428284
SLi2gT5H6m8$_$5,Positive,Neutral,0.3333333432674408,-0.021512556821107864,0.1402273178100586,0.5272476673126221,0.3325250446796417
SMr2DprlLu4$_$1,Positive,Positive,2.0,1.5104831457138062,0.014014622196555138,0.08643768727779388,0.8995476961135864
SMzV26l6iA0$_$0,Positive,Positive,1.0,1.06826651096344,0.013222967274487019,0.24222806096076965,0.7445489168167114
STeqtJLakQQ$_$2,Negative,Negative,-1.0,-0.7217633128166199,0.6620267033576965,0.1925126165151596,0.14546069502830505
STeqtJLakQQ$_$5,Negative,Negative,-0.6666666865348816,-1.468961238861084,0.8945644497871399,0.08499108999967575,0.020444490015506744
SWHmteF5Rlk$_$2,Negative,Neutral,-0.6666666865348816,-0.019108278676867485,0.32640036940574646,0.44805991649627686,0.2255396693944931
SWHmteF5Rlk$_$6,Positive,Positive,1.3333333730697632,0.9798479676246643,0.03249678388237953,0.4717898368835449,0.49571341276168823
SWhfaL7AdEc$_$2,Positive,Positive,1.0,0.9718420505523682,0.018227452412247658,0.3239724040031433,0.6578001379966736
SWhfaL7AdEc$_$4,Positive,Positive,0.6666666865348816,1.0228841304779053,0.010310005396604538,0.12359105795621872,0.866098940372467
SYnygYs-fAg$_$14,Positive,Positive,1.6666666269302368,1.7395609617233276,0.007274749223142862,0.045070286840200424,0.9476550221443176
SYnygYs-fAg$_$0,Positive,Positive,0.3333333432674408,0.6445886492729187,0.037807513028383255,0.34620824456214905,0.6159842610359192
SYnygYs-fAg$_$6,Positive,Neutral,0.3333333432674408,0.16748738288879395,0.0750858336687088,0.5043359994888306,0.42057812213897705
SYnygYs-fAg$_$8,Positive,Positive,2.0,1.4865058660507202,0.026889456436038017,0.09352235496044159,0.8795881867408752
S_mxvk4LEh0$_$12,Positive,Positive,2.0,0.793121337890625,0.020214304327964783,0.3163960874080658,0.6633896231651306
S_mxvk4LEh0$_$5,Neutral,Neutral,0.0,-0.08854921162128448,0.20771390199661255,0.6436015963554382,0.14868448674678802
Sb2xMPwNKPo$_$18,Neutral,Neutral,0.0,-0.39902985095977783,0.3180007338523865,0.4922916293144226,0.18970759212970734
Sb2xMPwNKPo$_$5,Neutral,Neutral,0.0,-0.14623798429965973,0.1300189346075058,0.6863400936126709,0.18364094197750092
ShgrdU9WAJE$_$12,Negative,Negative,-0.3333333432674408,-0.48039355874061584,0.4640229046344757,0.4220444858074188,0.11393260955810547
ShgrdU9WAJE$_$2,Positive,Neutral,1.0,0.6549826264381409,0.04198957979679108,0.571966826915741,0.3860435485839844
ShgrdU9WAJE$_$5,Neutral,Neutral,0.0,-0.022822555154561996,0.09039507806301117,0.7471134066581726,0.1624915450811386
Sir2QeCh4B0$_$5,Neutral,Positive,0.0,0.8935166001319885,0.03589675948023796,0.32122963666915894,0.6428735852241516
So3bPzg2bq0$_$10,Positive,Neutral,0.3333333432674408,0.1772458851337433,0.0749669224023819,0.4927244484424591,0.4323085844516754
So3bPzg2bq0$_$2,Neutral,Neutral,0.0,0.2663254141807556,0.028306394815444946,0.5941234827041626,0.37757009267807007
SrMN3rwvCsE$_$1,Negative,Negative,-0.3333333432674408,-0.7812046408653259,0.5781859755516052,0.319940984249115,0.10187297314405441
StgqrTr0JqU$_$10,Positive,Positive,1.3333333730697632,0.9055944085121155,0.029726611450314522,0.205440953373909,0.7648324370384216
StgqrTr0JqU$_$0,Positive,Neutral,0.6666666865348816,0.32556286454200745,0.03434763848781586,0.543026864528656,0.42262548208236694
SxbTZjZD0vU$_$5,Negative,Neutral,-0.6666666865348816,0.22108304500579834,0.11888054013252258,0.6669131517410278,0.21420641243457794
SzJf6viBWBg$_$2,Neutral,Neutral,0.0,0.21405425667762756,0.09954417496919632,0.7027837634086609,0.1976720690727234
SzJf6viBWBg$_$4,Neutral,Neutral,0.0,0.09111355245113373,0.17922736704349518,0.6404348015785217,0.1803378164768219
T-8TvJcS78w$_$3,Positive,Positive,1.6666666269302368,0.7555802464485168,0.047997478395700455,0.15330833196640015,0.7986941337585449
T-8TvJcS78w$_$7,Positive,Positive,1.3333333730697632,0.8835698366165161,0.01907976157963276,0.3645108640193939,0.6164093613624573
T1icdxz0TNs$_$0,Positive,Positive,1.3333333730697632,0.8542476892471313,0.06400687992572784,0.26477497816085815,0.6712181568145752
T4e4Ba1sRg0$_$0,Negative,Negative,-2.0,-1.004263162612915,0.7188195586204529,0.2065960019826889,0.07458437234163284
T4e4Ba1sRg0$_$3,Negative,Negative,-0.6666666865348816,-1.052408218383789,0.7760986089706421,0.1889457255601883,0.034955576062202454
T4e4Ba1sRg0$_$9,Negative,Negative,-0.6666666865348816,-0.5147539973258972,0.732059895992279,0.15297596156597137,0.11496405303478241
TBCjKGYBNIo$_$24,Positive,Positive,0.6666666865348816,0.7015838623046875,0.017985500395298004,0.2391907125711441,0.7428237795829773
TBCjKGYBNIo$_$20,Negative,Negative,-1.0,-1.6672614812850952,0.9619614481925964,0.028118014335632324,0.009920568205416203
TBCjKGYBNIo$_$3,Negative,Positive,-1.0,0.07130441069602966,0.29744449257850647,0.3397982716560364,0.36275726556777954
TBCjKGYBNIo$_$19,Negative,Negative,-0.6666666865348816,-0.7827240228652954,0.44198521971702576,0.4407852590084076,0.11722949147224426
TBwetweXRb4$_$5,Positive,Neutral,0.3333333432674408,0.20002782344818115,0.06916870921850204,0.7035608291625977,0.2272704541683197
TFKgo5JlPro$_$1,Negative,Negative,-0.3333333432674408,-0.1809980422258377,0.5094070434570312,0.25532087683677673,0.2352720946073532
TFKgo5JlPro$_$0,Neutral,Negative,0.0,0.01131896860897541,0.43741855025291443,0.28848525881767273,0.27409628033638
TM7cHOHfF70$_$30,Positive,Neutral,0.6666666865348816,0.5347667932510376,0.17446750402450562,0.4184902608394623,0.4070422649383545
TM7cHOHfF70$_$5,Negative,Negative,-1.0,-0.6229564547538757,0.48435571789741516,0.4372972548007965,0.07834701985120773
TNwwVWA-oAE$_$22,Positive,Neutral,0.6666666865348816,0.3547685146331787,0.08048015087842941,0.4990510046482086,0.42046889662742615
TNwwVWA-oAE$_$16,Positive,Positive,1.0,1.6371121406555176,0.010815523564815521,0.03596127778291702,0.9532231688499451
TO5HjoK8Iu8$_$10,Positive,Positive,1.3333333730697632,0.7879587411880493,0.02252877876162529,0.37609243392944336,0.6013787984848022
TO5HjoK8Iu8$_$12,Positive,Positive,0.6666666865348816,0.6803493499755859,0.023499492555856705,0.36466526985168457,0.6118353009223938
TSDC7CCyeGY$_$5,Negative,Negative,-1.0,-0.6053765416145325,0.5469757914543152,0.3639144003391266,0.0891098603606224
TUY83eDK5jc$_$17,Positive,Positive,1.0,0.8896775245666504,0.008380560204386711,0.2344154715538025,0.7572039365768433
TVhXqAI9gyA$_$1,Neutral,Neutral,0.0,-0.03211434930562973,0.10650328546762466,0.5652601718902588,0.32823655009269714
TWMFQED1Myk$_$1,Positive,Positive,0.6666666865348816,0.9563890099525452,0.10456407070159912,0.4464976191520691,0.448938250541687
TWMFQED1Myk$_$3,Neutral,Neutral,0.0,0.5548083782196045,0.0968121811747551,0.7389548420906067,0.16423293948173523
TWMFQED1Myk$_$6,Positive,Positive,1.6666666269302368,1.4304254055023193,0.035986002534627914,0.2949148118495941,0.6690991520881653
TWf0XFpXwfs$_$0,Neutral,Neutral,0.0,0.18788328766822815,0.053159814327955246,0.6937039494514465,0.2531362473964691
TZXcQemh8n8$_$11,Negative,Neutral,-0.3333333432674408,-0.3825664222240448,0.2703649401664734,0.4086512327194214,0.32098373770713806
Ta_IgA3XJ3s$_$27,Positive,Neutral,1.0,-0.10707398504018784,0.09211663156747818,0.795341968536377,0.1125413253903389
Ta_IgA3XJ3s$_$21,Positive,Positive,0.3333333432674408,0.4478721618652344,0.04750078171491623,0.34296199679374695,0.6095371842384338
TahiuVpcROM$_$2,Positive,Positive,0.6666666865348816,1.0314959287643433,0.012267244048416615,0.22945527732372284,0.7582775354385376
TfBVq9oWBmM$_$1,Positive,Positive,0.6666666865348816,0.6928618550300598,0.0667925626039505,0.3415525555610657,0.5916548371315002
Tiq67-bAV3M$_$5,Positive,Neutral,0.6666666865348816,0.7219517230987549,0.03764494135975838,0.6407658457756042,0.3215891718864441
TwTLsgfpKvA$_$0,Neutral,Neutral,0.0,0.12170243263244629,0.051494572311639786,0.7243279814720154,0.2241775244474411
TwTLsgfpKvA$_$9,Positive,Positive,0.6666666865348816,1.49876868724823,0.011308351531624794,0.04496464878320694,0.9437270164489746
TxJjAK0WrOY$_$10,Positive,Neutral,0.3333333432674408,-0.08780492097139359,0.2703700065612793,0.5580736398696899,0.17155635356903076
U8Ewftg_8CI$_$2,Negative,Negative,-0.3333333432674408,-1.4210470914840698,0.9112900495529175,0.06807302683591843,0.02063688449561596
UK_IXtJ2BqI$_$17,Positive,Positive,1.0,0.8084291219711304,0.02414935640990734,0.29325708746910095,0.682593584060669
UK_IXtJ2BqI$_$3,Positive,Positive,0.6666666865348816,1.1220622062683105,0.020462745800614357,0.210282564163208,0.7692546248435974
UK_IXtJ2BqI$_$7,Negative,Negative,-1.0,-1.5889461040496826,0.9584821462631226,0.028740480542182922,0.012777378782629967
ULtBuI6nMaY$_$10,Positive,Positive,2.0,0.5913801789283752,0.13852213323116302,0.22146421670913696,0.6400136947631836
ULtBuI6nMaY$_$1,Neutral,Negative,0.0,-1.0414799451828003,0.5348502397537231,0.37932485342025757,0.08582496643066406
UUukBV82P9A$_$11,Neutral,Neutral,0.0,0.19546490907669067,0.1533232033252716,0.5549429059028625,0.29173383116722107
UUukBV82P9A$_$10,Negative,Negative,-0.3333333432674408,-0.3879340887069702,0.5988014340400696,0.3252401351928711,0.0759584903717041
UUukBV82P9A$_$2,Positive,Neutral,1.3333333730697632,0.8043606281280518,0.06392368674278259,0.5366535186767578,0.3994227647781372
UXvMaHD9kmA$_$10,Positive,Positive,0.6666666865348816,0.8194462060928345,0.03830323740839958,0.453287810087204,0.5084089636802673
UXvMaHD9kmA$_$18,Positive,Neutral,1.3333333730697632,0.881246030330658,0.07629725337028503,0.46291056275367737,0.4607921838760376
UXvMaHD9kmA$_$14,Neutral,Positive,0.0,0.7657425999641418,0.11639532446861267,0.3544740378856659,0.5291306972503662
Ua4g9q0r-dI$_$24,Neutral,Neutral,0.0,-0.20235827565193176,0.39381659030914307,0.45164361596107483,0.15453976392745972
Ua4g9q0r-dI$_$15,Neutral,Neutral,0.0,-0.22182387113571167,0.282317191362381,0.514072060585022,0.20361071825027466
Ua4g9q0r-dI$_$31,Neutral,Neutral,0.0,0.20004276931285858,0.07639943808317184,0.686191976070404,0.23740853369235992
Ua4g9q0r-dI$_$14,Negative,Negative,-0.6666666865348816,0.025266895070672035,0.3840015232563019,0.2680823802947998,0.34791603684425354
Uc-0G7RRxoY$_$16,Neutral,Neutral,0.0,0.3822363317012787,0.13924026489257812,0.5670884251594543,0.29367125034332275
Uc-0G7RRxoY$_$6,Positive,Negative,0.3333333432674408,-0.29465556144714355,0.47801244258880615,0.25153565406799316,0.2704519033432007
UeOIb6s0pVM$_$6,Positive,Positive,2.0,1.900062918663025,0.003874043934047222,0.05009149760007858,0.9460344910621643
UeOIb6s0pVM$_$8,Positive,Positive,0.6666666865348816,0.9696962833404541,0.025112196803092957,0.18405550718307495,0.7908322811126709
UgTM9y2rD38$_$2,Positive,Positive,2.6666667461395264,1.6940191984176636,0.00894844625145197,0.15907301008701324,0.8319784998893738
UkqTwAuA8jI$_$7,Neutral,Neutral,0.0,0.23938384652137756,0.31314539909362793,0.5107405185699463,0.17611412703990936
UmB5c_QqUPs$_$11,Negative,Negative,-2.3333332538604736,-0.4328007698059082,0.4296221435070038,0.26692625880241394,0.3034515082836151
UtjenieM1Ak$_$6,Positive,Positive,1.0,0.7648884057998657,0.040007855743169785,0.2886355519294739,0.6713565587997437
UtuTyW9pUN8$_$6,Neutral,Positive,0.0,0.7145550847053528,0.038590073585510254,0.313436359167099,0.6479734778404236
Uw1nWfSuyo8$_$2,Positive,Neutral,0.3333333432674408,0.17535124719142914,0.03413839638233185,0.7095500230789185,0.25631165504455566
VAFdgtqZz4g$_$4,Positive,Neutral,0.6666666865348816,0.20826292037963867,0.08718918263912201,0.6170144081115723,0.29579633474349976
VAr7gJydnys$_$13,Neutral,Neutral,0.0,0.15611720085144043,0.0760100930929184,0.6955525875091553,0.2284373939037323
VAr7gJydnys$_$1,Negative,Negative,-1.3333333730697632,-1.3725895881652832,0.9129651784896851,0.06163012981414795,0.02540469542145729
VAr7gJydnys$_$0,Positive,Neutral,1.0,0.5334156155586243,0.03668465092778206,0.5973694324493408,0.365945965051651
VAr7gJydnys$_$6,Positive,Neutral,1.0,-0.5964941382408142,0.27081742882728577,0.6703529357910156,0.05882970616221428
VDjnKdFxuBE$_$0,Positive,Positive,2.6666667461395264,1.2446452379226685,0.026359407231211662,0.19596029818058014,0.7776802778244019
VN1IPN1TL3Q$_$0,Negative,Negative,-1.3333333730697632,-1.061525583267212,0.6560603976249695,0.29578298330307007,0.048156630247831345
VN1IPN1TL3Q$_$5,Negative,Negative,-1.6666666269302368,-1.3588347434997559,0.8969936370849609,0.07538838684558868,0.027617979794740677
VUrTT7xsrec$_$1,Positive,Negative,1.0,-0.5805950164794922,0.6703106760978699,0.21894113719463348,0.11074820905923843
VWik5oKP6IU$_$3,Positive,Neutral,0.3333333432674408,-0.1308811455965042,0.30371883511543274,0.5829102396965027,0.11337096244096756
VZqkWIPmH6w$_$4,Neutral,Neutral,0.0,0.19292765855789185,0.17144951224327087,0.5024927258491516,0.3260577917098999
Va54WZgPTdY$_$6,Negative,Negative,-2.0,-0.03147583082318306,0.44333693385124207,0.1749514639377594,0.38171154260635376
VbSsGRXIwjc$_$2,Positive,Positive,1.6666666269302368,0.7361524701118469,0.20714767277240753,0.3336242735385895,0.4592280685901642
Ve-mmCM8TI0$_$15,Neutral,Neutral,0.0,0.33970341086387634,0.0699005052447319,0.4952393174171448,0.4348601996898651
Ve-mmCM8TI0$_$2,Neutral,Neutral,0.0,0.018744004890322685,0.08561766892671585,0.7534728646278381,0.16090936958789825
Ve-mmCM8TI0$_$4,Neutral,Neutral,0.0,-0.02187594398856163,0.08482194691896439,0.7512716054916382,0.16390641033649445
Ve-mmCM8TI0$_$7,Positive,Neutral,0.3333333432674408,-0.1292172372341156,0.11003280431032181,0.7191643118858337,0.17080283164978027
Ve-mmCM8TI0$_$6,Negative,Neutral,-1.0,-0.3662126958370209,0.18392948806285858,0.6823642253875732,0.13370628654956818
VhKJm_jiciU$_$10,Positive,Positive,1.3333333730697632,0.49065694212913513,0.11706457287073135,0.34031060338020325,0.5426247715950012
VjAvqFXEmmk$_$3,Neutral,Positive,0.0,0.2228485345840454,0.22381770610809326,0.3692423403263092,0.40693995356559753
VjAvqFXEmmk$_$2,Neutral,Positive,0.0,1.1218392848968506,0.010468002408742905,0.16283871233463287,0.8266932964324951
VjAvqFXEmmk$_$4,Positive,Positive,0.6666666865348816,0.9448172450065613,0.022601883858442307,0.12984570860862732,0.847552478313446
VoETCD8fBLI$_$5,Positive,Positive,0.6666666865348816,0.7885383367538452,0.024657711386680603,0.3857499063014984,0.5895923376083374
Vv2DTPyyw90$_$0,Neutral,Neutral,0.0,-0.5296552181243896,0.4182089865207672,0.5130857229232788,0.0687052384018898
Vw4-ae-ucHE$_$0,Negative,Neutral,-0.3333333432674408,-0.0721590593457222,0.11789418756961823,0.5735186338424683,0.3085871636867523
Vw4-ae-ucHE$_$3,Positive,Negative,0.3333333432674408,-0.13616116344928741,0.4476906955242157,0.3605755865573883,0.19173365831375122
Vw4-ae-ucHE$_$2,Positive,Neutral,0.6666666865348816,-0.007596827112138271,0.21858492493629456,0.4045078158378601,0.37690719962120056
Vx8npmcFxak$_$5,Positive,Positive,2.0,1.2066707611083984,0.1514894664287567,0.10276985168457031,0.7457407116889954
VybXjsmsjAY$_$13,Positive,Positive,1.0,0.41638755798339844,0.13717438280582428,0.4059009552001953,0.4569247364997864
W-pA0lOGLR0$_$5,Positive,Neutral,0.3333333432674408,-0.05399824306368828,0.07774779945611954,0.6595557928085327,0.26269641518592834
W-ptEZFARVo$_$2,Positive,Positive,1.0,1.432837963104248,0.015234679915010929,0.14667759835720062,0.8380877375602722
W-q9bPlMIVI$_$14,Neutral,Positive,0.0,-0.09138090908527374,0.05146722123026848,0.457135945558548,0.49139684438705444
W40BaML7mzc$_$0,Positive,Positive,1.0,1.2644085884094238,0.01895715855062008,0.13985826075077057,0.8411845564842224
W53uRqITk2I$_$0,Positive,Neutral,0.6666666865348816,0.6952282190322876,0.10245294123888016,0.5946465134620667,0.3029004633426666
W53uRqITk2I$_$6,Positive,Positive,1.0,0.8436253666877747,0.1274280995130539,0.16723187267780304,0.7053400278091431
WAXJRnJXmOA$_$18,Positive,Positive,0.6666666865348816,0.70018470287323,0.04189279302954674,0.42954686284065247,0.5285602807998657
WAXJRnJXmOA$_$5,Positive,Neutral,0.3333333432674408,0.4653523564338684,0.04872225970029831,0.5629041194915771,0.38837364315986633
WBCRTcMJZZc$_$3,Positive,Positive,0.6666666865348816,0.6957654356956482,0.10048262029886246,0.12043983489274979,0.7790775299072266
WGfGxoI05ew$_$3,Positive,Positive,2.0,1.9381201267242432,0.0034711617045104504,0.017954187467694283,0.9785746335983276
WHUHTmtBJWU$_$14,Neutral,Negative,0.0,-0.8268952369689941,0.522858738899231,0.41704437136650085,0.06009687855839729
WMzvDL7b4sM$_$0,Positive,Positive,0.6666666865348816,0.9716441631317139,0.05956652760505676,0.40075746178627014,0.5396760702133179
WTF9xgqLIvI$_$2,Positive,Positive,0.6666666865348816,0.630090594291687,0.064144067466259,0.420498788356781,0.5153571367263794
WTF9xgqLIvI$_$7,Positive,Positive,1.3333333730697632,0.395113468170166,0.34484612941741943,0.2689916491508484,0.3861622214317322
WUeSV0Z23Kg$_$1,Negative,Positive,-0.3333333432674408,0.36416158080101013,0.03070572018623352,0.2629935145378113,0.7063007950782776
WXKgBIiP8IA$_$10,Neutral,Neutral,0.0,0.2300896793603897,0.06269491463899612,0.6634725332260132,0.27383261919021606
WXKgBIiP8IA$_$1,Positive,Negative,0.3333333432674408,-1.0681148767471313,0.8557761311531067,0.08115789294242859,0.06306600570678711
WXKgBIiP8IA$_$2,Positive,Positive,1.3333333730697632,0.5074200630187988,0.18485720455646515,0.3741094470024109,0.4410333037376404
WXKgBIiP8IA$_$5,Positive,Neutral,0.3333333432674408,0.35619086027145386,0.24636276066303253,0.38124561309814453,0.3723916709423065
Wfn7XvSEwUA$_$1,Neutral,Neutral,0.0,-0.3436942398548126,0.3526305556297302,0.5312384963035583,0.11613097041845322
Wfn7XvSEwUA$_$3,Positive,Neutral,0.3333333432674408,0.5017608404159546,0.1279067099094391,0.46188417077064514,0.41020911931991577
Wh6sht7xwqQ$_$11,Positive,Neutral,0.6666666865348816,0.3106791377067566,0.06325475126504898,0.5774491429328918,0.3592960834503174
Wh6sht7xwqQ$_$0,Positive,Negative,0.3333333432674408,-0.9156769514083862,0.8273035287857056,0.09152329713106155,0.0811731144785881
Wn8nz8GPKkI$_$1,Negative,Neutral,-0.3333333432674408,-0.567945122718811,0.4213082790374756,0.4616857171058655,0.11700595170259476
Wn8nz8GPKkI$_$0,Positive,Positive,0.3333333432674408,-0.0498647466301918,0.2258133888244629,0.28172779083251953,0.4924587905406952
Wnw1IAEDwDM$_$0,Neutral,Positive,0.0,0.549262285232544,0.041487302631139755,0.4562492370605469,0.5022634863853455
Wo1RxRjXyYw$_$3,Positive,Positive,0.3333333432674408,0.6250616312026978,0.028898587450385094,0.3798660337924957,0.5912354588508606
Wo1RxRjXyYw$_$2,Positive,Neutral,0.3333333432674408,0.3928581476211548,0.0904524177312851,0.4639793932437897,0.4455682635307312
Wo1RxRjXyYw$_$6,Neutral,Neutral,0.0,0.3237208425998688,0.031285908073186874,0.7574523687362671,0.21126165986061096
Wo1RxRjXyYw$_$8,Positive,Neutral,0.3333333432674408,0.01941247284412384,0.3798138201236725,0.43043842911720276,0.18974770605564117
WtiBpLt2wuA$_$2,Neutral,Neutral,0.0,-0.17838741838932037,0.19948290288448334,0.6089673638343811,0.19154980778694153
Wx9nThz5z_Y$_$31,Neutral,Neutral,0.0,0.15695694088935852,0.09865015745162964,0.6038482189178467,0.2975016236305237
WxYb2x_irTM$_$2,Positive,Positive,1.3333333730697632,0.8946869373321533,0.011118880473077297,0.18672408163547516,0.8021570444107056
X0jMZoxUL2A$_$4,Positive,Neutral,0.3333333432674408,0.600519597530365,0.019524015486240387,0.5887256860733032,0.391750305891037
X0jMZoxUL2A$_$7,Positive,Positive,1.0,0.9653372168540955,0.011474326252937317,0.14754952490329742,0.8409761786460876
X0jMZoxUL2A$_$8,Positive,Negative,1.3333333730697632,-0.2055579274892807,0.5403841733932495,0.1790170967578888,0.2805987000465393
X2leyjuolDM$_$8,Positive,Neutral,0.6666666865348816,-0.09378091245889664,0.22510382533073425,0.5582517385482788,0.21664439141750336
X6-jJO00DMg$_$8,Neutral,Neutral,0.0,0.40739697217941284,0.10240069776773453,0.46868276596069336,0.42891648411750793
X7-Gbk8gAD0$_$0,Positive,Neutral,0.6666666865348816,0.6836580634117126,0.03551292419433594,0.680155336856842,0.2843317687511444
X7-Gbk8gAD0$_$2,Neutral,Neutral,0.0,0.2685832381248474,0.032767824828624725,0.6945249438285828,0.2727072238922119
X7-Gbk8gAD0$_$6,Positive,Positive,1.3333333730697632,0.9804580211639404,0.02401365526020527,0.3177908957004547,0.658195436000824
XAT2IfFFAU0$_$3,Neutral,Neutral,0.0,0.2141120433807373,0.054615411907434464,0.7198100090026855,0.2255745828151703
XAgD-xoil40$_$16,Neutral,Neutral,0.0,0.4068913757801056,0.0314410924911499,0.6696962714195251,0.29886266589164734
XAgD-xoil40$_$2,Neutral,Neutral,0.0,-0.4916841387748718,0.3920545279979706,0.48191624879837036,0.12602926790714264
XCyngF93SmU$_$5,Neutral,Neutral,0.0,-0.11244049668312073,0.03661003336310387,0.8149883151054382,0.1484016478061676
XCyngF93SmU$_$4,Neutral,Neutral,0.0,0.06149628013372421,0.03253950923681259,0.6783819794654846,0.2890785038471222
XDVkhOziCkg$_$1,Positive,Positive,1.3333333730697632,0.5042346715927124,0.04339482635259628,0.46111080050468445,0.49549445509910583
XEZ7e4pf1xE$_$11,Negative,Positive,-1.3333333730697632,0.5094072222709656,0.12193764001131058,0.4096798598766327,0.46838244795799255
XEZ7e4pf1xE$_$12,Negative,Positive,-1.6666666269302368,0.8800170421600342,0.036795418709516525,0.2808985710144043,0.6823060512542725
XFGHTk_3hGg$_$9,Positive,Positive,0.6666666865348816,0.794879674911499,0.07042241841554642,0.3009616732597351,0.6286159157752991
XFGHTk_3hGg$_$5,Positive,Neutral,0.3333333432674408,-0.025176577270030975,0.28543058037757874,0.4941146969795227,0.22045469284057617
XFGHTk_3hGg$_$6,Positive,Neutral,0.3333333432674408,0.2658531069755554,0.06775936484336853,0.5378125905990601,0.394428014755249
XPoY4LD-A1I$_$12,Neutral,Neutral,0.0,-0.055388085544109344,0.14104853570461273,0.7275820970535278,0.13136941194534302
XPoY4LD-A1I$_$8,Negative,Neutral,-0.3333333432674408,0.4133182764053345,0.06891635805368423,0.5465694069862366,0.3845142722129822
XQOUZhWI1B0$_$3,Negative,Negative,-3.0,-0.6344434022903442,0.7670977115631104,0.05775962397456169,0.17514261603355408
XQxnAPleuCE$_$3,Positive,Neutral,0.6666666865348816,0.10400934517383575,0.08777666091918945,0.6436628103256226,0.2685604989528656
XVSDfgstFUQ$_$1,Positive,Positive,2.0,0.8252098560333252,0.13467465341091156,0.30167263746261597,0.5636526346206665
XVSDfgstFUQ$_$3,Positive,Positive,2.6666667461395264,1.6871576309204102,0.007029244676232338,0.06542309373617172,0.9275476336479187
XVSDfgstFUQ$_$4,Positive,Positive,2.6666667461395264,1.7386491298675537,0.02304454706609249,0.0627589002251625,0.9141965508460999
XXvSLz8QmGk$_$10,Positive,Positive,1.6666666269302368,1.2987827062606812,0.02662821300327778,0.09861268848180771,0.8747590780258179
XXvSLz8QmGk$_$7,Positive,Positive,2.0,1.0512112379074097,0.08540639281272888,0.2310539186000824,0.6835397481918335
XbolrpSc0KU$_$5,Negative,Negative,-0.6666666865348816,-1.3223857879638672,0.8182366490364075,0.1470363438129425,0.034726984798908234
XcHLB-qfv5M$_$0,Neutral,Neutral,0.0,-0.16721059381961823,0.10438597947359085,0.7306896448135376,0.16492433845996857
XcHLB-qfv5M$_$3,Neutral,Neutral,0.0,-0.08509226143360138,0.15263667702674866,0.7042631506919861,0.14310017228126526
XgT2WWcXip4$_$7,Neutral,Neutral,0.0,-0.2267436385154724,0.34098419547080994,0.5212850570678711,0.1377306878566742
Xo6-V2RlWss$_$1,Positive,Positive,2.6666667461395264,1.8783857822418213,0.005435772240161896,0.0760171189904213,0.9185471534729004
Xo6-V2RlWss$_$0,Positive,Neutral,1.6666666269302368,0.31045758724212646,0.24372337758541107,0.5463255643844604,0.20995111763477325
Xq7zLxYHxd8$_$10,Neutral,Negative,0.0,-1.4811254739761353,0.8999707698822021,0.07461149245500565,0.025417743250727654
XsEPZydHWdo$_$4,Positive,Positive,1.3333333730697632,0.2198721170425415,0.03848106786608696,0.42921939492225647,0.5322995185852051
XwOdPYlyqXA$_$12,Positive,Positive,0.6666666865348816,1.1205739974975586,0.013043173588812351,0.2238105684518814,0.7631462812423706
Xx7Y2YIbleA$_$16,Positive,Neutral,1.0,0.16425129771232605,0.11226217448711395,0.5857629776000977,0.3019748330116272
Xx7Y2YIbleA$_$9,Positive,Neutral,1.6666666269302368,0.5684576630592346,0.05595511198043823,0.5433869361877441,0.40065798163414
Xx7Y2YIbleA$_$8,Neutral,Neutral,0.0,0.03819436952471733,0.04958886280655861,0.7337128520011902,0.2166983038187027
XyBU_gZtU0M$_$23,Positive,Positive,0.3333333432674408,0.863990306854248,0.008352293632924557,0.33982715010643005,0.6518205404281616
XyBU_gZtU0M$_$4,Negative,Neutral,-0.3333333432674408,0.00837040413171053,0.3176707327365875,0.45565032958984375,0.2266789972782135
XyBU_gZtU0M$_$9,Neutral,Neutral,0.0,-0.09315918385982513,0.1570572704076767,0.6635280847549438,0.17941464483737946
XzhRYIeczg4$_$6,Positive,Positive,0.3333333432674408,1.0257141590118408,0.01079443097114563,0.22163043916225433,0.7675750851631165
Y6zyM1nDhN0$_$2,Negative,Negative,-1.0,-0.5247232913970947,0.6434406638145447,0.273557186126709,0.08300208300352097
Y6zyM1nDhN0$_$4,Neutral,Neutral,0.0,-0.018866531550884247,0.2411796897649765,0.5842700600624084,0.17455022037029266
YAYfMkxhRiQ$_$3,Negative,Neutral,-0.6666666865348816,-0.237477108836174,0.15995566546916962,0.756756067276001,0.08328817039728165
YB9EUgrzCCo$_$10,Negative,Positive,-2.0,0.5574008822441101,0.34466707706451416,0.04869956150650978,0.6066333055496216
YB9EUgrzCCo$_$5,Positive,Positive,0.6666666865348816,0.37025368213653564,0.2137322723865509,0.305306077003479,0.4809616506099701
YGeVGXXK3ao$_$1,Neutral,Neutral,0.0,0.1684439778327942,0.06178257614374161,0.8084272146224976,0.12979020178318024
YGeVGXXK3ao$_$4,Neutral,Neutral,0.0,0.32251837849617004,0.22536329925060272,0.47765305638313293,0.2969836890697479
YITXOmhQhYE$_$0,Positive,Positive,1.6666666269302368,0.41794759035110474,0.06636122614145279,0.3380178213119507,0.59562087059021
YITXOmhQhYE$_$3,Positive,Positive,1.0,0.7327772378921509,0.04356060549616814,0.2325151413679123,0.7239242196083069
YITXOmhQhYE$_$5,Positive,Positive,2.0,0.931332528591156,0.030565718188881874,0.2143223136663437,0.7551119327545166
YITXOmhQhYE$_$7,Positive,Positive,0.3333333432674408,0.20487995445728302,0.18935176730155945,0.3229149281978607,0.4877333641052246
YITXOmhQhYE$_$6,Positive,Positive,0.3333333432674408,1.3269914388656616,0.026426013559103012,0.05459318682551384,0.9189807772636414
YJJoYkFPmds$_$10,Positive,Positive,0.6666666865348816,0.5250707864761353,0.07067112624645233,0.36080649495124817,0.5685223937034607
YJJoYkFPmds$_$5,Positive,Neutral,0.3333333432674408,0.059462159872055054,0.25878050923347473,0.37658146023750305,0.3646380603313446
YJJoYkFPmds$_$7,Positive,Negative,0.3333333432674408,-0.04887169227004051,0.5411302447319031,0.17808924615383148,0.28078049421310425
YLA7h1RTa9w$_$4,Neutral,Neutral,0.0,-0.029998311772942543,0.2611730396747589,0.5203946828842163,0.2184322327375412
YRmjALBdTdE$_$7,Negative,Negative,-1.0,-1.2538914680480957,0.84808748960495,0.12006780505180359,0.03184477612376213
YVBsDJtAbk4$_$7,Negative,Neutral,-0.6666666865348816,-0.15040402114391327,0.19268262386322021,0.5741884112358093,0.2331288903951645
YVHJpAROBvQ$_$2,Positive,Neutral,0.6666666865348816,0.21218609809875488,0.06788430362939835,0.6875981092453003,0.24451760947704315
YWjTWl0oNLk$_$11,Positive,Negative,1.6666666269302368,-1.2509089708328247,0.8956853151321411,0.04729204624891281,0.05702264606952667
YWjTWl0oNLk$_$1,Neutral,Neutral,0.0,-0.5477279424667358,0.1578829437494278,0.7949026823043823,0.04721434786915779
YWjTWl0oNLk$_$3,Neutral,Neutral,0.0,-0.07861004024744034,0.18553733825683594,0.570092499256134,0.24437014758586884
YWjTWl0oNLk$_$4,Negative,Negative,-0.3333333432674408,-0.575101912021637,0.6290568113327026,0.21039971709251404,0.16054341197013855
YWjTWl0oNLk$_$7,Positive,Positive,0.6666666865348816,0.8118125796318054,0.08599035441875458,0.15805095434188843,0.7559586763381958
YWjTWl0oNLk$_$9,Positive,Neutral,0.6666666865348816,0.1228264644742012,0.16236212849617004,0.5500985383987427,0.2875393033027649
YWxvIFmYnNU$_$13,Neutral,Neutral,0.0,0.12369876354932785,0.17247584462165833,0.6256498694419861,0.2018742561340332
YWxvIFmYnNU$_$20,Neutral,Neutral,0.0,-0.2130269855260849,0.08404961228370667,0.7804079055786133,0.13554240763187408
YWxvIFmYnNU$_$26,Positive,Neutral,0.6666666865348816,-0.2947993278503418,0.3382995128631592,0.4783884286880493,0.1833120435476303
YcJ5RJYUr7Y$_$17,Positive,Positive,2.3333332538604736,1.286030888557434,0.04396538436412811,0.12629617750644684,0.8297384977340698
YcJ5RJYUr7Y$_$19,Positive,Positive,1.6666666269302368,1.003755807876587,0.054359544068574905,0.21786682307720184,0.7277736663818359
YcJ5RJYUr7Y$_$2,Positive,Neutral,0.3333333432674408,-0.43106532096862793,0.4097706973552704,0.4333503842353821,0.15687887370586395
YcyHQQXGXWA$_$4,Positive,Positive,1.6666666269302368,1.8738679885864258,0.006604783236980438,0.09231933951377869,0.9010758399963379
YfxtwXXkCmc$_$0,Neutral,Neutral,0.0,0.1340797245502472,0.05766395106911659,0.7331132292747498,0.20922276377677917
Yi6Qyn4X8is$_$16,Negative,Negative,-0.6666666865348816,-2.2245407104492188,0.9874956011772156,0.007533756550401449,0.0049706511199474335
Yi6Qyn4X8is$_$7,Negative,Negative,-2.0,-1.6795909404754639,0.9601737856864929,0.024162130430340767,0.015664050355553627
YmGfjU5PGyE$_$5,Positive,Negative,0.3333333432674408,-0.4002949595451355,0.6674872636795044,0.24235770106315613,0.09015509486198425
Yn8vNC41UMg$_$10,Positive,Positive,0.6666666865348816,0.6860204935073853,0.026675382629036903,0.3064349293708801,0.6668896675109863
YodtMIsjM0c$_$7,Positive,Neutral,0.6666666865348816,-0.17120599746704102,0.10990814864635468,0.7612887024879456,0.12880319356918335
Z-26eyME6Co$_$10,Negative,Negative,-0.3333333432674408,-0.5964459180831909,0.5036184191703796,0.4528507590293884,0.04353078454732895
Z3fcd1wdzr0$_$2,Neutral,Positive,0.0,1.1167542934417725,0.024502217769622803,0.20156945288181305,0.7739283442497253
Z3fcd1wdzr0$_$5,Positive,Neutral,0.6666666865348816,0.3767850995063782,0.0913468599319458,0.5996579527854919,0.30899518728256226
Z3fcd1wdzr0$_$4,Positive,Positive,1.3333333730697632,1.205474615097046,0.01825694926083088,0.13918785750865936,0.8425552248954773
Z3fcd1wdzr0$_$7,Neutral,Neutral,0.0,0.6197983026504517,0.019912350922822952,0.7012313604354858,0.27885621786117554
ZDz8Qr-sJ3E$_$3,Negative,Negative,-0.3333333432674408,-0.7985494136810303,0.5965529680252075,0.36028406023979187,0.04316296428442001
ZDz8Qr-sJ3E$_$4,Neutral,Neutral,0.0,-0.14252282679080963,0.19377268850803375,0.7027179002761841,0.10350937396287918
ZJGzEeDXbyM$_$0,Positive,Neutral,0.6666666865348816,0.21223501861095428,0.047733765095472336,0.6888865828514099,0.2633795738220215
ZQuGizjoCTY$_$4,Negative,Neutral,-0.3333333432674408,0.5451951622962952,0.06938145309686661,0.5695462226867676,0.3610724210739136
ZQuGizjoCTY$_$8,Positive,Positive,2.0,0.6655004620552063,0.12807071208953857,0.34931594133377075,0.5226133465766907
ZSBoSJaD2tQ$_$1,Neutral,Neutral,0.0,0.36171165108680725,0.055935148149728775,0.48935696482658386,0.4547078609466553
ZSBoSJaD2tQ$_$8,Neutral,Neutral,0.0,-0.03778153285384178,0.1054474487900734,0.5931788086891174,0.30137374997138977
ZW4Oe_fKJM0$_$7,Positive,Positive,1.0,0.8587387800216675,0.02186291106045246,0.31081146001815796,0.6673256754875183
ZXHX_e6HCI0$_$0,Positive,Positive,0.6666666865348816,0.7916627526283264,0.03115106001496315,0.2215334177017212,0.747315526008606
ZZ1IyZaMTWQ$_$0,Positive,Positive,2.0,1.018627643585205,0.02360484190285206,0.31322962045669556,0.6631655097007751
ZZ1IyZaMTWQ$_$5,Positive,Positive,0.6666666865348816,1.0555291175842285,0.023428916931152344,0.18030385673046112,0.7962672114372253
Zae-zQ3VBpY$_$2,Positive,Positive,1.0,1.4873441457748413,0.011090528219938278,0.10180845111608505,0.8871009945869446
Zg9DKOHJdw8$_$3,Positive,Neutral,0.6666666865348816,0.2668240964412689,0.05362217128276825,0.47836899757385254,0.4680088758468628
Zj_4YmbMWtg$_$10,Positive,Neutral,1.0,-0.1689653992652893,0.42250490188598633,0.43072742223739624,0.14676770567893982
Zo8jCDGMWjw$_$0,Positive,Neutral,0.6666666865348816,0.4536886215209961,0.11888939887285233,0.4788239002227783,0.4022867679595947
Zs8x712Y-CM$_$8,Negative,Negative,-0.3333333432674408,-0.0645112544298172,0.5040754079818726,0.36330559849739075,0.1326189488172531
ZtuTCuh9C1M$_$11,Positive,Positive,1.6666666269302368,0.8220783472061157,0.050940874963998795,0.2706068158149719,0.6784523129463196
ZtuTCuh9C1M$_$8,Positive,Positive,1.0,0.524042010307312,0.19836603105068207,0.3058086335659027,0.49582532048225403
ZzL2sHtTWRc$_$1,Neutral,Neutral,0.0,0.14287158846855164,0.0867457464337349,0.6800341606140137,0.2332201451063156
_26JmJnPKfM$_$5,Positive,Positive,1.3333333730697632,0.4364909827709198,0.06033813953399658,0.39741215109825134,0.5422496795654297
_26JmJnPKfM$_$8,Positive,Neutral,1.0,0.5668790340423584,0.06062598153948784,0.5058850049972534,0.43348902463912964
_26JmJnPKfM$_$11,Positive,Positive,1.6666666269302368,0.7536660432815552,0.024251222610473633,0.3743443191051483,0.6014044284820557
_26JmJnPKfM$_$13,Positive,Neutral,1.0,-0.30965450406074524,0.17544910311698914,0.6928779482841492,0.1316729038953781
_26JmJnPKfM$_$12,Positive,Positive,1.3333333730697632,0.7132877707481384,0.03393753618001938,0.36668023467063904,0.5993822813034058
_26JmJnPKfM$_$15,Neutral,Negative,0.0,-0.5729732513427734,0.7257660627365112,0.19049996137619019,0.08373400568962097
_26JmJnPKfM$_$14,Neutral,Neutral,0.0,-0.08487550169229507,0.06339506804943085,0.8808978796005249,0.05570712313055992
_4PNh8dIILI$_$3,Positive,Positive,2.0,1.3220856189727783,0.014122400432825089,0.07895581424236298,0.9069217443466187
_8pvMpMdGM4$_$1,Positive,Positive,1.0,1.3286117315292358,0.02835095301270485,0.188393697142601,0.7832553386688232
_8pvMpMdGM4$_$0,Positive,Positive,0.3333333432674408,0.6801140904426575,0.050114262849092484,0.33505651354789734,0.6148291826248169
_8pvMpMdGM4$_$4,Positive,Positive,1.3333333730697632,1.5680627822875977,0.014697935432195663,0.090586356818676,0.8947156667709351
_8pvMpMdGM4$_$6,Positive,Positive,0.3333333432674408,1.0953298807144165,0.06370804458856583,0.09305991977453232,0.8432320356369019
_HabvL0VnrQ$_$31,Positive,Positive,0.3333333432674408,0.8208497762680054,0.020724531263113022,0.2546921670436859,0.7245832681655884
_HabvL0VnrQ$_$0,Neutral,Neutral,0.0,-0.5342152118682861,0.35984790325164795,0.5659300684928894,0.07422201335430145
_HabvL0VnrQ$_$9,Negative,Negative,-0.3333333432674408,-0.7111064791679382,0.556645393371582,0.38150838017463684,0.061846181750297546
_HanACduNJk$_$10,Negative,Neutral,-1.0,-0.15878315269947052,0.41269299387931824,0.490255206823349,0.09705185890197754
_HanACduNJk$_$12,Neutral,Neutral,0.0,0.1697291135787964,0.15847167372703552,0.6477068662643433,0.19382141530513763
_HanACduNJk$_$2,Neutral,Neutral,0.0,0.2292403131723404,0.27198272943496704,0.6048591136932373,0.12315823137760162
_JcML8u5Wes$_$3,Positive,Positive,1.6666666269302368,1.4361724853515625,0.013279368169605732,0.04515860229730606,0.9415620565414429
_PKP676ez2c$_$4,Positive,Positive,0.3333333432674408,0.5828909873962402,0.023251298815011978,0.42028066515922546,0.5564680099487305
_PKP676ez2c$_$7,Neutral,Neutral,0.0,-0.4364854097366333,0.16144871711730957,0.687555193901062,0.1509961187839508
_UNQDdiAbWI$_$4,Positive,Neutral,1.0,0.6930094361305237,0.04628429934382439,0.567592442035675,0.3861231803894043
_XWUKMkxa-Q$_$4,Positive,Positive,1.0,0.64298015832901,0.08481921255588531,0.3282831907272339,0.586897611618042
_YzIvwvyIq4$_$5,Positive,Positive,1.0,0.36224478483200073,0.04011206701397896,0.4408768117427826,0.5190111398696899
_bIJOxiIJFk$_$5,Positive,Positive,1.3333333730697632,1.6589510440826416,0.010281753726303577,0.05929823964834213,0.9304199814796448
_bIJOxiIJFk$_$4,Positive,Positive,1.3333333730697632,1.2844607830047607,0.01593058928847313,0.11880142241716385,0.8652679920196533
_iRAn6feOmw$_$25,Neutral,Positive,0.0,0.36964941024780273,0.04593905061483383,0.45407241582870483,0.49998849630355835
_iRAn6feOmw$_$15,Positive,Positive,0.3333333432674408,0.45033136010169983,0.03013637289404869,0.45905324816703796,0.5108103156089783
_iRAn6feOmw$_$14,Positive,Positive,0.3333333432674408,0.8332834243774414,0.010656693950295448,0.18360012769699097,0.8057431578636169
_iy7ftq27xE$_$11,Neutral,Neutral,0.0,-0.01398409716784954,0.06857853382825851,0.661926805973053,0.2694946527481079
_iy7ftq27xE$_$6,Negative,Negative,-1.6666666269302368,-0.8504031896591187,0.4870333671569824,0.4242977499961853,0.08866892755031586
_iy7ftq27xE$_$9,Neutral,Neutral,0.0,0.05018922686576843,0.10331875085830688,0.7160681486129761,0.18061311542987823
_qVgNLJCYdA$_$0,Neutral,Neutral,0.0,0.30298399925231934,0.06614293158054352,0.6584263443946838,0.27543067932128906
_qVgNLJCYdA$_$6,Neutral,Neutral,0.0,0.09848121553659439,0.08755332231521606,0.733953595161438,0.17849309742450714
_t8ETpf2LnM$_$0,Neutral,Negative,0.0,-0.6061351299285889,0.4827295243740082,0.4012956917285919,0.11597473919391632
_v8c7iWkYz0$_$4,Neutral,Neutral,0.0,0.4180002212524414,0.0406978502869606,0.6039552092552185,0.3553469181060791
_xjBqNfiEY4$_$0,Positive,Positive,2.0,1.3510921001434326,0.014332570135593414,0.15746057033538818,0.8282068967819214
a4vRa-_nuJw$_$11,Negative,Positive,-1.3333333730697632,0.43594539165496826,0.205367311835289,0.38760802149772644,0.40702465176582336
a4vRa-_nuJw$_$10,Positive,Positive,1.0,0.9519215822219849,0.06835650652647018,0.11185567826032639,0.8197878003120422
a4vRa-_nuJw$_$4,Positive,Positive,0.6666666865348816,0.7425432205200195,0.07622144371271133,0.2279130518436432,0.6958654522895813
a5CSKvCAhbs$_$11,Neutral,Neutral,0.0,0.6697328686714172,0.11677835136651993,0.5108157992362976,0.37240585684776306
a5CSKvCAhbs$_$7,Neutral,Neutral,0.0,0.09475810825824738,0.11098024249076843,0.7331475019454956,0.1558721959590912
a5CSKvCAhbs$_$6,Positive,Neutral,0.3333333432674408,-0.28708401322364807,0.33368980884552,0.40274763107299805,0.26356256008148193
a5FKWiI90hk$_$3,Positive,Neutral,0.3333333432674408,-0.44064536690711975,0.22512494027614594,0.6684811115264893,0.1063939779996872
a7HHg_JygJo$_$5,Positive,Positive,0.3333333432674408,0.6725471615791321,0.053790077567100525,0.39895039796829224,0.5472595691680908
a7HHg_JygJo$_$6,Positive,Positive,0.6666666865348816,0.8240427374839783,0.024308813735842705,0.28700733184814453,0.6886839270591736
a8WV5KEMKSw$_$1,Negative,Negative,-1.6666666269302368,-0.8485221862792969,0.6011663675308228,0.2776237726211548,0.12120985239744186
a8WV5KEMKSw$_$0,Negative,Negative,-1.0,-0.7262328267097473,0.766508936882019,0.12229426950216293,0.11119681596755981
aCwLQrJz4Bo$_$0,Positive,Negative,1.3333333730697632,-0.47943973541259766,0.8651208281517029,0.05086284875869751,0.08401621878147125
aDvgbBqTWWE$_$10,Neutral,Positive,0.0,0.9083961248397827,0.013411982916295528,0.30366507172584534,0.6829229593276978
aDvgbBqTWWE$_$23,Negative,Negative,-0.3333333432674408,-0.6462807059288025,0.45505693554878235,0.45096462965011597,0.09397834539413452
aDvgbBqTWWE$_$30,Positive,Positive,1.6666666269302368,0.8144897818565369,0.03093661554157734,0.2484053671360016,0.7206580638885498
aE7sckIAWuw$_$4,Negative,Negative,-0.6666666865348816,-0.7024996876716614,0.7959586977958679,0.11639636009931564,0.08764491230249405
aE7sckIAWuw$_$8,Positive,Negative,0.6666666865348816,-0.6046807765960693,0.6007916331291199,0.33679255843162537,0.06241580843925476
aFjMWlR1QAY$_$0,Negative,Negative,-0.6666666865348816,0.15630677342414856,0.4772288203239441,0.17487965524196625,0.34789159893989563
aFjMWlR1QAY$_$3,Negative,Negative,-1.3333333730697632,-0.583986759185791,0.43218594789505005,0.4278918504714966,0.13992217183113098
aFjMWlR1QAY$_$2,Neutral,Neutral,0.0,-0.15199074149131775,0.25832509994506836,0.5350748896598816,0.20660004019737244
aFjMWlR1QAY$_$9,Negative,Negative,-1.3333333730697632,-1.2113579511642456,0.8915829658508301,0.07965276390314102,0.028764300048351288
aI1tdJPHz2I$_$1,Neutral,Neutral,0.0,0.07909222692251205,0.19842475652694702,0.644435703754425,0.15713952481746674
aIUF3QJJOF4$_$12,Positive,Positive,1.0,1.6495431661605835,0.011576449498534203,0.09648419916629791,0.8919392824172974
aIUF3QJJOF4$_$0,Positive,Positive,1.0,0.7775825262069702,0.06715688854455948,0.3798208236694336,0.5530222654342651
aIUF3QJJOF4$_$3,Positive,Positive,0.3333333432674408,1.2284423112869263,0.014842853881418705,0.11814295500516891,0.8670142292976379
aIUF3QJJOF4$_$2,Positive,Negative,0.3333333432674408,-0.17788006365299225,0.4416973292827606,0.33432188630104065,0.22398081421852112
aIUF3QJJOF4$_$7,Neutral,Neutral,0.0,0.10516633093357086,0.31488221883773804,0.4228411316871643,0.26227661967277527
aNOuoSVlunM$_$8,Negative,Negative,-1.0,-1.4652438163757324,0.9309512376785278,0.0535113699734211,0.015537389554083347
aNOuoSVlunM$_$0,Neutral,Negative,0.0,-1.866034746170044,0.972550630569458,0.020718056708574295,0.006731356028467417
afCsKTHteg4$_$5,Positive,Positive,2.3333332538604736,0.8484869599342346,0.0290729608386755,0.14610934257507324,0.8248177170753479
ahcAFnY6iAY$_$1,Neutral,Neutral,0.0,0.32493892312049866,0.1343098282814026,0.591643750667572,0.2740464508533478
aiUq5xksJy0$_$5,Neutral,Neutral,0.0,0.5798118114471436,0.04386967420578003,0.6667922735214233,0.2893381416797638
aiUq5xksJy0$_$7,Neutral,Neutral,0.0,0.42685115337371826,0.07451608777046204,0.6747667193412781,0.2507172226905823
ak7N0BqMluI$_$3,Negative,Neutral,-0.3333333432674408,-0.4886733889579773,0.20451001822948456,0.738892138004303,0.05659780651330948
ak7N0BqMluI$_$2,Negative,Neutral,-0.3333333432674408,-0.33859068155288696,0.13820800185203552,0.7675731182098389,0.09421881288290024
amem5EmRG3s$_$2,Positive,Positive,2.0,1.2488738298416138,0.028231874108314514,0.15549695491790771,0.8162711262702942
ap465Tlzf88$_$1,Positive,Neutral,0.3333333432674408,0.38319045305252075,0.05648622289299965,0.630759060382843,0.31275472044944763
aqmRPNfeOy8$_$0,Positive,Positive,0.3333333432674408,0.41608768701553345,0.0395713746547699,0.3542557656764984,0.6061728596687317
aqmRPNfeOy8$_$2,Positive,Neutral,0.6666666865348816,0.8789281845092773,0.011511113494634628,0.567326009273529,0.4211629033088684
asWraTfIqq0$_$11,Positive,Positive,1.0,1.13741135597229,0.02196064405143261,0.46278443932533264,0.5152549147605896
asWraTfIqq0$_$4,Neutral,Neutral,0.0,0.25176170468330383,0.15520335733890533,0.6824939250946045,0.16230270266532898
asWraTfIqq0$_$6,Positive,Neutral,1.3333333730697632,0.37367793917655945,0.1384817659854889,0.5101146101951599,0.35140368342399597
assx_NKo-L8$_$14,Neutral,Neutral,0.0,-0.17823436856269836,0.030074529349803925,0.8617610931396484,0.1081644594669342
assx_NKo-L8$_$4,Negative,Neutral,-0.3333333432674408,0.28273969888687134,0.09335514903068542,0.5295771956443787,0.3770676851272583
assx_NKo-L8$_$9,Negative,Neutral,-1.3333333730697632,-0.403741717338562,0.31093764305114746,0.5455101132392883,0.1435522735118866
assx_NKo-L8$_$20,Negative,Neutral,-0.3333333432674408,-0.5037094950675964,0.19518625736236572,0.6979688405990601,0.1068449392914772
atxoi7pB5TM$_$2,Neutral,Neutral,0.0,-0.41480568051338196,0.1201234832406044,0.8024219274520874,0.07745461910963058
avW2m6VHTyg$_$2,Positive,Positive,2.0,1.3662467002868652,0.0072224861942231655,0.11284691840410233,0.8799306154251099
b1Il3Nf6BrU$_$6,Positive,Neutral,0.6666666865348816,0.2903246283531189,0.13979634642601013,0.52713942527771,0.3330642580986023
b8xmgi4VV0M$_$9,Positive,Positive,1.0,0.43522927165031433,0.019956190139055252,0.46327832341194153,0.5167654752731323
bBJ0BxmIocQ$_$1,Positive,Positive,2.3333332538604736,1.5903446674346924,0.007258382625877857,0.05453469231724739,0.9382069706916809
bBJ0BxmIocQ$_$0,Positive,Positive,1.6666666269302368,1.0565205812454224,0.013328811153769493,0.19333286583423615,0.7933383584022522
bBJ0BxmIocQ$_$12,Neutral,Neutral,0.0,0.2557941675186157,0.06416631489992142,0.5917945504188538,0.34403911232948303
bBJ0BxmIocQ$_$19,Positive,Positive,0.6666666865348816,0.591346025466919,0.2126721739768982,0.2528775930404663,0.5344502329826355
bBJ0BxmIocQ$_$18,Negative,Negative,-0.3333333432674408,-0.1796322762966156,0.613969624042511,0.18594083189964294,0.20008952915668488
bCDfIJ12oqM$_$0,Positive,Positive,1.0,0.7950314283370972,0.02647486887872219,0.3999347388744354,0.5735903978347778
bQcJVJcpgAs$_$1,Positive,Positive,1.0,0.5902985334396362,0.048846933990716934,0.09478888660669327,0.8563641905784607
bU6CgE_kMRY$_$5,Positive,Positive,2.0,0.37884920835494995,0.03511681780219078,0.2298804223537445,0.7350026965141296
bUFAN2TgPaU$_$11,Positive,Neutral,1.6666666269302368,1.077636480331421,0.04187140241265297,0.5320485234260559,0.42608001828193665
bVhWpCvpSs4$_$1,Positive,Positive,1.3333333730697632,1.5425666570663452,0.007314417511224747,0.09435655921697617,0.8983290195465088
bVhWpCvpSs4$_$3,Positive,Positive,1.3333333730697632,1.1852972507476807,0.020778391510248184,0.2600800096988678,0.7191416025161743
bVhWpCvpSs4$_$2,Positive,Positive,1.6666666269302368,1.1055344343185425,0.05855243653059006,0.10628499835729599,0.8351625204086304
bVhWpCvpSs4$_$6,Positive,Positive,2.0,2.129096269607544,0.002853904152289033,0.022021276876330376,0.9751248359680176
bYt4wybVLRQ$_$3,Positive,Positive,1.6666666269302368,0.8681144714355469,0.10260625928640366,0.12552160024642944,0.7718721628189087
bYt4wybVLRQ$_$16,Negative,Negative,-0.3333333432674408,-0.42805057764053345,0.5331795811653137,0.34502896666526794,0.12179143726825714
bZ2ytqPtyK4$_$14,Positive,Positive,2.0,1.1488018035888672,0.03719577193260193,0.23378750681877136,0.7290167212486267
b_SffSbPVJM$_$5,Negative,Neutral,-0.3333333432674408,-0.016254104673862457,0.2703961133956909,0.46201053261756897,0.2675933241844177
babuyKl7EAw$_$5,Neutral,Negative,0.0,-0.8186368346214294,0.8088415861129761,0.08823223412036896,0.10292614251375198
badtXoOJaf8$_$7,Neutral,Negative,0.0,-1.3307181596755981,0.8929998874664307,0.08427891135215759,0.022721178829669952
bcns0Gu66D8$_$3,Negative,Positive,-0.6666666865348816,0.0788830891251564,0.16478833556175232,0.41158437728881836,0.4236272871494293
bdtwQxwySN0$_$15,Positive,Positive,1.3333333730697632,1.4464590549468994,0.036075010895729065,0.07988141477108002,0.8840435743331909
bdtwQxwySN0$_$2,Negative,Negative,-1.3333333730697632,-1.2734644412994385,0.8846307992935181,0.08832678198814392,0.027042502537369728
bfy28AlY-TQ$_$3,Positive,Positive,0.6666666865348816,0.3675621449947357,0.2400619387626648,0.21277762949466705,0.5471603870391846
bh4_Kd4hhd4$_$1,Positive,Neutral,0.6666666865348816,0.5263643264770508,0.06657378375530243,0.4991213083267212,0.4343048632144928
bhFK-xy76U4$_$1,Positive,Negative,0.6666666865348816,0.26598620414733887,0.4467023015022278,0.22224017977714539,0.3310575485229492
bhPB19tr-JY$_$0,Positive,Positive,2.0,1.4780426025390625,0.010380887426435947,0.19247308373451233,0.7971460819244385
bhPB19tr-JY$_$6,Positive,Positive,0.6666666865348816,0.993571400642395,0.011206506751477718,0.2511518597602844,0.7376416325569153
bkP-BNW4oMg$_$0,Positive,Neutral,1.3333333730697632,0.9868612289428711,0.04776564612984657,0.5988355278968811,0.3533988296985626
c5-L8vC6_sk$_$8,Neutral,Positive,0.0,0.15648233890533447,0.21424636244773865,0.3714875876903534,0.4142659902572632
c6wuh0NRG1s$_$1,Neutral,Neutral,0.0,0.21968340873718262,0.18962588906288147,0.6287534832954407,0.18162065744400024
c6wuh0NRG1s$_$0,Neutral,Negative,0.0,-0.579455554485321,0.5607730746269226,0.35035866498947144,0.08886823058128357
c6wuh0NRG1s$_$9,Positive,Positive,1.0,1.4089773893356323,0.010156236588954926,0.28397080302238464,0.7058729529380798
c7xUcM68IFE$_$2,Positive,Positive,0.6666666865348816,0.7553463578224182,0.06663543730974197,0.2874956727027893,0.6458688378334045
c7xUcM68IFE$_$5,Positive,Positive,0.6666666865348816,0.937279224395752,0.029078634455800056,0.3552303910255432,0.6156910061836243
c7xUcM68IFE$_$9,Positive,Positive,1.0,0.7813811302185059,0.09760277718305588,0.23775379359722137,0.664643406867981
c805Td8A_Ek$_$22,Positive,Positive,1.3333333730697632,1.3139190673828125,0.029728787019848824,0.08557599037885666,0.884695291519165
c805Td8A_Ek$_$17,Positive,Positive,0.3333333432674408,0.8970856666564941,0.017735252156853676,0.2664880156517029,0.7157767415046692
c805Td8A_Ek$_$16,Positive,Positive,0.6666666865348816,0.5947213768959045,0.029186267405748367,0.43247708678245544,0.5383365750312805
c9jD33baJ60$_$1,Negative,Neutral,-1.3333333730697632,-0.4255174994468689,0.4049723148345947,0.5047295689582825,0.09029810130596161
c9jD33baJ60$_$0,Neutral,Positive,0.0,0.2818037271499634,0.07169117778539658,0.4427011013031006,0.48560765385627747
cAA2mONG98w$_$2,Positive,Positive,0.3333333432674408,1.0114127397537231,0.011422751471400261,0.1651788204908371,0.8233983516693115
cEXJ2zFbC9I$_$4,Negative,Negative,-1.0,-0.4744837284088135,0.5237697958946228,0.36818042397499084,0.10804980993270874
cKUPgzZu-Fk$_$4,Positive,Positive,1.3333333730697632,0.6682953834533691,0.06836161762475967,0.4037153422832489,0.5279231071472168
cKldvZeyRDA$_$2,Negative,Neutral,-1.3333333730697632,-0.7767953872680664,0.33709365129470825,0.44319823384284973,0.21970809996128082
cKxNJY7sA8s$_$1,Positive,Positive,0.3333333432674408,0.6886273622512817,0.07163317501544952,0.21600103378295898,0.7123658061027527
cM1Zuji24dI$_$3,Neutral,Neutral,0.0,0.15443986654281616,0.0487636961042881,0.6134672164916992,0.337769091129303
cM1Zuji24dI$_$2,Neutral,Negative,0.0,-0.7932606339454651,0.5813817381858826,0.3367346227169037,0.08188365399837494
cOcNe3L4VAg$_$10,Positive,Neutral,2.0,0.5142755508422852,0.028027046471834183,0.5601850152015686,0.4117879867553711
cOcNe3L4VAg$_$13,Neutral,Positive,0.0,0.6679572463035583,0.009407829493284225,0.2419988512992859,0.7485933303833008
cOcNe3L4VAg$_$2,Positive,Neutral,1.3333333730697632,0.01087042037397623,0.03372865915298462,0.6952723264694214,0.2709990441799164
cRFiXLzcCOA$_$3,Positive,Positive,2.0,1.4363632202148438,0.01572902500629425,0.05888848006725311,0.9253824949264526
cS3BDGNDu_8$_$10,Negative,Negative,-1.3333333730697632,-1.3284388780593872,0.849380612373352,0.12587864696979523,0.024740759283304214
cS3BDGNDu_8$_$2,Negative,Negative,-0.6666666865348816,-0.4182618260383606,0.5680380463600159,0.24941635131835938,0.18254564702510834
cUm0TN3vXRc$_$2,Negative,Negative,-1.0,-1.3296701908111572,0.9059610962867737,0.0693061500787735,0.024732735008001328
cZVM4svwE90$_$25,Positive,Neutral,1.0,0.2566353380680084,0.07387789338827133,0.4675348699092865,0.45858725905418396
cZVM4svwE90$_$26,Positive,Neutral,1.3333333730697632,0.44476810097694397,0.07505252957344055,0.5024588108062744,0.42248862981796265
cZVM4svwE90$_$1,Positive,Neutral,0.6666666865348816,0.3254856467247009,0.06558399647474289,0.727696418762207,0.20671962201595306
cZVM4svwE90$_$3,Neutral,Neutral,0.0,-0.13908283412456512,0.07030299305915833,0.8390425443649292,0.09065444767475128
cZVM4svwE90$_$4,Positive,Positive,1.0,1.1728267669677734,0.020047925412654877,0.09499490261077881,0.8849571347236633
cZVM4svwE90$_$6,Positive,Positive,1.0,0.7389529943466187,0.016947731375694275,0.35553810000419617,0.6275141835212708
cZVM4svwE90$_$13,Positive,Positive,1.3333333730697632,0.9855363965034485,0.051965728402137756,0.10720399022102356,0.8408302664756775
cZVM4svwE90$_$12,Positive,Positive,0.6666666865348816,0.23335862159729004,0.35718002915382385,0.2182353436946869,0.42458468675613403
cZVM4svwE90$_$15,Positive,Neutral,1.0,0.18695127964019775,0.0954364538192749,0.47944989800453186,0.42511364817619324
c_FJuhSte8Q$_$5,Negative,Negative,-0.3333333432674408,-1.5164692401885986,0.9563706517219543,0.02913478948175907,0.014494519680738449
c_FJuhSte8Q$_$7,Positive,Positive,1.3333333730697632,1.0940696001052856,0.021403009071946144,0.20338621735572815,0.7752107381820679
c_FJuhSte8Q$_$8,Positive,Positive,2.0,1.0941517353057861,0.03167981654405594,0.21938544511795044,0.7489346861839294
caLWajc18Y4$_$5,Neutral,Positive,0.0,0.6706081628799438,0.015512734651565552,0.4063560664653778,0.5781311988830566
caLWajc18Y4$_$6,Positive,Positive,0.3333333432674408,0.4331042468547821,0.056989636272192,0.39860910177230835,0.544401228427887
caLWajc18Y4$_$9,Neutral,Neutral,0.0,0.5032452344894409,0.027912525460124016,0.5644437074661255,0.4076438248157501
cfX_iuhCbRY$_$1,Positive,Positive,0.6666666865348816,1.096004605293274,0.01435378473252058,0.16083189845085144,0.8248143196105957
cfX_iuhCbRY$_$5,Neutral,Neutral,0.0,-0.5046296119689941,0.17802903056144714,0.7157077193260193,0.10626325011253357
cjgq9d8Zn9g$_$2,Neutral,Neutral,0.0,0.10054682940244675,0.35166987776756287,0.5066826343536377,0.14164753258228302
cmJW6mkspkI$_$0,Positive,Positive,2.3333332538604736,1.749917984008789,0.013636031188070774,0.03382480517029762,0.9525392055511475
cnllFPRyBFs$_$0,Neutral,Neutral,0.0,-0.09736567735671997,0.1911795735359192,0.5406061410903931,0.26821422576904297
ctMCSUT2LlQ$_$4,Neutral,Neutral,0.0,0.11716501414775848,0.039037369191646576,0.6363067030906677,0.32465600967407227
d0QNH2vcDgU$_$3,Positive,Neutral,0.3333333432674408,0.15271452069282532,0.14390403032302856,0.5256654620170593,0.3304304778575897
d0QNH2vcDgU$_$13,Positive,Positive,2.3333332538604736,1.8448755741119385,0.012141545303165913,0.04477301985025406,0.9430854320526123
d38u9n5GOLM$_$26,Positive,Neutral,1.6666666269302368,-0.22464606165885925,0.2666443884372711,0.5480024814605713,0.1853531301021576
d38u9n5GOLM$_$18,Positive,Positive,1.6666666269302368,0.398560106754303,0.1764717847108841,0.304255872964859,0.5192723274230957
d38u9n5GOLM$_$28,Positive,Positive,1.3333333730697632,1.1190522909164429,0.006293016951531172,0.13449551165103912,0.8592115044593811
d38u9n5GOLM$_$6,Positive,Positive,2.3333332538604736,0.7780877351760864,0.034961532801389694,0.2354920655488968,0.7295464277267456
d3I7Ug-_3L0$_$0,Positive,Positive,0.6666666865348816,0.6132723093032837,0.04428292438387871,0.3880321979522705,0.5676848292350769
d3I7Ug-_3L0$_$5,Negative,Neutral,-0.6666666865348816,-0.1148255467414856,0.10608506947755814,0.7594032883644104,0.13451161980628967
d3I7Ug-_3L0$_$6,Negative,Neutral,-0.3333333432674408,-0.7877253293991089,0.4555991590023041,0.4885120093822479,0.05588885769248009
d89Z_olwc2Y$_$24,Positive,Neutral,0.3333333432674408,-0.027223173528909683,0.12379200011491776,0.6478103399276733,0.2283976972103119
d99mfGIenCo$_$15,Positive,Positive,0.6666666865348816,0.3814679682254791,0.03224168345332146,0.4802476465702057,0.48751068115234375
d99mfGIenCo$_$16,Positive,Positive,1.0,1.1083637475967407,0.008291623555123806,0.11530078947544098,0.8764075636863708
d99mfGIenCo$_$1,Positive,Neutral,0.6666666865348816,0.5721243023872375,0.02445059083402157,0.5015194416046143,0.47402992844581604
d99mfGIenCo$_$2,Positive,Neutral,2.0,0.5567197799682617,0.025352006778120995,0.6181480288505554,0.35649994015693665
dCDAcBR505Q$_$14,Neutral,Neutral,0.0,0.24457906186580658,0.04795931652188301,0.6717510223388672,0.2802896201610565
dJ5MXl66-UQ$_$1,Positive,Positive,0.6666666865348816,0.754396915435791,0.03664683923125267,0.32087478041648865,0.6424782872200012
dQ56b0bqmc8$_$5,Positive,Positive,0.6666666865348816,0.9347503185272217,0.03427053615450859,0.16634488105773926,0.7993845343589783
dSax_7klbfE$_$17,Positive,Neutral,0.3333333432674408,-0.3141891062259674,0.12088797241449356,0.670849084854126,0.20826299488544464
dSax_7klbfE$_$1,Negative,Negative,-0.3333333432674408,-0.6141542196273804,0.448957622051239,0.43676748871803284,0.11427483707666397
dWfgSGnd9zM$_$6,Positive,Positive,1.0,0.5020524859428406,0.04365087300539017,0.31904372572898865,0.6373053193092346
dXMAS2tIknw$_$6,Negative,Neutral,-0.6666666865348816,0.28720414638519287,0.12306224554777145,0.4800163209438324,0.3969213366508484
dYyg91d7zjY$_$2,Negative,Negative,-0.3333333432674408,-0.6274465322494507,0.5539363026618958,0.40224963426589966,0.0438140407204628
damyXH7mBic$_$11,Positive,Positive,0.6666666865348816,1.0326356887817383,0.03532269969582558,0.30179089307785034,0.6628864407539368
dbpGH5iP0GE$_$2,Positive,Neutral,0.3333333432674408,-0.17036548256874084,0.11934471875429153,0.8007450103759766,0.07991023361682892
dbpGH5iP0GE$_$3,Neutral,Neutral,0.0,0.16042478382587433,0.057522475719451904,0.8110712170600891,0.1314062923192978
dcUlt6zk_S0$_$5,Positive,Positive,0.3333333432674408,0.4837738573551178,0.07242988049983978,0.369586318731308,0.5579838156700134
ddix4XuaUlY$_$4,Positive,Positive,0.6666666865348816,1.02804434299469,0.01936395838856697,0.30464640259742737,0.6759896278381348
dqragS38hCk$_$10,Neutral,Neutral,0.0,0.6111516952514648,0.031006040051579475,0.5294778943061829,0.4395160377025604
dqragS38hCk$_$2,Negative,Negative,-0.6666666865348816,-0.07809348404407501,0.7276782393455505,0.15270614624023438,0.11961563676595688
dqragS38hCk$_$8,Negative,Negative,-0.3333333432674408,-0.7635730504989624,0.9235386848449707,0.04749799147248268,0.028963319957256317
dsob2MgUPpA$_$13,Positive,Positive,2.6666667461395264,1.863337755203247,0.012769142165780067,0.04190727695822716,0.945323646068573
dsob2MgUPpA$_$3,Positive,Positive,2.3333332538604736,0.8915930986404419,0.07309138029813766,0.3365853726863861,0.590323269367218
dsob2MgUPpA$_$2,Positive,Positive,2.3333332538604736,1.834823727607727,0.006395133212208748,0.07309820502996445,0.9205067157745361
dsob2MgUPpA$_$5,Positive,Positive,2.0,1.3577901124954224,0.030870413407683372,0.07797618955373764,0.8911533951759338
dyZdiWNflko$_$6,Positive,Positive,1.0,0.6287190318107605,0.018357526510953903,0.38383057713508606,0.5978118181228638
e-2QlzFeyNU$_$4,Positive,Positive,1.3333333730697632,0.37351593375205994,0.036259450018405914,0.4620613157749176,0.5016792416572571
e0hYEr848TE$_$0,Positive,Positive,0.6666666865348816,0.5495399832725525,0.07233790308237076,0.3273219168186188,0.6003401875495911
e0ltF8zpEcw$_$9,Positive,Neutral,0.6666666865348816,0.2036265730857849,0.15301531553268433,0.5931600332260132,0.2538246810436249
e0ltF8zpEcw$_$8,Neutral,Neutral,0.0,0.08157435059547424,0.12249437719583511,0.7233394980430603,0.15416613221168518
e1E5W_ZefmY$_$10,Negative,Neutral,-0.3333333432674408,-0.17564745247364044,0.05089563876390457,0.8422050476074219,0.10689942538738251
e1E5W_ZefmY$_$3,Neutral,Neutral,0.0,0.11202896386384964,0.07633599638938904,0.7720217108726501,0.1516423374414444
e7_2U4lm6TE$_$38,Neutral,Positive,0.0,0.3127593696117401,0.1764415204524994,0.22287273406982422,0.6006856560707092
e7_2U4lm6TE$_$28,Negative,Positive,-1.3333333730697632,0.5623121857643127,0.23230138421058655,0.21014510095119476,0.5575535893440247
e7_2U4lm6TE$_$7,Positive,Positive,1.3333333730697632,0.8395852446556091,0.04882987216114998,0.32856282591819763,0.6226072907447815
eJwZfdtlks8$_$15,Positive,Neutral,0.6666666865348816,0.14267146587371826,0.18558920919895172,0.47773095965385437,0.33667972683906555
ePtlUYCdrNM$_$1,Neutral,Negative,0.0,0.02781316265463829,0.5560601949691772,0.15698471665382385,0.2869551479816437
eSHOcLD5T58$_$7,Negative,Neutral,-0.3333333432674408,-0.29066210985183716,0.26124367117881775,0.6383674740791321,0.10038889199495316
eSHOcLD5T58$_$9,Positive,Neutral,1.6666666269302368,0.5098181366920471,0.06056196987628937,0.5597603917121887,0.3796776831150055
eTCnM472-cQ$_$0,Neutral,Positive,0.0,0.4920724332332611,0.02978937141597271,0.48455649614334106,0.48565414547920227
eTn2P4wmFr4$_$12,Negative,Negative,-0.3333333432674408,-1.1268062591552734,0.9118072986602783,0.051372941583395004,0.03681974485516548
eTn2P4wmFr4$_$15,Negative,Negative,-0.6666666865348816,-0.07932057231664658,0.6198650598526001,0.14594495296478271,0.23419000208377838
eTn2P4wmFr4$_$3,Negative,Negative,-1.0,-0.7882255911827087,0.724601686000824,0.17623744904994965,0.09916091710329056
eTn2P4wmFr4$_$7,Negative,Negative,-2.0,-1.9477720260620117,0.9704006314277649,0.022880377247929573,0.0067189899273216724
eTn2P4wmFr4$_$9,Positive,Negative,0.3333333432674408,-0.17530912160873413,0.5393811464309692,0.22159753739833832,0.23902122676372528
eW1vgHE6FRM$_$14,Positive,Positive,1.6666666269302368,0.9164291024208069,0.027891341596841812,0.20126670598983765,0.7708420157432556
eW1vgHE6FRM$_$3,Positive,Neutral,0.3333333432674408,0.4909881353378296,0.03800474479794502,0.5281059145927429,0.4338892698287964
eY64P27khzk$_$0,Negative,Neutral,-0.3333333432674408,-0.3324205279350281,0.37768206000328064,0.4100145399570465,0.21230344474315643
eY64P27khzk$_$3,Neutral,Neutral,0.0,-0.307065486907959,0.17318587005138397,0.6938804388046265,0.13293369114398956
eeN7l4R3nPc$_$10,Positive,Neutral,0.3333333432674408,0.0018664260860532522,0.10085854679346085,0.5308976769447327,0.3682437837123871
efLrpnuLwyU$_$1,Neutral,Negative,0.0,-0.25474873185157776,0.6505227088928223,0.16531363129615784,0.18416368961334229
emtvrtk-jsU$_$7,Negative,Negative,-1.0,-0.3845059871673584,0.4540543258190155,0.2642436921596527,0.2817019522190094
ep3IasggD3k$_$10,Positive,Positive,0.3333333432674408,0.6538558602333069,0.03541610762476921,0.3801637291908264,0.5844201445579529
esR-tOjT6KM$_$0,Positive,Negative,0.6666666865348816,-1.203402042388916,0.9161527752876282,0.05387924984097481,0.029967978596687317
esR-tOjT6KM$_$3,Positive,Positive,2.0,1.2657725811004639,0.00999640952795744,0.13999466598033905,0.8500089049339294
esR-tOjT6KM$_$6,Positive,Positive,2.0,0.8729913234710693,0.12493084371089935,0.12653210759162903,0.7485370635986328
esnOE1LefKA$_$1,Positive,Neutral,0.3333333432674408,0.15726684033870697,0.23088175058364868,0.49123328924179077,0.27788496017456055
f49boM5fb8U$_$6,Neutral,Neutral,0.0,0.07380851358175278,0.1503751426935196,0.5424433946609497,0.3071815073490143
f5k5cF80aUE$_$4,Positive,Neutral,0.3333333432674408,-0.13825306296348572,0.13531851768493652,0.7343381643295288,0.13034331798553467
f5k5cF80aUE$_$6,Positive,Positive,1.0,0.6335351467132568,0.042231183499097824,0.29848262667655945,0.6592861413955688
f6S2XNPIiFk$_$19,Positive,Positive,1.0,0.7992099523544312,0.02312307059764862,0.16404981911182404,0.8128271102905273
f6S2XNPIiFk$_$2,Positive,Positive,1.0,0.9599443674087524,0.04174165055155754,0.2396554797887802,0.7186028957366943
f6S2XNPIiFk$_$5,Neutral,Neutral,0.0,-0.36168092489242554,0.2442459762096405,0.5496509671211243,0.20610299706459045
fB816aeHRFk$_$0,Neutral,Neutral,0.0,0.5131947994232178,0.021032040938735008,0.5804231762886047,0.3985447287559509
fGYbbP8RDLQ$_$5,Neutral,Neutral,0.0,-0.48614442348480225,0.24837233126163483,0.6435331702232361,0.10809452831745148
fOxg1NstCHA$_$4,Neutral,Neutral,0.0,0.2840745449066162,0.029205990955233574,0.6748994588851929,0.2958945035934448
fTNOAssiTYk$_$3,Positive,Positive,1.0,0.5959414839744568,0.04985090345144272,0.2917582392692566,0.6583908796310425
fTNOAssiTYk$_$6,Positive,Positive,0.3333333432674408,0.5830996632575989,0.03425416722893715,0.43026894330978394,0.5354769229888916
fW1pK2L6RgM$_$3,Positive,Neutral,0.3333333432674408,0.001505803084000945,0.25620532035827637,0.500091552734375,0.24370315670967102
faXGVcVcVsE$_$14,Neutral,Neutral,0.0,-0.5770039558410645,0.3628903925418854,0.4993683397769928,0.1377412974834442
faXGVcVcVsE$_$9,Neutral,Positive,0.0,0.8701399564743042,0.04496489837765694,0.34950175881385803,0.6055334210395813
faXGVcVcVsE$_$8,Positive,Positive,2.0,0.5892102718353271,0.062111519277095795,0.26037049293518066,0.6775179505348206
fbHlBmq7Ipo$_$10,Positive,Negative,0.3333333432674408,-0.3896937668323517,0.5654937624931335,0.31742388010025024,0.11708235740661621
fbHlBmq7Ipo$_$8,Negative,Negative,-0.3333333432674408,-0.45080968737602234,0.7384743690490723,0.15727290511131287,0.10425272583961487
fbSxct2JcKU$_$5,Positive,Neutral,0.6666666865348816,0.4233086407184601,0.11349114775657654,0.45086759328842163,0.43564125895500183
fdK_tsvBXJ8$_$5,Positive,Positive,0.3333333432674408,1.1827216148376465,0.013886233791708946,0.17435897886753082,0.8117547631263733
fi7g4GoK-z4$_$4,Positive,Neutral,0.6666666865348816,0.4560450315475464,0.039799802005290985,0.49664074182510376,0.46355941891670227
fjE2EZKgQm8$_$5,Positive,Positive,2.3333332538604736,1.725644588470459,0.008369150571525097,0.07700206339359283,0.9146288633346558
fjE2EZKgQm8$_$4,Positive,Positive,2.0,1.7354962825775146,0.009622931480407715,0.05220678076148033,0.9381702542304993
flBtk736di4$_$8,Positive,Positive,1.0,1.2352572679519653,0.017771612852811813,0.11338441073894501,0.8688439726829529
frNJdG0GkYw$_$1,Positive,Positive,1.6666666269302368,0.7900577783584595,0.026796994730830193,0.2936430275440216,0.6795600056648254
fzuTEKwNS94$_$8,Positive,Positive,1.6666666269302368,1.456337809562683,0.007149163633584976,0.12530191242694855,0.8675488829612732
fzuTEKwNS94$_$16,Positive,Positive,2.6666667461395264,1.5877110958099365,0.0101021071895957,0.11660003662109375,0.873297929763794
g99kISQbyuI$_$11,Positive,Positive,0.3333333432674408,0.27980414032936096,0.2824309468269348,0.3003098666667938,0.41725924611091614
g99kISQbyuI$_$0,Negative,Neutral,-0.3333333432674408,0.339081346988678,0.2856377363204956,0.4219152331352234,0.292447030544281
g99kISQbyuI$_$3,Positive,Positive,0.6666666865348816,0.6469519138336182,0.12682849168777466,0.3079740107059479,0.5651975870132446
g99kISQbyuI$_$5,Negative,Negative,-0.6666666865348816,0.0633249580860138,0.5421983003616333,0.21886074542999268,0.23894095420837402
g9rNhtFG9aU$_$12,Neutral,Positive,0.0,0.8411077260971069,0.03840569034218788,0.23578082025051117,0.7258134484291077
gAMbkJk6gnE$_$2,Positive,Neutral,0.3333333432674408,0.6905179619789124,0.03812819719314575,0.5744297504425049,0.38744208216667175
gAMbkJk6gnE$_$4,Positive,Neutral,1.3333333730697632,0.40319836139678955,0.08581457287073135,0.4605112373828888,0.4536742866039276
gC_wF3uKFW0$_$2,Negative,Neutral,-0.3333333432674408,-0.047883275896310806,0.2681864798069,0.4302753210067749,0.3015381395816803
gC_wF3uKFW0$_$5,Positive,Neutral,2.0,0.8989185094833374,0.027715235948562622,0.5119795799255371,0.4603051245212555
gC_wF3uKFW0$_$4,Positive,Positive,2.0,1.3740376234054565,0.02658865600824356,0.05592287331819534,0.9174884557723999
gEgcpVY8WK4$_$27,Neutral,Neutral,0.0,0.08692401647567749,0.11169634014368057,0.6819236278533936,0.20638002455234528
gEgcpVY8WK4$_$21,Positive,Neutral,1.0,0.5388256311416626,0.07302514463663101,0.587363064289093,0.33961182832717896
gEgcpVY8WK4$_$22,Neutral,Neutral,0.0,-0.08971177041530609,0.23551222681999207,0.6091393828392029,0.15534831583499908
gEgcpVY8WK4$_$28,Neutral,Neutral,0.0,0.06578072160482407,0.12334301322698593,0.6372606158256531,0.23939640820026398
gEgcpVY8WK4$_$8,Neutral,Neutral,0.0,0.10144975036382675,0.03187451511621475,0.6714687943458557,0.29665666818618774
gEgcpVY8WK4$_$14,Positive,Neutral,0.3333333432674408,0.4767070412635803,0.1070595532655716,0.49972406029701233,0.3932163715362549
gEgcpVY8WK4$_$17,Neutral,Neutral,0.0,0.16996212303638458,0.040975745767354965,0.7878217101097107,0.17120252549648285
gEgcpVY8WK4$_$30,Positive,Positive,0.6666666865348816,1.0177181959152222,0.008973490446805954,0.18614226579666138,0.8048841953277588
gFAOKuqpUq4$_$0,Neutral,Positive,0.0,1.0723447799682617,0.02026832289993763,0.150831937789917,0.8288997411727905
gPWyANEm0eE$_$10,Negative,Neutral,-2.0,-0.36411821842193604,0.3221956193447113,0.4422222673892975,0.2355821579694748
gPWyANEm0eE$_$2,Neutral,Neutral,0.0,-0.0040253228507936,0.03105887956917286,0.6973534822463989,0.271587610244751
gPWyANEm0eE$_$4,Positive,Positive,0.6666666865348816,0.5940686464309692,0.01775895431637764,0.32775744795799255,0.6544836163520813
gRAmIaSlm80$_$0,Positive,Positive,0.6666666865348816,0.4552536606788635,0.07362794876098633,0.4210578501224518,0.5053142309188843
gU7McujYYPY$_$1,Positive,Positive,2.0,0.8807103633880615,0.043552711606025696,0.18300706148147583,0.7734401822090149
gU7McujYYPY$_$3,Positive,Positive,0.3333333432674408,0.7530285120010376,0.0929904356598854,0.32348182797431946,0.5835278034210205
gU7McujYYPY$_$8,Positive,Neutral,0.3333333432674408,0.46943092346191406,0.01241766382008791,0.5068202018737793,0.4807621240615845
gXDRWhJbfFU$_$1,Positive,Positive,1.5,0.8594858646392822,0.02892129495739937,0.33585140109062195,0.6352272629737854
gXDRWhJbfFU$_$4,Positive,Positive,0.6666666865348816,0.7953370213508606,0.022287068888545036,0.2805688977241516,0.6971439719200134
gXDRWhJbfFU$_$9,Positive,Neutral,0.1666666716337204,0.3200250566005707,0.02843119204044342,0.6336166262626648,0.3379521369934082
gXDRWhJbfFU$_$8,Positive,Positive,1.1666666269302368,1.0891222953796387,0.016895320266485214,0.1861327886581421,0.79697185754776
gXuiIWRxrw4$_$19,Positive,Positive,1.0,1.229520320892334,0.019326286390423775,0.061402589082717896,0.9192711114883423
gXuiIWRxrw4$_$18,Positive,Positive,1.3333333730697632,1.2063076496124268,0.009022706188261509,0.0710153579711914,0.9199619889259338
gXuiIWRxrw4$_$0,Positive,Neutral,0.6666666865348816,0.7777006030082703,0.014752510003745556,0.5646234750747681,0.4206239581108093
gXuiIWRxrw4$_$6,Positive,Neutral,0.3333333432674408,-0.4799083471298218,0.3526741862297058,0.45840394496917725,0.18892185389995575
gZDyk95Xob4$_$11,Positive,Positive,1.0,0.9085229635238647,0.02688906341791153,0.3377998173236847,0.6353111267089844
gZDyk95Xob4$_$12,Positive,Positive,1.0,1.487181305885315,0.014416924677789211,0.12056493759155273,0.8650180697441101
gZDyk95Xob4$_$9,Positive,Positive,1.0,0.668967604637146,0.03008606843650341,0.31973743438720703,0.6501765251159668
gZF-YNQHqwI$_$13,Neutral,Neutral,0.0,0.2295820713043213,0.08897239714860916,0.7294369339942932,0.18159064650535583
gZF-YNQHqwI$_$1,Positive,Neutral,0.6666666865348816,0.4535917043685913,0.028263144195079803,0.6500898599624634,0.3216469883918762
gZF-YNQHqwI$_$9,Positive,Positive,2.6666667461395264,1.9210264682769775,0.014870858751237392,0.09025546908378601,0.8948736190795898
gcpsSao7kHM$_$10,Positive,Negative,1.0,0.2870427370071411,0.3734365701675415,0.2811098098754883,0.3454536199569702
gcpsSao7kHM$_$1,Neutral,Neutral,0.0,0.1407236009836197,0.1978018879890442,0.5413477420806885,0.26085036993026733
ge071m9bGeY$_$1,Positive,Negative,0.3333333432674408,-0.43670523166656494,0.5823599696159363,0.27095112204551697,0.14668887853622437
ge071m9bGeY$_$0,Positive,Neutral,0.3333333432674408,0.33420634269714355,0.1876417100429535,0.4168565273284912,0.3955017924308777
ge071m9bGeY$_$5,Positive,Positive,0.6666666865348816,0.7925411462783813,0.03734753280878067,0.23747093975543976,0.725181519985199
ge071m9bGeY$_$4,Neutral,Neutral,0.0,0.29196619987487793,0.04641381651163101,0.6483961939811707,0.30518996715545654
gjEYmdWrBLM$_$24,Positive,Positive,1.3333333730697632,1.749131202697754,0.016289595514535904,0.05014336481690407,0.9335670471191406
gjEYmdWrBLM$_$26,Positive,Positive,2.0,1.2826592922210693,0.009416728280484676,0.07770153135061264,0.9128817319869995
gjEYmdWrBLM$_$0,Positive,Positive,0.6666666865348816,0.8740652203559875,0.04912847653031349,0.3273553252220154,0.6235161423683167
gjEYmdWrBLM$_$3,Neutral,Positive,0.0,0.6820196509361267,0.09544295817613602,0.1704351156949997,0.7341219186782837
gjEYmdWrBLM$_$9,Positive,Positive,1.6666666269302368,1.3956879377365112,0.013694586232304573,0.08291811496019363,0.9033873081207275
gjEYmdWrBLM$_$18,Positive,Positive,1.6666666269302368,1.2134193181991577,0.018970081582665443,0.1268487423658371,0.8541812300682068
gjGL6YY6oMs$_$2,Neutral,Negative,0.0,-1.1015901565551758,0.8658140301704407,0.11124769598245621,0.02293829806149006
gjSyl6evrWk$_$12,Positive,Positive,1.3333333730697632,1.359649419784546,0.023282302543520927,0.05877949669957161,0.917938232421875
gr9YU-UTJzQ$_$15,Neutral,Neutral,0.0,-0.10585254430770874,0.2885136902332306,0.559103786945343,0.15238243341445923
grePRQ8zonA$_$2,Positive,Neutral,0.3333333432674408,0.3250538408756256,0.04490973427891731,0.5181911587715149,0.4368990957736969
guRD0zQC6Q0$_$7,Positive,Positive,1.3333333730697632,1.4822708368301392,0.009659654460847378,0.046706363558769226,0.9436339735984802
gv43BPYYxKQ$_$2,Negative,Negative,-0.3333333432674408,-0.3614672124385834,0.6258092522621155,0.25536683201789856,0.11882389336824417
gvrfI9e5xHQ$_$9,Negative,Neutral,-0.3333333432674408,0.3712696433067322,0.04695053771138191,0.5167973637580872,0.4362521171569824
gzZ8NTeTzRs$_$1,Neutral,Positive,0.0,0.6688858866691589,0.0560632161796093,0.3050086796283722,0.6389280557632446
h4LrwMn94ss$_$9,Neutral,Neutral,0.0,0.050832659006118774,0.02927928790450096,0.6355876326560974,0.33513304591178894
h7p5URoookk$_$27,Positive,Neutral,0.3333333432674408,0.015446425415575504,0.2007969468832016,0.6264774203300476,0.1727256327867508
h7p5URoookk$_$2,Positive,Positive,1.3333333730697632,0.597797155380249,0.1572112888097763,0.40039774775505066,0.442391037940979
hASTLbFHrEs$_$0,Negative,Negative,-1.6666666269302368,-0.8603165149688721,0.6837556958198547,0.21331550180912018,0.10292884707450867
hASTLbFHrEs$_$7,Positive,Positive,2.3333332538604736,0.4773584008216858,0.11321200430393219,0.4332652986049652,0.4535227119922638
hCFV5VLgS0A$_$8,Negative,Negative,-0.6666666865348816,-0.9350196719169617,0.8275887966156006,0.09168176352977753,0.08072943985462189
hF6kFQPdBjY$_$13,Positive,Positive,0.3333333432674408,0.5638130903244019,0.045177675783634186,0.3952817916870117,0.5595405101776123
hF6kFQPdBjY$_$2,Negative,Neutral,-0.6666666865348816,0.14203545451164246,0.06766010075807571,0.6012622714042664,0.33107757568359375
hF6kFQPdBjY$_$9,Neutral,Neutral,0.0,0.38171491026878357,0.037233784794807434,0.4925045371055603,0.47026172280311584
hGRRlXfH0BY$_$11,Negative,Positive,-0.6666666865348816,0.2229635864496231,0.2855805456638336,0.22038637101650238,0.4940330386161804
hGRRlXfH0BY$_$1,Negative,Negative,-0.6666666865348816,-1.3929568529129028,0.8764292001724243,0.08540253341197968,0.0381682813167572
hGRRlXfH0BY$_$8,Negative,Negative,-2.0,-1.7601317167282104,0.9548672437667847,0.033976905047893524,0.011155812069773674
hIQhkTjNaQc$_$11,Positive,Positive,0.3333333432674408,0.4853966236114502,0.1268581748008728,0.3140738904476166,0.5590679049491882
hOp6I4jGvu4$_$1,Neutral,Neutral,0.0,0.06246890500187874,0.14375203847885132,0.46641114354133606,0.38983678817749023
hOp6I4jGvu4$_$4,Positive,Positive,1.6666666269302368,0.6110625267028809,0.13350069522857666,0.234383687376976,0.6321156024932861
hSgKOKK3L8M$_$0,Positive,Negative,0.3333333432674408,-0.2699369192123413,0.8156362771987915,0.11024076491594315,0.07412290573120117
hSgKOKK3L8M$_$5,Neutral,Neutral,0.0,0.10093627870082855,0.2682124376296997,0.5262460112571716,0.20554153621196747
hawztAtYHCE$_$9,Positive,Positive,1.3333333730697632,0.6851732134819031,0.13711397349834442,0.41011956334114075,0.45276644825935364
he475nnmMi0$_$14,Negative,Neutral,-0.3333333432674408,-0.22189992666244507,0.2722179889678955,0.5127871036529541,0.2149948924779892
he475nnmMi0$_$9,Positive,Neutral,0.3333333432674408,0.4786120057106018,0.04963946342468262,0.6090007424354553,0.3413597643375397
hfVXx8hfKak$_$16,Negative,Negative,-1.3333333730697632,-1.2542529106140137,0.7988629341125488,0.16756568849086761,0.03357147052884102
hfVXx8hfKak$_$0,Positive,Positive,2.0,1.3561747074127197,0.027167068794369698,0.06142354756593704,0.9114093780517578
hfvmQuhqMmY$_$8,Positive,Positive,2.0,1.1067615747451782,0.008168544620275497,0.11783939599990845,0.8739920258522034
hh04W3xXa5s$_$0,Positive,Positive,1.0,1.1778544187545776,0.031343720853328705,0.2503151595592499,0.7183411121368408
hh04W3xXa5s$_$2,Negative,Negative,-0.3333333432674408,-0.35849636793136597,0.6817115545272827,0.16826605796813965,0.15002240240573883
hj1ph17-0jE$_$2,Negative,Negative,-1.3333333730697632,-1.649681806564331,0.9314690232276917,0.05178416520357132,0.016746746376156807
hjBQmIWiWgw$_$2,Positive,Positive,0.3333333432674408,1.0948220491409302,0.14226354658603668,0.21208766102790833,0.6456488370895386
hlBOP5NskhM$_$10,Positive,Positive,2.0,0.8764044642448425,0.01629796251654625,0.4399115741252899,0.5437905192375183
hlBOP5NskhM$_$12,Positive,Negative,1.0,0.3215252161026001,0.5053739547729492,0.2520783543586731,0.2425476312637329
hlBOP5NskhM$_$2,Neutral,Negative,0.0,-0.39804303646087646,0.5467565059661865,0.33445340394973755,0.11879011988639832
hlBOP5NskhM$_$8,Positive,Positive,1.3333333730697632,0.38028454780578613,0.2595483064651489,0.2832726836204529,0.4571789801120758
hlYDicOj2m0$_$2,Positive,Negative,0.3333333432674408,-0.9129068851470947,0.5720524191856384,0.3677620589733124,0.060185447335243225
hlYDicOj2m0$_$6,Negative,Neutral,-0.3333333432674408,0.19156527519226074,0.31718361377716064,0.39139866828918457,0.2914176881313324
hmjfBZGGZR8$_$1,Positive,Positive,2.6666667461395264,1.6042566299438477,0.018458325415849686,0.23035411536693573,0.7511875629425049
hntnelpiyl8$_$13,Neutral,Positive,0.0,0.36620041728019714,0.02292686328291893,0.39826005697250366,0.5788130760192871
hp3nsb_eIc0$_$18,Neutral,Positive,0.0,0.13203337788581848,0.17363382875919342,0.3999136686325073,0.4264524579048157
hp3nsb_eIc0$_$1,Neutral,Neutral,0.0,0.14358189702033997,0.05059240758419037,0.6671107411384583,0.2822968065738678
hyazktfsZew$_$26,Positive,Neutral,1.0,0.5582118034362793,0.05319264158606529,0.6025742888450623,0.34423306584358215
hyazktfsZew$_$22,Positive,Positive,1.0,1.5495567321777344,0.006526980083435774,0.07781735062599182,0.9156556725502014
hyazktfsZew$_$28,Positive,Positive,0.3333333432674408,0.5263962745666504,0.03371380269527435,0.34716740250587463,0.6191188097000122
hyazktfsZew$_$9,Negative,Neutral,-0.6666666865348816,-0.44827473163604736,0.19211021065711975,0.612623929977417,0.19526582956314087
hyazktfsZew$_$11,Neutral,Neutral,0.0,-0.033640339970588684,0.20450013875961304,0.6592222452163696,0.13627755641937256
hyazktfsZew$_$30,Positive,Positive,0.3333333432674408,0.8681737184524536,0.03685997799038887,0.1565479040145874,0.8065921068191528
i5bmKlHv-SA$_$3,Positive,Neutral,0.6666666865348816,0.5715457201004028,0.03561532124876976,0.5108303427696228,0.45355430245399475
iEOBNT0HFtU$_$12,Positive,Positive,2.3333332538604736,0.9187699556350708,0.035654231905937195,0.22558167576789856,0.7387641072273254
iEOBNT0HFtU$_$17,Negative,Positive,-0.3333333432674408,0.7606678605079651,0.021094612777233124,0.21517202258110046,0.7637333273887634
iEOBNT0HFtU$_$0,Positive,Positive,1.3333333730697632,0.641801118850708,0.020427143201231956,0.20818686485290527,0.7713859677314758
iEOBNT0HFtU$_$2,Positive,Neutral,0.6666666865348816,0.35571467876434326,0.0299976859241724,0.5112842321395874,0.45871812105178833
iH04VOkbof0$_$1,Neutral,Positive,0.0,0.7474156618118286,0.04773413762450218,0.4446454644203186,0.5076203942298889
iH04VOkbof0$_$4,Negative,Negative,-0.6666666865348816,-0.1968875229358673,0.549954354763031,0.31039056181907654,0.13965512812137604
iM3wSwoAtwk$_$3,Positive,Positive,0.3333333432674408,0.7918922901153564,0.05505969375371933,0.272215873003006,0.6727243661880493
iMss8xBhFiI$_$12,Positive,Neutral,0.6666666865348816,0.3739248514175415,0.08381379395723343,0.4583284258842468,0.45785775780677795
iO34hER47xA$_$3,Positive,Positive,1.6666666269302368,0.816431999206543,0.06038932874798775,0.343469500541687,0.5961412191390991
iR1Os7FVGHs$_$6,Neutral,Negative,0.0,-0.7092790603637695,0.5921913385391235,0.3111691474914551,0.09663951396942139
iREkcXde5ds$_$0,Neutral,Neutral,0.0,-0.14045454561710358,0.23548486828804016,0.6747584939002991,0.0897565484046936
iS91daVpH2E$_$10,Positive,Positive,0.3333333432674408,0.7333791255950928,0.02388753555715084,0.2482982873916626,0.7278141379356384
iS91daVpH2E$_$7,Neutral,Neutral,0.0,0.11901066452264786,0.05242491886019707,0.558393657207489,0.3891814351081848
iYtD_ArCdKw$_$3,Neutral,Positive,0.0,0.39238518476486206,0.04818469285964966,0.44842690229415894,0.5033884048461914
iYtD_ArCdKw$_$9,Positive,Neutral,0.3333333432674408,0.03622183948755264,0.08938779681921005,0.4629500210285187,0.44766223430633545
icIS9VfbzMw$_$25,Negative,Negative,-0.3333333432674408,-0.4283003807067871,0.7443473935127258,0.14048808813095093,0.11516447365283966
icIS9VfbzMw$_$17,Positive,Positive,1.3333333730697632,1.4794695377349854,0.03172191232442856,0.08505634218454361,0.8832217454910278
icIS9VfbzMw$_$1,Negative,Negative,-1.3333333730697632,-0.39323267340660095,0.5024809837341309,0.2075294852256775,0.28998956084251404
icIS9VfbzMw$_$3,Positive,Positive,0.3333333432674408,0.918107271194458,0.02441922202706337,0.23705996572971344,0.7385208010673523
icehEYAiimM$_$0,Positive,Neutral,0.6666666865348816,0.24314841628074646,0.06851374357938766,0.5412565469741821,0.3902297616004944
iex7I7iVnLk$_$3,Positive,Neutral,0.6666666865348816,0.4457581639289856,0.05701354518532753,0.5894982218742371,0.3534882664680481
ihuGFUrzD30$_$8,Positive,Neutral,0.6666666865348816,0.12510159611701965,0.0598505437374115,0.666860044002533,0.27328938245773315
ipLoS44xfO4$_$1,Positive,Neutral,0.3333333432674408,0.1191655620932579,0.09189886599779129,0.7659707069396973,0.14213044941425323
ipLoS44xfO4$_$0,Negative,Neutral,-1.3333333730697632,0.25561681389808655,0.08498997986316681,0.6597850918769836,0.2552248537540436
ipLoS44xfO4$_$3,Negative,Neutral,-1.3333333730697632,0.012587051838636398,0.09646660089492798,0.7489523887634277,0.15458108484745026
ixQbCXLUUj8$_$1,Positive,Positive,0.3333333432674408,0.9237337112426758,0.04425870254635811,0.36144936084747314,0.5942919254302979
ixZAEncExWI$_$1,Negative,Negative,-0.3333333432674408,-0.8715696930885315,0.8330308198928833,0.10849196463823318,0.0584772452712059
izFBeXMTgds$_$1,Positive,Positive,1.6666666269302368,1.3171703815460205,0.03418974205851555,0.0453353226184845,0.9204748868942261
j6R1NTrosuM$_$0,Positive,Positive,1.3333333730697632,1.3702384233474731,0.004514004569500685,0.0966680645942688,0.8988178968429565
j7fRIGphgtk$_$1,Positive,Positive,1.6666666269302368,0.717262864112854,0.017561037093400955,0.36019518971443176,0.6222438216209412
j7fRIGphgtk$_$0,Neutral,Neutral,0.0,-0.03154301270842552,0.23563407361507416,0.42601409554481506,0.3383517563343048
jEQoBvc7V1o$_$12,Positive,Positive,1.0,0.8530820608139038,0.022247541695833206,0.2873380184173584,0.6904144287109375
jFNgOznarMo$_$9,Negative,Negative,-1.0,-0.9242186546325684,0.7013375759124756,0.19251464307308197,0.10614781081676483
jFNgOznarMo$_$10,Neutral,Negative,0.0,-0.14365413784980774,0.4043649733066559,0.24943220615386963,0.3462028503417969
jFpRdhl3fgw$_$2,Positive,Negative,0.3333333432674408,-0.723482072353363,0.6717642545700073,0.24424605071544647,0.08398967236280441
jNdvceZ4etc$_$2,Positive,Positive,1.3333333730697632,0.7138587832450867,0.06074422597885132,0.33967530727386475,0.5995804667472839
jNdvceZ4etc$_$7,Positive,Neutral,0.6666666865348816,0.20092439651489258,0.1975877434015274,0.40194886922836304,0.40046340227127075
jPf0LjZAS14$_$0,Positive,Positive,0.6666666865348816,0.7474715113639832,0.07154586911201477,0.3484266698360443,0.5800274610519409
jQ3EmbRIe58$_$14,Positive,Positive,2.0,1.0610237121582031,0.020110243931412697,0.15624691545963287,0.8236428499221802
jT3FSTBA8Us$_$2,Neutral,Neutral,0.0,0.4655309319496155,0.0823516994714737,0.6445373892784119,0.27311086654663086
jV6qzF2YROc$_$0,Positive,Neutral,0.6666666865348816,0.6541656255722046,0.07425954937934875,0.49199140071868896,0.4337489902973175
jVayR0VClxQ$_$12,Positive,Neutral,1.6666666269302368,0.25710296630859375,0.08429370075464249,0.614780068397522,0.30092623829841614
jVayR0VClxQ$_$0,Negative,Negative,-0.6666666865348816,-1.4819120168685913,0.9156141877174377,0.06595468521118164,0.018431158736348152
jVayR0VClxQ$_$9,Positive,Negative,1.0,-0.41567790508270264,0.5688421130180359,0.1726088970899582,0.2585490345954895
jYT3-RQFy1U$_$10,Neutral,Negative,0.0,-0.7320519685745239,0.7782069444656372,0.17592626810073853,0.04586681351065636
jYT3-RQFy1U$_$1,Negative,Negative,-1.6666666269302368,-1.5922956466674805,0.9083832502365112,0.0804663598537445,0.011150412261486053
jakiZQd4boM$_$3,Positive,Positive,0.6666666865348816,0.6002694964408875,0.04232299327850342,0.4576978087425232,0.4999791383743286
jbKDW9URnvM$_$0,Positive,Neutral,0.6666666865348816,0.18725164234638214,0.048595212399959564,0.6948833465576172,0.25652140378952026
jcQi90n008o$_$20,Positive,Positive,1.3333333730697632,1.521939992904663,0.009430079720914364,0.06700838357210159,0.9235615730285645
jcQi90n008o$_$23,Positive,Positive,1.6666666269302368,1.3168833255767822,0.028039846569299698,0.0716930627822876,0.9002671241760254
jcQi90n008o$_$2,Neutral,Neutral,0.0,0.45347869396209717,0.03044281154870987,0.5907529592514038,0.3788042664527893
jcQi90n008o$_$5,Positive,Positive,0.6666666865348816,0.5683859586715698,0.06188889965415001,0.1902775764465332,0.7478335499763489
jcQi90n008o$_$18,Positive,Positive,0.3333333432674408,0.7939685583114624,0.047571033239364624,0.2077713906764984,0.744657576084137
jgNu58Da9cs$_$2,Positive,Neutral,0.3333333432674408,0.13616003096103668,0.09073156863451004,0.5935975313186646,0.3156709372997284
jgNu58Da9cs$_$6,Neutral,Negative,0.0,-0.8485821485519409,0.5661301016807556,0.3619157373905182,0.07195419073104858
jjb1cWmkhI8$_$2,Positive,Positive,1.6666666269302368,0.5236368775367737,0.11327438056468964,0.3016509413719177,0.5850746631622314
jjbOD6u7V34$_$3,Neutral,Neutral,0.0,0.3081212043762207,0.2674216628074646,0.4452618658542633,0.2873164713382721
jlCFLG6rKKY$_$2,Negative,Negative,-0.6666666865348816,-1.5350128412246704,0.8259676098823547,0.14146505296230316,0.032567307353019714
jnG9zog4NCs$_$2,Positive,Neutral,0.6666666865348816,0.17599567770957947,0.05020052567124367,0.7027142643928528,0.24708519876003265
jnG9zog4NCs$_$4,Negative,Negative,-0.3333333432674408,-0.6019986867904663,0.5969220995903015,0.3417040705680847,0.061373915523290634
jqKzaEniiKo$_$13,Positive,Positive,0.3333333432674408,0.7181746363639832,0.06948219984769821,0.42836466431617737,0.5021530985832214
jqKzaEniiKo$_$8,Positive,Positive,0.3333333432674408,1.1369386911392212,0.02611989714205265,0.17255371809005737,0.8013264536857605
juI9KoLA87A$_$5,Positive,Positive,0.3333333432674408,1.0016508102416992,0.15035809576511383,0.21204905211925507,0.6375928521156311
jzNIU-w0MVo$_$15,Positive,Positive,1.0,0.9403877258300781,0.051046889275312424,0.20344308018684387,0.7455100417137146
jzNIU-w0MVo$_$16,Neutral,Negative,0.0,-0.8951689004898071,0.7652047872543335,0.15351460874080658,0.08128059655427933
jzNIU-w0MVo$_$7,Negative,Positive,-0.6666666865348816,0.20165744423866272,0.14149874448776245,0.2690386474132538,0.5894626379013062
k1ca_xbhohk$_$13,Positive,Neutral,0.6666666865348816,-0.10779187083244324,0.16381622850894928,0.6267049908638,0.20947881042957306
k4T6GaDrcjs$_$2,Positive,Negative,1.3333333730697632,0.509794294834137,0.5545849800109863,0.042581889778375626,0.40283316373825073
k4T6GaDrcjs$_$4,Positive,Positive,1.3333333730697632,1.3447412252426147,0.02397654578089714,0.07749009877443314,0.8985334038734436
k4T6GaDrcjs$_$7,Negative,Neutral,-0.6666666865348816,0.3191916048526764,0.09833117574453354,0.6943579912185669,0.20731088519096375
k4T6GaDrcjs$_$9,Neutral,Negative,0.0,-0.5361112356185913,0.8260228633880615,0.11964757740497589,0.054329633712768555
k5-3KuvCFms$_$0,Positive,Positive,0.6666666865348816,0.5230118632316589,0.16476279497146606,0.2581048309803009,0.5771324038505554
k8NgVOCDYKM$_$10,Negative,Neutral,-0.3333333432674408,0.017540162429213524,0.2555304169654846,0.4093572199344635,0.33511239290237427
k8NgVOCDYKM$_$19,Negative,Negative,-1.6666666269302368,-0.9187690615653992,0.7279511094093323,0.1493070274591446,0.12274189293384552
k8NgVOCDYKM$_$2,Positive,Negative,0.3333333432674408,-0.4588726758956909,0.6506949663162231,0.2642245292663574,0.08508048206567764
kCQqLNiO0mk$_$11,Negative,Negative,-1.0,-1.0868301391601562,0.8222838044166565,0.11676539480686188,0.06095072627067566
kCQqLNiO0mk$_$12,Positive,Positive,0.6666666865348816,1.0273163318634033,0.010955072939395905,0.09558109939098358,0.8934638500213623
kCQqLNiO0mk$_$15,Positive,Positive,1.3333333730697632,0.7352613210678101,0.06250893324613571,0.1373055875301361,0.80018550157547
kCQqLNiO0mk$_$17,Negative,Negative,-1.3333333730697632,-0.8897643685340881,0.6391729712486267,0.21464520692825317,0.14618177711963654
kCQqLNiO0mk$_$6,Neutral,Neutral,0.0,-0.04214632883667946,0.1953156441450119,0.4927925765514374,0.31189173460006714
kCQqLNiO0mk$_$8,Positive,Positive,0.3333333432674408,-0.11983619630336761,0.11656270176172256,0.3688129186630249,0.514624297618866
kKMfsWrigTE$_$1,Positive,Positive,0.3333333432674408,0.9479285478591919,0.01813020184636116,0.15555351972579956,0.826316237449646
kKkZihSbxF4$_$2,Positive,Neutral,2.3333332538604736,0.19876861572265625,0.21036970615386963,0.49843207001686096,0.29119816422462463
kPn-t6NSxfQ$_$11,Positive,Neutral,0.3333333432674408,0.0008262209594249725,0.05452091991901398,0.7812625765800476,0.16421647369861603
kPn-t6NSxfQ$_$14,Positive,Neutral,0.3333333432674408,0.275363564491272,0.2889188230037689,0.4166288673877716,0.2944522798061371
kPn-t6NSxfQ$_$0,Positive,Neutral,0.3333333432674408,0.18962034583091736,0.07436249405145645,0.7358314394950867,0.18980596959590912
kPn-t6NSxfQ$_$4,Negative,Negative,-0.6666666865348816,-0.8471260070800781,0.7445967197418213,0.19861865043640137,0.05678463727235794
kRs39SO-neY$_$17,Positive,Positive,0.6666666865348816,0.4580245614051819,0.18969959020614624,0.24955324828624725,0.5607470870018005
kU6YY2z7z0I$_$10,Positive,Positive,1.0,0.7460089921951294,0.043067701160907745,0.3201257288455963,0.6368066072463989
kU6YY2z7z0I$_$5,Negative,Positive,-0.3333333432674408,0.061863675713539124,0.14104852080345154,0.41679617762565613,0.44215527176856995
kU6YY2z7z0I$_$4,Negative,Neutral,-1.3333333730697632,-0.16027511656284332,0.10057880729436874,0.7275541424751282,0.17186711728572845
kU6YY2z7z0I$_$9,Neutral,Neutral,0.0,0.256076455116272,0.09007898718118668,0.782856285572052,0.1270647794008255
kU6YY2z7z0I$_$8,Negative,Neutral,-1.0,-0.16022396087646484,0.04395002871751785,0.858319878578186,0.0977301076054573
kY64gXOapYk$_$0,Positive,Positive,0.6666666865348816,1.0949100255966187,0.019549712538719177,0.16817894577980042,0.8122713565826416
kZfcQ4a0kx4$_$21,Positive,Positive,1.3333333730697632,0.7014991044998169,0.06091981753706932,0.31445014476776123,0.6246300339698792
kZfcQ4a0kx4$_$0,Positive,Positive,2.0,1.0921635627746582,0.017985891550779343,0.40206819772720337,0.5799458622932434
kZfcQ4a0kx4$_$3,Positive,Positive,2.0,1.103497862815857,0.06321713328361511,0.28392261266708374,0.6528602838516235
kZfcQ4a0kx4$_$8,Positive,Positive,2.3333332538604736,1.4112797975540161,0.01731846295297146,0.14264966547489166,0.8400318622589111
kZfcQ4a0kx4$_$15,Positive,Positive,1.6666666269302368,1.132507085800171,0.023716069757938385,0.2244216352701187,0.7518622875213623
kcIGTPHEsNo$_$20,Positive,Positive,3.0,1.3655035495758057,0.024661293253302574,0.3014638423919678,0.6738747954368591
kcIGTPHEsNo$_$17,Positive,Positive,1.6666666269302368,1.338939905166626,0.03200114518404007,0.1802757978439331,0.7877230644226074
kcIGTPHEsNo$_$10,Positive,Positive,2.0,2.046787738800049,0.004330650437623262,0.0432773157954216,0.952392041683197
kddCewAsxfA$_$5,Positive,Positive,0.3333333432674408,0.7351782917976379,0.012483800761401653,0.29010847210884094,0.6974076628684998
kf3fZcx8nIo$_$2,Negative,Negative,-0.3333333432674408,-0.9766461253166199,0.6820312142372131,0.2585698962211609,0.05939891189336777
kh6eynD9OIk$_$10,Positive,Neutral,0.3333333432674408,-0.012981497682631016,0.18878434598445892,0.5823074579238892,0.22890830039978027
kh6eynD9OIk$_$5,Negative,Negative,-2.0,-2.006007432937622,0.9844010472297668,0.010074229910969734,0.005524686072021723
kh6eynD9OIk$_$6,Negative,Negative,-1.3333333730697632,-0.3824561834335327,0.5060362815856934,0.3487565219402313,0.14520716667175293
kiR5zVo2zvU$_$24,Positive,Positive,1.6666666269302368,1.352832317352295,0.007337319198995829,0.08618391305208206,0.906478762626648
kiR5zVo2zvU$_$14,Positive,Positive,1.0,0.2917337417602539,0.17537204921245575,0.36306998133659363,0.4615579843521118
kiR5zVo2zvU$_$17,Positive,Positive,0.6666666865348816,0.4624011218547821,0.04498499631881714,0.2501286566257477,0.7048863172531128
kj63uF0RhW8$_$7,Neutral,Positive,0.0,0.1123368889093399,0.3420577049255371,0.29999470710754395,0.35794752836227417
kjQAkrdbREk$_$1,Negative,Negative,-2.3333332538604736,0.05850667878985405,0.5763196349143982,0.06242751702666283,0.3612528443336487
kjQAkrdbREk$_$2,Positive,Positive,2.0,1.8415006399154663,0.00773190800100565,0.02368820272386074,0.968579888343811
kqXpf26EL-s$_$11,Positive,Positive,0.6666666865348816,1.0809522867202759,0.03630458563566208,0.2886877954006195,0.675007700920105
kqXpf26EL-s$_$3,Neutral,Neutral,0.0,0.16321764886379242,0.08884605020284653,0.6699725389480591,0.2411813735961914
kqXpf26EL-s$_$5,Neutral,Neutral,0.0,0.4953470528125763,0.04395046457648277,0.7713065147399902,0.1847430318593979
krHZuqfXrPU$_$22,Positive,Positive,1.6666666269302368,0.056567173451185226,0.3573791980743408,0.23114073276519775,0.4114800989627838
krHZuqfXrPU$_$28,Positive,Positive,2.0,1.6656041145324707,0.007257575169205666,0.03563462942838669,0.9571078419685364
krHZuqfXrPU$_$11,Negative,Neutral,-0.3333333432674408,0.07959358394145966,0.24902498722076416,0.5250442028045654,0.22593079507350922
krHZuqfXrPU$_$13,Neutral,Neutral,0.0,0.17279118299484253,0.13255348801612854,0.5313600897789001,0.3360865116119385
ku-dtUqCm2o$_$1,Negative,Negative,-0.6666666865348816,-0.014398904517292976,0.4105727970600128,0.3576698303222656,0.23175737261772156
kuQWPuhnlHs$_$5,Positive,Positive,1.3333333730697632,0.399707168340683,0.224908247590065,0.17964018881320953,0.5954515933990479
kuQWPuhnlHs$_$6,Positive,Positive,1.0,1.0094135999679565,0.026352262124419212,0.115891233086586,0.857756495475769
kwkhYpCHWPw$_$6,Positive,Neutral,0.6666666865348816,0.18411225080490112,0.015594777651131153,0.5690994262695312,0.41530582308769226
kx544gnOZB0$_$0,Negative,Neutral,-0.6666666865348816,-0.04080254212021828,0.18472285568714142,0.5960457921028137,0.21923130750656128
kxcCxbsKx3w$_$2,Positive,Positive,1.0,0.6495150327682495,0.07527539879083633,0.41819754242897034,0.5065271258354187
kxcCxbsKx3w$_$8,Positive,Positive,1.0,0.4250100255012512,0.3676581382751465,0.17667612433433533,0.4556657671928406
ky7Q5onqxGw$_$7,Negative,Neutral,-1.3333333730697632,-0.09589779376983643,0.3071139454841614,0.4407047927379608,0.25218117237091064
kyPepNmxaj8$_$2,Neutral,Neutral,0.0,-0.2662276029586792,0.18692007660865784,0.7623465657234192,0.05073339119553566
kz7ahNfXFsk$_$9,Positive,Positive,1.3333333730697632,0.47056275606155396,0.3117181658744812,0.27130359411239624,0.4169783294200897
kzmaKnujN64$_$1,Positive,Positive,0.3333333432674408,0.6432087421417236,0.03579865023493767,0.33343660831451416,0.6307647824287415
kzmaKnujN64$_$6,Negative,Negative,-0.3333333432674408,-0.4409930109977722,0.46126288175582886,0.40142616629600525,0.1373109370470047
l-nM_U1qpko$_$2,Positive,Positive,2.3333332538604736,1.4535809755325317,0.02194809354841709,0.043969880789518356,0.93408203125
l-nM_U1qpko$_$5,Positive,Positive,2.6666667461395264,1.1969032287597656,0.03200631961226463,0.07181312888860703,0.8961805105209351
l5_DDqck4Rs$_$0,Positive,Neutral,0.3333333432674408,0.04820025712251663,0.06290469318628311,0.6721327900886536,0.26496249437332153
l8LTcZJ-_8k$_$17,Positive,Positive,0.6666666865348816,1.8914575576782227,0.005559529177844524,0.037719033658504486,0.9567214250564575
l8LTcZJ-_8k$_$19,Positive,Neutral,0.3333333432674408,-0.22838962078094482,0.25031283497810364,0.44259950518608093,0.30708763003349304
lEsFI5YJGDo$_$5,Positive,Positive,2.0,0.38450029492378235,0.2448887676000595,0.2958684265613556,0.4592427909374237
lEsFI5YJGDo$_$7,Positive,Positive,1.3333333730697632,0.8833013772964478,0.04721573367714882,0.18933546543121338,0.7634488344192505
lEsFI5YJGDo$_$6,Positive,Positive,2.3333332538604736,1.1750288009643555,0.028895465657114983,0.15966318547725677,0.8114413022994995
lTfsqoo-jKg$_$4,Negative,Positive,-2.3333332538604736,0.651991605758667,0.07372314482927322,0.2993904650211334,0.6268864274024963
lTfsqoo-jKg$_$7,Neutral,Neutral,0.0,0.10642290115356445,0.2720252573490143,0.5237444043159485,0.20423033833503723
lUNNDDsm7R8$_$3,Positive,Positive,1.3333333730697632,0.9765347242355347,0.0475618876516819,0.08509447425603867,0.8673436641693115
lWvaIexY2WU$_$0,Negative,Neutral,-1.6666666269302368,0.09882158041000366,0.09194903075695038,0.6594290733337402,0.248621866106987
laxadgca3Fo$_$0,Positive,Positive,0.6666666865348816,0.6756945252418518,0.021336574107408524,0.3577369153499603,0.6209264993667603
lbx3eu8LUl8$_$4,Neutral,Neutral,0.0,-0.29986852407455444,0.258899062871933,0.6465466618537903,0.09455427527427673
ll10nEjTvGE$_$9,Positive,Positive,1.0,0.38456735014915466,0.20583230257034302,0.2727612257003784,0.5214065313339233
ll10nEjTvGE$_$8,Negative,Negative,-1.6666666269302368,-1.0966609716415405,0.8913732767105103,0.054019272327423096,0.05460744723677635
lp9vkkimXqg$_$12,Positive,Positive,0.6666666865348816,0.9619605541229248,0.03234980255365372,0.17053978145122528,0.797110378742218
lp9vkkimXqg$_$15,Positive,Positive,0.6666666865348816,1.0606484413146973,0.02819918654859066,0.26803159713745117,0.7037692070007324
lp9vkkimXqg$_$6,Neutral,Neutral,0.0,-0.0701930895447731,0.0714145377278328,0.7481516003608704,0.18043377995491028
lpF-yBYou0s$_$5,Neutral,Negative,0.0,-0.5030143857002258,0.6385376453399658,0.2962367534637451,0.0652255043387413
lpF-yBYou0s$_$6,Negative,Negative,-1.6666666269302368,-0.493415504693985,0.6728752851486206,0.2330215722322464,0.09410306811332703
luQfWSfb1s0$_$13,Positive,Positive,1.3333333730697632,1.4120510816574097,0.007315995171666145,0.11133648455142975,0.8813475966453552
luQfWSfb1s0$_$16,Neutral,Positive,0.0,0.6513552665710449,0.010787134058773518,0.3803572952747345,0.6088556051254272
luQfWSfb1s0$_$4,Positive,Positive,1.6666666269302368,1.6031230688095093,0.002591004827991128,0.07999887317419052,0.9174100756645203
luQfWSfb1s0$_$6,Positive,Positive,1.6666666269302368,1.017572283744812,0.00783300120383501,0.23988763988018036,0.7522794008255005
lzVA--tIse0$_$0,Positive,Positive,1.6666666269302368,1.1258705854415894,0.016130659729242325,0.11184074729681015,0.8720285892486572
lzyVWNrkgbQ$_$9,Negative,Negative,-0.3333333432674408,-0.7616755962371826,0.7080913186073303,0.21003326773643494,0.08187533169984818
m7SJs73SF8w$_$4,Positive,Positive,1.3333333730697632,0.8115786910057068,0.01736002415418625,0.3236611783504486,0.6589788198471069
m8tzdtrgFUA$_$12,Positive,Neutral,0.3333333432674408,0.3558155298233032,0.09516136348247528,0.47392070293426514,0.430917888879776
m8tzdtrgFUA$_$0,Positive,Neutral,1.0,0.3000681400299072,0.27035629749298096,0.4326198995113373,0.2970237731933594
m8tzdtrgFUA$_$2,Positive,Positive,0.3333333432674408,1.028454303741455,0.02486502192914486,0.19091978669166565,0.7842152118682861
m8tzdtrgFUA$_$5,Positive,Positive,1.3333333730697632,1.5243921279907227,0.00944107212126255,0.12439493089914322,0.8661640286445618
m8tzdtrgFUA$_$7,Neutral,Neutral,0.0,0.21219345927238464,0.05235359072685242,0.6518973708152771,0.29574909806251526
mHIvH6Nnrls$_$1,Neutral,Neutral,0.0,0.13307952880859375,0.19627328217029572,0.656501054763794,0.14722567796707153
mI50zj8cTNw$_$1,Neutral,Positive,0.0,0.38793349266052246,0.05644005909562111,0.37584245204925537,0.5677174925804138
mKP6TVuixWg$_$11,Negative,Neutral,-0.3333333432674408,-0.3195837140083313,0.33358344435691833,0.46498703956604004,0.20142953097820282
mKP6TVuixWg$_$18,Neutral,Neutral,0.0,0.1085895448923111,0.08891818672418594,0.5888436436653137,0.32223817706108093
mL2v-sODUZ8$_$11,Neutral,Neutral,0.0,0.19537769258022308,0.07338652014732361,0.5705987811088562,0.3560146987438202
mMeGgB9-hSE$_$10,Positive,Neutral,0.6666666865348816,0.42654964327812195,0.0230607520788908,0.5017845630645752,0.47515469789505005
mMeGgB9-hSE$_$13,Positive,Positive,1.3333333730697632,0.808260440826416,0.01939254440367222,0.4508422613143921,0.5297651886940002
mN1Z5xEOy10$_$4,Negative,Neutral,-0.6666666865348816,0.08531166613101959,0.17710641026496887,0.5767788887023926,0.24611470103263855
mQTaEIrNxnQ$_$11,Positive,Positive,0.6666666865348816,0.4869661331176758,0.04900919646024704,0.41827523708343506,0.5327155590057373
mRPIse3OO74$_$1,Negative,Negative,-0.6666666865348816,-0.38935017585754395,0.6003971099853516,0.2824132442474365,0.11718963086605072
mRnEJOLkhp8$_$2,Positive,Neutral,0.6666666865348816,0.2857763469219208,0.2569854259490967,0.396708607673645,0.3463059961795807
mSWwz7dXUP8$_$6,Positive,Positive,2.3333332538604736,0.5942991971969604,0.06968832015991211,0.22847655415534973,0.7018350958824158
mW8eL4e7Wrg$_$14,Neutral,Neutral,0.0,-0.29367029666900635,0.3140578269958496,0.48788490891456604,0.19805723428726196
mW8eL4e7Wrg$_$3,Positive,Positive,1.0,1.0411186218261719,0.013425356708467007,0.23307448625564575,0.7535001635551453
mW8eL4e7Wrg$_$2,Neutral,Neutral,0.0,-0.04141262173652649,0.06018529087305069,0.6669979691505432,0.2728167176246643
mW8eL4e7Wrg$_$6,Neutral,Neutral,0.0,-0.2169392704963684,0.22209355235099792,0.6156212091445923,0.1622852087020874
mW8eL4e7Wrg$_$15,Negative,Neutral,-0.3333333432674408,0.035391926765441895,0.2229006439447403,0.5846670866012573,0.19243223965168
maO6KmmgcB8$_$4,Negative,Neutral,-0.6666666865348816,-0.30725568532943726,0.3779011368751526,0.49580705165863037,0.12629187107086182
mgovo8VYtvk$_$24,Positive,Neutral,2.0,0.26209700107574463,0.22102101147174835,0.41900089383125305,0.3599780797958374
mgovo8VYtvk$_$20,Positive,Positive,1.6666666269302368,1.3247982263565063,0.008938468992710114,0.282308965921402,0.7087526321411133
mgovo8VYtvk$_$22,Positive,Positive,0.6666666865348816,0.012834347784519196,0.2714439034461975,0.3093256950378418,0.4192303419113159
mgovo8VYtvk$_$23,Positive,Neutral,1.3333333730697632,0.6488924622535706,0.12704382836818695,0.44864773750305176,0.4243084192276001
mgovo8VYtvk$_$29,Positive,Positive,1.6666666269302368,1.7303227186203003,0.004420656710863113,0.05835166200995445,0.937227725982666
mgovo8VYtvk$_$3,Positive,Positive,1.3333333730697632,1.2022850513458252,0.017933104187250137,0.22463145852088928,0.7574354410171509
mgovo8VYtvk$_$8,Positive,Neutral,2.0,0.37880802154541016,0.142961785197258,0.4954599142074585,0.3615783751010895
mgovo8VYtvk$_$13,Positive,Positive,0.6666666865348816,0.8968257308006287,0.034572914242744446,0.3425281345844269,0.6228989362716675
mgovo8VYtvk$_$12,Positive,Positive,2.3333332538604736,1.4472875595092773,0.0077791060321033,0.16124477982521057,0.8309761881828308
mgovo8VYtvk$_$30,Positive,Positive,2.6666667461395264,1.7226709127426147,0.008705269545316696,0.07200945913791656,0.9192852973937988
mgovo8VYtvk$_$37,Positive,Positive,1.6666666269302368,0.5845162868499756,0.15776360034942627,0.3707159459590912,0.47152039408683777
mgovo8VYtvk$_$34,Positive,Positive,0.6666666865348816,1.3687254190444946,0.010245145298540592,0.155976802110672,0.8337780833244324
mgpoY1-110U$_$1,Negative,Negative,-0.6666666865348816,-0.5765430927276611,0.5329563617706299,0.2873397171497345,0.1797039806842804
mgpoY1-110U$_$14,Positive,Positive,0.3333333432674408,0.4838055372238159,0.022205084562301636,0.3769797682762146,0.6008151769638062
mkkoJ2iVbGs$_$0,Positive,Positive,0.6666666865348816,0.7437117099761963,0.12210460007190704,0.2831551134586334,0.5947402715682983
mkkoJ2iVbGs$_$5,Neutral,Neutral,0.0,0.7039154171943665,0.029894301667809486,0.5737847685813904,0.39632099866867065
mkkoJ2iVbGs$_$4,Positive,Positive,1.3333333730697632,0.8868499994277954,0.08640604466199875,0.3344229459762573,0.5791710019111633
mn8_HvzbN5c$_$5,Neutral,Positive,0.0,0.45679691433906555,0.07516049593687057,0.2751394212245941,0.6497001051902771
mpfSRGHFY0g$_$3,Negative,Neutral,-0.3333333432674408,-0.388518750667572,0.3079938590526581,0.5616535544395447,0.13035260140895844
mrQIrm6hYMQ$_$1,Positive,Positive,1.3333333730697632,1.2639930248260498,0.013249658979475498,0.13232259452342987,0.854427695274353
mrQIrm6hYMQ$_$2,Positive,Positive,1.6666666269302368,1.3234165906906128,0.018938355147838593,0.0713723748922348,0.9096893072128296
muOYAxkG-Zo$_$15,Positive,Neutral,0.3333333432674408,0.004876218270510435,0.14815013110637665,0.7030845284461975,0.14876523613929749
muOYAxkG-Zo$_$6,Neutral,Neutral,0.0,-0.14286905527114868,0.06758695095777512,0.7519767880439758,0.18043628334999084
mud6tEqFiEM$_$2,Positive,Positive,0.6666666865348816,0.711127758026123,0.016253452748060226,0.4048306941986084,0.5789158344268799
mud6tEqFiEM$_$5,Positive,Positive,1.6666666269302368,0.5604938268661499,0.038308411836624146,0.413278192281723,0.5484134554862976
mw_ZwML0SbY$_$0,Neutral,Positive,0.0,-0.06021726876497269,0.21203219890594482,0.3890458345413208,0.3989219665527344
mw_ZwML0SbY$_$2,Positive,Neutral,0.3333333432674408,-0.3011776804924011,0.23248694837093353,0.5407004952430725,0.22681254148483276
mxFU6TrHChY$_$11,Negative,Negative,-1.6666666269302368,-1.186833381652832,0.9311906099319458,0.03592667728662491,0.03288274258375168
mxFU6TrHChY$_$0,Negative,Negative,-0.6666666865348816,-0.9995788335800171,0.8548852801322937,0.08928459137678146,0.05583007633686066
mxFU6TrHChY$_$8,Neutral,Positive,0.0,0.2715066075325012,0.09518837183713913,0.44492751359939575,0.4598841071128845
mxa4KXSz9rw$_$0,Positive,Neutral,0.6666666865348816,0.6097704172134399,0.028330709785223007,0.6681519150733948,0.3035174012184143
mxa4KXSz9rw$_$6,Positive,Neutral,0.3333333432674408,0.49107420444488525,0.03497081622481346,0.5845623016357422,0.3804668188095093
mzTHW2dtbs4$_$8,Neutral,Positive,0.0,0.45688360929489136,0.0721411183476448,0.4127020537853241,0.5151568651199341
mziQcFSsdRI$_$4,Positive,Positive,1.6666666269302368,1.4469659328460693,0.01478355098515749,0.21828331053256989,0.7669331431388855
n-sgVVTE9Io$_$0,Positive,Positive,0.3333333432674408,0.9381088018417358,0.022697774693369865,0.3467322587966919,0.6305699944496155
n4xRx0J3rYQ$_$10,Positive,Neutral,1.0,0.6589689254760742,0.06599844992160797,0.4845638871192932,0.4494377076625824
n4xRx0J3rYQ$_$0,Positive,Positive,1.0,1.637661337852478,0.006318977102637291,0.10734464973211288,0.8863363265991211
n4xRx0J3rYQ$_$4,Negative,Positive,-0.3333333432674408,0.48406827449798584,0.142350435256958,0.20882000029087067,0.6488295197486877
n5MU2-GFjo8$_$1,Neutral,Negative,0.0,-0.8811905980110168,0.7566375136375427,0.1826588362455368,0.06070368364453316
n7K5SpMrQt0$_$17,Negative,Neutral,-0.3333333432674408,-0.5897440910339355,0.4613083004951477,0.4722026288509369,0.0664890855550766
nD1R4UedEDo$_$10,Positive,Positive,0.6666666865348816,0.6270459890365601,0.22432714700698853,0.2128891497850418,0.5627837181091309
nD1R4UedEDo$_$1,Negative,Negative,-1.0,-0.7685135006904602,0.5720329880714417,0.37016579508781433,0.05780122056603432
nD1R4UedEDo$_$2,Positive,Neutral,1.3333333730697632,-0.0006881095468997955,0.0532221682369709,0.6874834299087524,0.25929445028305054
nD1R4UedEDo$_$4,Positive,Neutral,0.3333333432674408,-0.030104560777544975,0.16437892615795135,0.6456145644187927,0.1900065690279007
nDXKvarLEOM$_$3,Positive,Negative,1.0,-0.8582451939582825,0.7821952104568481,0.17473576962947845,0.04306899011135101
nErOMpqvcRg$_$7,Positive,Positive,1.3333333730697632,1.1091479063034058,0.05490348860621452,0.09046146273612976,0.8546350598335266
nHP7l5zAwGA$_$0,Positive,Positive,1.6666666269302368,1.0173934698104858,0.02223622426390648,0.28812000155448914,0.6896438002586365
nHP7l5zAwGA$_$8,Negative,Negative,-1.3333333730697632,-0.46142101287841797,0.49216026067733765,0.4331893026828766,0.07465038448572159
nISNBD3I95A$_$0,Positive,Positive,0.6666666865348816,0.847396194934845,0.17792922258377075,0.22998236119747162,0.5920884013175964
nKiC9sEP2vM$_$5,Positive,Positive,0.3333333432674408,0.4812660217285156,0.039498958736658096,0.24280554056167603,0.7176954746246338
nM5S3xxNOlQ$_$10,Positive,Positive,1.6666666269302368,0.6072311401367188,0.1343538463115692,0.30081281065940857,0.5648333430290222
nM5S3xxNOlQ$_$0,Neutral,Neutral,0.0,0.4311484098434448,0.04432814195752144,0.5875834226608276,0.36808836460113525
nM5S3xxNOlQ$_$3,Positive,Positive,0.3333333432674408,0.38048824667930603,0.07774616777896881,0.39659255743026733,0.5256612300872803
nM5S3xxNOlQ$_$7,Positive,Neutral,0.3333333432674408,-0.6020395755767822,0.22195816040039062,0.7058377861976624,0.07220413535833359
nM5S3xxNOlQ$_$9,Neutral,Neutral,0.0,0.6353998780250549,0.046801771968603134,0.7237948775291443,0.22940337657928467
nTBKtwqPIYw$_$7,Neutral,Positive,0.0,0.36287957429885864,0.015068423934280872,0.4531814157962799,0.5317502021789551
ngp7s5Wvde0$_$11,Positive,Positive,2.0,1.0832250118255615,0.030451588332653046,0.1462264060974121,0.8233219981193542
ngp7s5Wvde0$_$3,Positive,Positive,1.3333333730697632,0.6594947576522827,0.07051308453083038,0.30758094787597656,0.6219059228897095
ngp7s5Wvde0$_$8,Positive,Positive,2.0,1.034746527671814,0.048491816967725754,0.12722148001194,0.8242867588996887
npIVLL_fTf0$_$13,Negative,Negative,-2.6666667461395264,-2.1349830627441406,0.969283401966095,0.020370526239275932,0.010345960967242718
npIVLL_fTf0$_$12,Negative,Negative,-1.0,-0.9798057675361633,0.7949300408363342,0.11616058647632599,0.08890946954488754
npIVLL_fTf0$_$17,Negative,Negative,-1.6666666269302368,-1.15016770362854,0.8195555806159973,0.12274264544248581,0.057701800018548965
nsLACXjD4KU$_$3,Negative,Negative,-0.6666666865348816,-0.1885664016008377,0.5295199751853943,0.3565528690814972,0.11392717063426971
nsLACXjD4KU$_$2,Neutral,Negative,0.0,-0.44095146656036377,0.6241438984870911,0.15840183198451996,0.21745425462722778
nw6Kf3AtCz4$_$21,Positive,Positive,1.6666666269302368,0.8340867161750793,0.03414378687739372,0.21376200020313263,0.7520941495895386
nw6Kf3AtCz4$_$23,Positive,Neutral,1.6666666269302368,-0.049835700541734695,0.12578897178173065,0.48628169298171997,0.38792935013771057
nw6Kf3AtCz4$_$28,Positive,Positive,1.0,0.29313600063323975,0.02697281911969185,0.43188345432281494,0.5411436557769775
nw6Kf3AtCz4$_$4,Positive,Negative,0.3333333432674408,-0.3933761715888977,0.5725103616714478,0.2694986164569855,0.1579909771680832
nw6Kf3AtCz4$_$8,Positive,Positive,1.3333333730697632,0.8490022420883179,0.0463385134935379,0.2023959457874298,0.7512655258178711
nw6Kf3AtCz4$_$15,Positive,Positive,1.0,0.6627649068832397,0.06578508764505386,0.3466348350048065,0.5875800848007202
nw6Kf3AtCz4$_$18,Positive,Neutral,0.6666666865348816,0.03250114619731903,0.03307975083589554,0.6798527836799622,0.2870674431324005
nw6Kf3AtCz4$_$33,Positive,Positive,2.0,0.9653493165969849,0.039563119411468506,0.11673612892627716,0.8437007665634155
nz2vkMyqfeE$_$15,Positive,Positive,0.3333333432674408,0.7094761729240417,0.08589896559715271,0.32865142822265625,0.5854496359825134
nz2vkMyqfeE$_$4,Positive,Positive,1.3333333730697632,0.8286372423171997,0.09196019917726517,0.1858377605676651,0.7222020626068115
o2miCpS7Hwo$_$6,Positive,Positive,1.3333333730697632,0.5297960638999939,0.09388177841901779,0.30166521668434143,0.6044529676437378
o4b7hjQwpv0$_$5,Positive,Positive,0.3333333432674408,1.094896674156189,0.022114815190434456,0.27182188630104065,0.7060632705688477
o4b7hjQwpv0$_$6,Neutral,Neutral,0.0,0.17264454066753387,0.13191117346286774,0.6321597099304199,0.23592901229858398
o4b7hjQwpv0$_$8,Positive,Positive,0.6666666865348816,1.291127324104309,0.015557357110083103,0.10324537009000778,0.8811973333358765
o63doZKEIds$_$1,Negative,Negative,-1.3333333730697632,-1.0152782201766968,0.9400746822357178,0.03474229946732521,0.02518306113779545
o63doZKEIds$_$3,Negative,Negative,-0.3333333432674408,-0.33697620034217834,0.5233961343765259,0.3064842224121094,0.17011958360671997
o63doZKEIds$_$9,Positive,Positive,0.3333333432674408,0.2604455053806305,0.16839739680290222,0.41565194725990295,0.4159506857395172
oANUXY3xXKM$_$2,Negative,Negative,-1.0,-0.8323887586593628,0.6603639125823975,0.23257184028625488,0.10706420987844467
oCsrnIomHos$_$11,Negative,Negative,-0.3333333432674408,-1.2680132389068604,0.8327333927154541,0.13129952549934387,0.035967178642749786
oDznO5w3v0U$_$3,Neutral,Neutral,0.0,0.041402462869882584,0.08278430253267288,0.6938437223434448,0.2233719825744629
oDznO5w3v0U$_$6,Positive,Positive,1.0,0.8037573099136353,0.03588010370731354,0.35609671473503113,0.6080231070518494
oGnKsroR0R0$_$13,Negative,Negative,-2.0,-1.625964879989624,0.9439239501953125,0.03747191280126572,0.018604140728712082
oGnKsroR0R0$_$14,Neutral,Positive,0.0,1.0117677450180054,0.12119408696889877,0.13280048966407776,0.7460053563117981
oHV99Y_EWfI$_$12,Positive,Negative,1.0,-0.6020580530166626,0.7017874717712402,0.20544447004795074,0.09276802092790604
oHV99Y_EWfI$_$19,Positive,Neutral,0.6666666865348816,0.1526237428188324,0.12880264222621918,0.4889981150627136,0.382199227809906
oK951Y2N_k0$_$1,Negative,Neutral,-0.3333333432674408,-0.2959723472595215,0.15409386157989502,0.6368197798728943,0.2090863734483719
oNCvb0F-c88$_$6,Neutral,Negative,0.0,-0.3078603148460388,0.69673752784729,0.15688517689704895,0.1463773101568222
oOhxCwkZsUI$_$0,Neutral,Neutral,0.0,0.1006714254617691,0.036059606820344925,0.7567384839057922,0.2072020024061203
oPvUDLhTrjI$_$11,Positive,Positive,1.0,0.1292613297700882,0.1392311006784439,0.3925613462924957,0.4682075083255768
oPvUDLhTrjI$_$13,Positive,Positive,2.3333332538604736,1.5589830875396729,0.013445875607430935,0.05381480231881142,0.9327393174171448
oVqBUyKvgdU$_$7,Negative,Negative,-0.3333333432674408,-0.20882639288902283,0.42831113934516907,0.3693629503250122,0.2023259550333023
oW1OEsP7Dds$_$8,Negative,Neutral,-0.3333333432674408,-0.11218006908893585,0.1392546445131302,0.6405432224273682,0.22020217776298523
oW1OEsP7Dds$_$12,Neutral,Neutral,0.0,0.333204060792923,0.05975303798913956,0.5641218423843384,0.37612512707710266
oWAyEzyp2xQ$_$15,Negative,Negative,-1.6666666269302368,-1.101258635520935,0.7686397433280945,0.189897820353508,0.04146246984601021
obnOnuzb-Xw$_$1,Negative,Negative,-0.3333333432674408,0.014954408630728722,0.542485237121582,0.18982765078544617,0.2676871418952942
ogGweZUAVtU$_$51,Neutral,Neutral,0.0,0.20066209137439728,0.09000585973262787,0.7093420624732971,0.20065218210220337
ogGweZUAVtU$_$20,Positive,Negative,0.3333333432674408,-0.533444344997406,0.5092841386795044,0.23105701804161072,0.2596588432788849
ogGweZUAVtU$_$49,Positive,Neutral,0.3333333432674408,-0.18744534254074097,0.07629603892564774,0.7997130751609802,0.12399089336395264
ogGweZUAVtU$_$46,Negative,Neutral,-0.3333333432674408,-0.35459452867507935,0.10505498200654984,0.8207553625106812,0.07418972253799438
ogGweZUAVtU$_$40,Neutral,Neutral,0.0,-0.459686279296875,0.29856792092323303,0.5875937342643738,0.11383840441703796
ogGweZUAVtU$_$7,Positive,Neutral,0.6666666865348816,0.5830262303352356,0.02228887565433979,0.6094330549240112,0.36827799677848816
ogGweZUAVtU$_$9,Neutral,Neutral,0.0,0.09074653685092926,0.08673686534166336,0.7393060922622681,0.17395707964897156
ogGweZUAVtU$_$38,Positive,Neutral,1.0,-0.23445075750350952,0.1730351746082306,0.6375382542610168,0.18942657113075256
ogGweZUAVtU$_$10,Neutral,Neutral,0.0,-0.07180439680814743,0.03925257548689842,0.8390557765960693,0.12169152498245239
ogGweZUAVtU$_$17,Neutral,Neutral,0.0,0.06926967203617096,0.03281589597463608,0.8109930753707886,0.15619106590747833
ogGweZUAVtU$_$37,Negative,Negative,-0.3333333432674408,-0.8996896147727966,0.6198495626449585,0.3412456810474396,0.038904763758182526
ogGweZUAVtU$_$36,Negative,Negative,-0.3333333432674408,-0.9016686677932739,0.744413435459137,0.20677721500396729,0.048809416592121124
ogGweZUAVtU$_$32,Positive,Neutral,0.6666666865348816,0.3014163374900818,0.032447002828121185,0.7379441261291504,0.22960886359214783
oj7A8mpuBeQ$_$11,Positive,Positive,0.3333333432674408,0.38284116983413696,0.13650543987751007,0.33014655113220215,0.533348023891449
oj7A8mpuBeQ$_$5,Positive,Positive,0.6666666865348816,1.258840560913086,0.013301444239914417,0.09703726321458817,0.8896612524986267
olcPEN9x5VY$_$2,Positive,Positive,0.3333333432674408,0.5732343196868896,0.027424652129411697,0.3764157295227051,0.5961596965789795
olcPEN9x5VY$_$7,Positive,Positive,1.0,0.6647219657897949,0.10966631025075912,0.2521038055419922,0.6382298469543457
olcPEN9x5VY$_$9,Positive,Positive,2.3333332538604736,1.5983352661132812,0.01886497437953949,0.021075887605547905,0.9600591659545898
olcPEN9x5VY$_$8,Positive,Neutral,1.0,0.3046465516090393,0.10591152310371399,0.543683648109436,0.3504047691822052
omBcvw7izuM$_$10,Positive,Neutral,1.3333333730697632,-0.2457284927368164,0.2665245234966278,0.5770785212516785,0.1563969850540161
omBcvw7izuM$_$17,Neutral,Negative,0.0,-0.5164170861244202,0.6477094292640686,0.27913784980773926,0.07315267622470856
omBcvw7izuM$_$2,Neutral,Negative,0.0,-0.3159988522529602,0.45094022154808044,0.37243711948394775,0.17662259936332703
omBcvw7izuM$_$6,Positive,Negative,0.6666666865348816,-0.29726821184158325,0.6218376159667969,0.19262251257896423,0.1855398416519165
omHQ68k50XY$_$8,Negative,Negative,-1.3333333730697632,-0.41290295124053955,0.6528269052505493,0.2414059191942215,0.10576721280813217
ouhCx4TgHlE$_$1,Negative,Negative,-0.3333333432674408,-0.7247375249862671,0.696549654006958,0.25568363070487976,0.047766704112291336
ouhCx4TgHlE$_$0,Negative,Negative,-1.0,-0.45193052291870117,0.48685985803604126,0.4115360379219055,0.101604163646698
ouhCx4TgHlE$_$2,Negative,Negative,-1.0,-0.8218984007835388,0.6567864418029785,0.2861316204071045,0.0570819117128849
owT0_Xfu8a0$_$0,Positive,Positive,0.3333333432674408,1.1900829076766968,0.02696807123720646,0.10951847583055496,0.8635134100914001
oyHKiX5YGDE$_$10,Negative,Neutral,-0.3333333432674408,-0.06196008622646332,0.1938270628452301,0.5320656895637512,0.27410727739334106
oyHKiX5YGDE$_$15,Negative,Negative,-0.3333333432674408,-0.9357357025146484,0.6441915035247803,0.3027805984020233,0.053027812391519547
p18PVgfxook$_$3,Neutral,Neutral,0.0,0.18055593967437744,0.08034142851829529,0.6111095547676086,0.30854901671409607
p19Hsjx2xgI$_$8,Neutral,Neutral,0.0,-0.35729897022247314,0.19547297060489655,0.6902951002120972,0.11423195153474808
p5LEk2u8tXk$_$13,Positive,Positive,1.6666666269302368,1.4277586936950684,0.012783171609044075,0.12343383580446243,0.8637830018997192
p5LEk2u8tXk$_$4,Positive,Positive,0.6666666865348816,0.8774373531341553,0.0565970279276371,0.1931120753288269,0.7502909302711487
pAclBdj20ZU$_$10,Positive,Neutral,1.0,0.6221575736999512,0.025737959891557693,0.513900101184845,0.46036186814308167
pAclBdj20ZU$_$0,Negative,Negative,-0.3333333432674408,-0.5515953898429871,0.8478920459747314,0.10894547402858734,0.04316256195306778
pAclBdj20ZU$_$6,Neutral,Neutral,0.0,-0.3196520209312439,0.2009034901857376,0.6518523693084717,0.1472441703081131
pAclBdj20ZU$_$8,Positive,Neutral,1.0,0.6192160844802856,0.03385143354535103,0.5395193099975586,0.42662927508354187
pFh-SLxltms$_$14,Positive,Neutral,0.6666666865348816,-0.4420948624610901,0.31899452209472656,0.45426079630851746,0.2267446517944336
pFh-SLxltms$_$23,Positive,Positive,2.0,0.45572376251220703,0.11667531728744507,0.4059314727783203,0.477393239736557
pFh-SLxltms$_$16,Positive,Positive,1.6666666269302368,0.6043736338615417,0.023620273917913437,0.2856064736843109,0.6907732486724854
pFh-SLxltms$_$1,Positive,Neutral,0.3333333432674408,0.1877615600824356,0.07248687744140625,0.5965062379837036,0.33100688457489014
pFh-SLxltms$_$9,Positive,Positive,0.3333333432674408,0.35761237144470215,0.03055180050432682,0.3814169466495514,0.5880312323570251
pIMByitigYI$_$10,Positive,Positive,0.6666666865348816,1.1578774452209473,0.024890605360269547,0.12323348224163055,0.851875901222229
pU-MjERGTUk$_$6,Positive,Positive,1.0,0.8926248550415039,0.11990769952535629,0.08826707303524017,0.7918251752853394
pVzHaakhKAw$_$0,Positive,Positive,0.3333333432674408,0.7821186780929565,0.02486795373260975,0.27829432487487793,0.6968377232551575
pVzHaakhKAw$_$5,Negative,Negative,-0.3333333432674408,-0.20323441922664642,0.5876702666282654,0.1799418032169342,0.2323879450559616
pbFwuNCQlH8$_$3,Neutral,Neutral,0.0,0.27033549547195435,0.14499349892139435,0.6166483759880066,0.2383580505847931
pbFwuNCQlH8$_$7,Neutral,Neutral,0.0,0.7426217198371887,0.07314769923686981,0.4938988983631134,0.43295344710350037
pf-78LF4ORE$_$22,Neutral,Positive,0.0,0.37578368186950684,0.04923606663942337,0.4307105541229248,0.5200533866882324
pfCPogxnUfw$_$26,Positive,Positive,1.0,1.177721619606018,0.16499696671962738,0.08079517632722855,0.7542079091072083
pfCPogxnUfw$_$8,Neutral,Negative,0.0,-0.23266223073005676,0.46534109115600586,0.29369056224823,0.2409682720899582
pjWLxORDDP4$_$2,Positive,Positive,2.3333332538604736,2.0222396850585938,0.007463675457984209,0.013099090196192265,0.9794372916221619
pqAGD3ijMPw$_$9,Negative,Negative,-1.0,-1.0229003429412842,0.8217014670372009,0.11050225049257278,0.06779628992080688
pu1C7tmYHxI$_$2,Positive,Positive,1.0,0.8653632402420044,0.03500981628894806,0.3080863654613495,0.6569038033485413
puum3vabpb4$_$15,Negative,Negative,-0.6666666865348816,-0.7349837422370911,0.549449622631073,0.37554460763931274,0.07500570267438889
pvlmYjQdRmA$_$0,Neutral,Neutral,0.0,0.18985629081726074,0.11022226512432098,0.5752214789390564,0.3145562410354614
pwj9YeMJC08$_$15,Negative,Negative,-1.0,-1.0745596885681152,0.6937686800956726,0.2441382259130478,0.06209304928779602
q-0gu48ClF4$_$2,Positive,Positive,0.3333333432674408,0.6522278785705566,0.19843599200248718,0.15542922914028168,0.6461347341537476
q1_knonj0Lw$_$17,Negative,Negative,-0.6666666865348816,-0.5448157787322998,0.692287027835846,0.22112180292606354,0.0865911915898323
q1_knonj0Lw$_$16,Positive,Positive,1.3333333730697632,0.7171629667282104,0.07052279263734818,0.3151749074459076,0.6143022179603577
q1_knonj0Lw$_$4,Positive,Negative,0.3333333432674408,-0.492450475692749,0.7374605536460876,0.18801043927669525,0.07452902942895889
q1_knonj0Lw$_$7,Positive,Neutral,1.0,0.49060630798339844,0.16917908191680908,0.4953838884830475,0.33543702960014343
q3QUybiOYeU$_$0,Positive,Neutral,0.3333333432674408,0.019040780141949654,0.06194311007857323,0.6546225547790527,0.2834344208240509
q4hP2j7oewo$_$1,Negative,Negative,-0.3333333432674408,-0.7108770608901978,0.6712095141410828,0.2840946912765503,0.04469577968120575
q7BxnIM2_z0$_$5,Positive,Positive,2.0,0.9545461535453796,0.03594541549682617,0.34588319063186646,0.6181713938713074
qEkFReBuwxc$_$20,Positive,Neutral,1.6666666269302368,0.41319769620895386,0.2079058140516281,0.4175451695919037,0.37454894185066223
qFppeQvdfxI$_$5,Positive,Positive,1.0,1.527389645576477,0.009114934131503105,0.10334977507591248,0.8875352740287781
qFppeQvdfxI$_$7,Positive,Positive,1.6666666269302368,1.4326846599578857,0.005045431200414896,0.11451708525419235,0.8804375529289246
qFppeQvdfxI$_$8,Positive,Positive,1.0,0.5142368078231812,0.02723410166800022,0.42370158433914185,0.5490642786026001
qJBQH14qtHc$_$26,Positive,Positive,1.6666666269302368,0.7033919095993042,0.1257961541414261,0.2715839147567749,0.6026199460029602
qJZlp9uxoTU$_$10,Neutral,Neutral,0.0,-0.1846844106912613,0.12250103056430817,0.7331551909446716,0.144343763589859
qJZlp9uxoTU$_$17,Negative,Positive,-0.3333333432674408,0.32197105884552,0.33719396591186523,0.25014713406562805,0.4126589000225067
qJZlp9uxoTU$_$18,Negative,Positive,-0.3333333432674408,0.4943389296531677,0.1513110250234604,0.16611248254776,0.6825765371322632
qJh6x4wmmh8$_$0,Negative,Negative,-0.3333333432674408,-0.6424139738082886,0.7081023454666138,0.14849473536014557,0.14340296387672424
qP4uuMI-JSk$_$3,Positive,Positive,0.6666666865348816,1.1394129991531372,0.05153590068221092,0.15291723608970642,0.79554682970047
qP4uuMI-JSk$_$4,Positive,Neutral,2.0,0.7938430309295654,0.04729040339589119,0.4764172434806824,0.47629237174987793
qYJtbgLqizk$_$1,Positive,Positive,2.6666667461395264,1.5459104776382446,0.007670315448194742,0.2720182538032532,0.7203114628791809
qd6YuFGcBGk$_$12,Positive,Positive,1.0,0.8359247446060181,0.015605585649609566,0.3819153606891632,0.602479100227356
qd6YuFGcBGk$_$0,Positive,Positive,1.3333333730697632,1.1738942861557007,0.010764284059405327,0.1210416629910469,0.868194043636322
qjMyjLSORY4$_$20,Positive,Positive,2.3333332538604736,1.3074239492416382,0.015918603166937828,0.10999355465173721,0.8740878701210022
qjMyjLSORY4$_$29,Positive,Positive,0.3333333432674408,0.5809641480445862,0.010605334304273129,0.28286969661712646,0.7065249085426331
qjMyjLSORY4$_$1,Positive,Positive,2.0,0.40586981177330017,0.029137883335351944,0.45496365427970886,0.5158984661102295
qjMyjLSORY4$_$33,Positive,Positive,1.0,1.0174057483673096,0.006787641905248165,0.1511727273464203,0.8420396447181702
qjMyjLSORY4$_$2,Positive,Positive,2.3333332538604736,0.4882633090019226,0.032144445925951004,0.343334436416626,0.6245210766792297
qjMyjLSORY4$_$5,Neutral,Positive,0.0,0.1429087072610855,0.06402391940355301,0.331818163394928,0.6041579246520996
qkWdc-E6jGI$_$21,Positive,Neutral,1.0,0.4235941171646118,0.14459480345249176,0.5358534455299377,0.3195517659187317
qkWdc-E6jGI$_$6,Neutral,Neutral,0.0,-0.09224651008844376,0.3072909116744995,0.5700767636299133,0.12263233959674835
qlDT-bmIzQI$_$4,Positive,Positive,3.0,1.739150047302246,0.007364292629063129,0.05775421857833862,0.9348814487457275
qlDiE1d45Bc$_$5,Positive,Neutral,0.3333333432674408,-0.12501594424247742,0.199133962392807,0.5496846437454224,0.25118139386177063
qpht9L3s9G4$_$3,Positive,Neutral,0.6666666865348816,-0.053090404719114304,0.211290642619133,0.6150686740875244,0.17364074289798737
qrI7XCKRFNk$_$3,Neutral,Neutral,0.0,-0.3300993740558624,0.33728018403053284,0.48923248052597046,0.17348738014698029
qrI7XCKRFNk$_$5,Negative,Negative,-0.3333333432674408,-0.688374400138855,0.5109662413597107,0.40287071466445923,0.08616304397583008
qrI7XCKRFNk$_$4,Neutral,Negative,0.0,-0.43359294533729553,0.4755810797214508,0.4057219624519348,0.11869696527719498
qszy_WSRFUM$_$10,Positive,Positive,1.3333333730697632,1.304453730583191,0.008478639647364616,0.17624501883983612,0.8152763247489929
qvIhzmujTi8$_$14,Neutral,Positive,0.0,0.5297278165817261,0.1337565928697586,0.24023276567459106,0.6260106563568115
qyJiDgtj6YE$_$4,Positive,Neutral,1.0,0.3890165090560913,0.13370424509048462,0.46854451298713684,0.3977512717247009
r1erb5PSm1A$_$2,Positive,Positive,1.6666666269302368,0.16392745077610016,0.1865222305059433,0.30686792731285095,0.5066098570823669
r4ul1wl_1T8$_$9,Neutral,Positive,0.0,1.0502421855926514,0.02606513351202011,0.29168805480003357,0.6822468042373657
r8OPmbZZlpE$_$3,Positive,Positive,1.0,1.0773433446884155,0.049722351133823395,0.42752566933631897,0.5227519869804382
r917wP1qsL4$_$6,Positive,Neutral,0.3333333432674408,-0.15805171430110931,0.42065349221229553,0.4322190582752228,0.1471274048089981
rApOTQgFW6Y$_$6,Positive,Neutral,0.6666666865348816,0.0218325387686491,0.11982306838035583,0.6301122903823853,0.2500646710395813
rB6WmWvvyxg$_$1,Negative,Negative,-0.6666666865348816,-0.8807294368743896,0.8553307056427002,0.10886122286319733,0.035808056592941284
rB6WmWvvyxg$_$3,Neutral,Neutral,0.0,0.45205157995224,0.157180517911911,0.5497580170631409,0.2930614650249481
rB6WmWvvyxg$_$2,Neutral,Neutral,0.0,0.028742846101522446,0.34070053696632385,0.5135687589645386,0.14573079347610474
rB6WmWvvyxg$_$8,Negative,Negative,-0.3333333432674408,-0.18648001551628113,0.4821542799472809,0.18963009119033813,0.3282155990600586
rBWeo_rEdcU$_$6,Positive,Neutral,0.3333333432674408,0.08939000964164734,0.06619437783956528,0.6089406609535217,0.3248648941516876
rBWeo_rEdcU$_$8,Neutral,Positive,0.0,0.5892643928527832,0.02966230921447277,0.4262803792953491,0.5440572500228882
rC7qKZMKa0U$_$0,Positive,Positive,0.3333333432674408,0.8326086401939392,0.028331130743026733,0.302241712808609,0.6694270968437195
rCQYq4T8SEI$_$7,Negative,Positive,-0.6666666865348816,0.352212518453598,0.3486340343952179,0.11825358122587204,0.5331124067306519
rCQYq4T8SEI$_$0,Positive,Positive,1.0,0.8271793127059937,0.04222117364406586,0.3837207555770874,0.5740580558776855
rEWQW_ibDwg$_$7,Positive,Neutral,0.3333333432674408,-0.050754740834236145,0.2332838624715805,0.46085965633392334,0.30585649609565735
rFHIApgUtoI$_$1,Positive,Positive,0.3333333432674408,0.12306457757949829,0.30498403310775757,0.2767660319805145,0.41825002431869507
rFHIApgUtoI$_$5,Positive,Positive,0.6666666865348816,0.6782864928245544,0.048917256295681,0.2100786715745926,0.7410041093826294
rLHJ_ebXCHQ$_$3,Positive,Neutral,0.6666666865348816,-0.12044452130794525,0.08756306022405624,0.7641531825065613,0.1482837051153183
raQ9Pcgo-II$_$3,Negative,Negative,-1.3333333730697632,-1.2041339874267578,0.7789027094841003,0.18857446312904358,0.0325227826833725
rexJoy4RMdY$_$4,Neutral,Neutral,0.0,-0.2661533057689667,0.1610666960477829,0.6893591284751892,0.1495741903781891
rsQRiALH5FU$_$11,Positive,Positive,0.6666666865348816,-0.15654875338077545,0.32621902227401733,0.3259257674217224,0.34785518050193787
rsQRiALH5FU$_$10,Positive,Neutral,0.6666666865348816,0.3693087100982666,0.1055944487452507,0.5836640000343323,0.31074151396751404
rsQRiALH5FU$_$4,Positive,Neutral,2.0,0.4435759484767914,0.07960770279169083,0.6279836297035217,0.29240867495536804
rvQ2cRnroOU$_$20,Positive,Positive,0.3333333432674408,0.7788936495780945,0.027001459151506424,0.2941783666610718,0.6788201928138733
rvQ2cRnroOU$_$2,Positive,Neutral,0.6666666865348816,-0.038490258157253265,0.16082365810871124,0.6903319954872131,0.14884428679943085
rvQ2cRnroOU$_$9,Negative,Negative,-1.0,-0.6439196467399597,0.5214949250221252,0.3904019296169281,0.08810316026210785
rwe-hBNpzH8$_$1,Negative,Neutral,-0.3333333432674408,-0.43098872900009155,0.3372480869293213,0.4988986849784851,0.16385319828987122
rz4Ax6xfZHQ$_$8,Positive,Positive,2.0,0.7663831114768982,0.06437472999095917,0.2899514138698578,0.6456738710403442
s1Yo_MCiMPc$_$12,Neutral,Neutral,0.0,-0.035224080085754395,0.1757693737745285,0.6140064001083374,0.21022431552410126
s1Yo_MCiMPc$_$5,Neutral,Positive,0.0,0.7215434908866882,0.0501662977039814,0.259520024061203,0.6903136372566223
s53UAEi7JEY$_$9,Neutral,Positive,0.0,0.6118384599685669,0.0324244499206543,0.3556549549102783,0.6119205951690674
sC1NvtirijU$_$22,Positive,Positive,2.3333332538604736,1.7929891347885132,0.011416729539632797,0.03421209380030632,0.9543712139129639
sC1NvtirijU$_$3,Positive,Positive,0.3333333432674408,1.1836779117584229,0.013797562569379807,0.1059611439704895,0.8802412748336792
sC1NvtirijU$_$16,Positive,Positive,0.6666666865348816,0.6737135052680969,0.031304050236940384,0.33150285482406616,0.6371930837631226
sC1NvtirijU$_$19,Positive,Positive,0.6666666865348816,0.9411067962646484,0.030831027776002884,0.12244435399770737,0.8467246890068054
sFLTjqVS7AE$_$0,Positive,Neutral,1.6666666269302368,1.0769493579864502,0.05832049995660782,0.6497558951377869,0.2919236123561859
sFLTjqVS7AE$_$5,Positive,Positive,1.0,1.3492562770843506,0.006707209162414074,0.08774738013744354,0.9055454134941101
sFxUNO2HOKY$_$5,Positive,Positive,2.0,1.6717504262924194,0.026117980480194092,0.06773188710212708,0.9061501622200012
sIGAq2J4KKI$_$1,Positive,Positive,0.3333333432674408,0.2694985866546631,0.056482911109924316,0.4558185040950775,0.4876985251903534
sKwPCpFtUUI$_$6,Neutral,Neutral,0.0,-0.41784363985061646,0.3769238293170929,0.39645084738731384,0.22662536799907684
sLaTZtL0ZIk$_$5,Positive,Positive,0.3333333432674408,0.3482290506362915,0.1482655107975006,0.3531183898448944,0.49861612915992737
sMnbpyFqrlE$_$15,Positive,Positive,2.3333332538604736,1.5711547136306763,0.013896843418478966,0.09987211227416992,0.886231005191803
sMnbpyFqrlE$_$0,Positive,Negative,0.6666666865348816,-0.4609034061431885,0.6433568000793457,0.18402862548828125,0.17261455953121185
sPxoGNvnVzg$_$5,Positive,Positive,1.3333333730697632,1.5362799167633057,0.016804009675979614,0.1296449899673462,0.8535510301589966
sPxoGNvnVzg$_$7,Positive,Neutral,1.0,0.910165548324585,0.02963096834719181,0.6462121605873108,0.32415688037872314
sWsDAG6x9n0$_$3,Positive,Positive,2.6666667461395264,1.868666648864746,0.015712162479758263,0.06382666528224945,0.9204611778259277
skp_SpnIOCM$_$2,Positive,Neutral,0.6666666865348816,0.6921405792236328,0.08756380528211594,0.46983468532562256,0.4426014721393585
soqnBdPOwoo$_$4,Neutral,Neutral,0.0,-0.09403331577777863,0.19529709219932556,0.687236487865448,0.11746644228696823
srbrWyZRMCI$_$11,Positive,Neutral,1.0,0.3621021807193756,0.1044342964887619,0.5385786294937134,0.3569870591163635
srbrWyZRMCI$_$1,Positive,Positive,0.3333333432674408,0.8937013149261475,0.014005920849740505,0.20305195450782776,0.7829421162605286
srbrWyZRMCI$_$0,Positive,Positive,0.6666666865348816,0.6408884525299072,0.024245990440249443,0.3845156729221344,0.5912383794784546
srbrWyZRMCI$_$5,Positive,Neutral,1.0,0.685562014579773,0.046962570399045944,0.48625677824020386,0.4667806923389435
srbrWyZRMCI$_$8,Positive,Positive,1.3333333730697632,0.4166070818901062,0.028646672144532204,0.4341253340244293,0.537227988243103
sw-smuVRByI$_$7,Neutral,Negative,0.0,-0.12267830967903137,0.44568848609924316,0.4047949016094208,0.1495165377855301
sw-smuVRByI$_$6,Negative,Neutral,-0.3333333432674408,0.011517069302499294,0.3984890580177307,0.41351497173309326,0.18799591064453125
t0Wi5Nb6kbI$_$10,Negative,Negative,-1.3333333730697632,-0.42558717727661133,0.4010865390300751,0.3797861635684967,0.21912725269794464
t4-ZulW5np4$_$1,Negative,Positive,-0.6666666865348816,0.7724025249481201,0.03067232109606266,0.3265034556388855,0.6428242325782776
t4-ZulW5np4$_$5,Positive,Positive,2.0,0.8627017736434937,0.02683844417333603,0.3045628070831299,0.6685987114906311
t7a3zECpT4k$_$17,Negative,Positive,-0.3333333432674408,0.6613839268684387,0.03271117061376572,0.2830192446708679,0.6842696070671082
tL8RzwWSmAE$_$0,Negative,Positive,-0.3333333432674408,0.8319591283798218,0.1395263671875,0.16596943140029907,0.6945042014122009
tL8RzwWSmAE$_$2,Positive,Positive,0.6666666865348816,0.857473611831665,0.028914131224155426,0.22261829674243927,0.7484675645828247
tQk-eoA7JyE$_$5,Positive,Neutral,0.3333333432674408,0.16418012976646423,0.18683257699012756,0.47986817359924316,0.3332992494106293
tXxf6-CilNI$_$20,Neutral,Neutral,0.0,0.024307938292622566,0.0957849994301796,0.5863027572631836,0.3179122805595398
tXxf6-CilNI$_$21,Negative,Negative,-0.3333333432674408,-1.0435956716537476,0.6982265114784241,0.2733561098575592,0.02841738797724247
tXxf6-CilNI$_$9,Neutral,Neutral,0.0,-0.40061020851135254,0.16906313598155975,0.6785053610801697,0.15243148803710938
ta26Z2YEVMQ$_$0,Positive,Positive,1.3333333730697632,1.187511682510376,0.013198369182646275,0.12230470776557922,0.8644969463348389
ta26Z2YEVMQ$_$2,Negative,Negative,-0.6666666865348816,-0.09265339374542236,0.4555336833000183,0.14576201140880585,0.39870432019233704
taCchyi5h68$_$3,Positive,Positive,0.3333333432674408,0.3256692588329315,0.04561150446534157,0.41502645611763,0.5393620133399963
taGs3-SMoYM$_$3,Positive,Negative,1.0,-0.4742250442504883,0.6682246327400208,0.20011252164840698,0.13166280090808868
taGs3-SMoYM$_$4,Positive,Positive,1.3333333730697632,1.2215216159820557,0.01543340366333723,0.0970248356461525,0.8875417709350586
tdIZZ9v0IGA$_$6,Neutral,Negative,0.0,-0.4823625683784485,0.5501484870910645,0.2784572243690491,0.1713942289352417
tdIZZ9v0IGA$_$8,Positive,Negative,0.3333333432674408,-0.5415185689926147,0.5483334064483643,0.3065115511417389,0.14515501260757446
tgrxA3CiBv0$_$7,Neutral,Positive,0.0,0.46375763416290283,0.08686766773462296,0.3761408030986786,0.5369915962219238
tgrxA3CiBv0$_$8,Positive,Positive,0.6666666865348816,0.3469224274158478,0.12892358005046844,0.3454509973526001,0.5256254076957703
tv8IhQZQuJI$_$12,Negative,Neutral,-1.3333333730697632,-0.7636195421218872,0.4459603726863861,0.46216800808906555,0.0918717011809349
tv8IhQZQuJI$_$5,Neutral,Neutral,0.0,0.03957393020391464,0.10912083089351654,0.6888595223426819,0.20201967656612396
tvE_DucE0_k$_$7,Positive,Positive,0.3333333432674408,0.5650336742401123,0.03419006988406181,0.42944785952568054,0.5363620519638062
tw2xFbfgV4U$_$18,Negative,Negative,-1.3333333730697632,-1.5035459995269775,0.9281178712844849,0.05926933512091637,0.012612811289727688
tw2xFbfgV4U$_$3,Positive,Neutral,0.3333333432674408,0.20474085211753845,0.08228500932455063,0.5191549062728882,0.3985600173473358
tw2xFbfgV4U$_$2,Positive,Positive,0.6666666865348816,0.73249351978302,0.03788028284907341,0.40424269437789917,0.5578770041465759
tw2xFbfgV4U$_$6,Positive,Positive,1.3333333730697632,0.8870334625244141,0.02280142717063427,0.2859000265598297,0.6912985444068909
txjqbr6FoZs$_$7,Positive,Positive,1.0,1.120086669921875,0.014099284075200558,0.1310049146413803,0.854895830154419
u94VPxEIJPg$_$3,Negative,Negative,-0.3333333432674408,-0.3626536726951599,0.6924920082092285,0.14201298356056213,0.16549499332904816
uAExKaLeOl8$_$13,Positive,Neutral,0.6666666865348816,0.13461625576019287,0.12978671491146088,0.6570682525634766,0.21314507722854614
uAExKaLeOl8$_$9,Positive,Neutral,0.6666666865348816,0.1960873007774353,0.10385186225175858,0.6029598712921143,0.293188214302063
uAExKaLeOl8$_$8,Neutral,Neutral,0.0,-0.4299914240837097,0.26206985116004944,0.6753697395324707,0.06256043165922165
uBgRo9tnv-I$_$0,Positive,Positive,0.3333333432674408,0.9486855268478394,0.013497518375515938,0.15389776229858398,0.832604706287384
uBgRo9tnv-I$_$6,Negative,Negative,-0.3333333432674408,-0.45436665415763855,0.7272570729255676,0.18629994988441467,0.0864429697394371
uTWeng4h5eM$_$8,Neutral,Negative,0.0,-1.0667564868927002,0.9184842705726624,0.03676055744290352,0.044755078852176666
uU_3tbZ1zG8$_$14,Positive,Positive,1.0,1.2629634141921997,0.015069912187755108,0.09983476251363754,0.8850953578948975
uU_3tbZ1zG8$_$23,Positive,Positive,1.6666666269302368,0.6759530305862427,0.046380266547203064,0.29142147302627563,0.6621983051300049
uU_3tbZ1zG8$_$1,Negative,Negative,-1.3333333730697632,-0.42613106966018677,0.4785928428173065,0.30356931686401367,0.21783779561519623
uU_3tbZ1zG8$_$21,Positive,Positive,0.6666666865348816,0.7858247756958008,0.027863873168826103,0.22809496521949768,0.7440410852432251
uXYAfpQUYVE$_$22,Positive,Negative,0.3333333432674408,-0.665158748626709,0.5935084223747253,0.3066611886024475,0.09983043372631073
uXYAfpQUYVE$_$5,Negative,Negative,-0.3333333432674408,-0.6707828044891357,0.5339033603668213,0.370614230632782,0.09548243880271912
uXYAfpQUYVE$_$4,Neutral,Neutral,0.0,-0.26328176259994507,0.35014790296554565,0.4739697277545929,0.17588236927986145
uYzZB4ccG1Q$_$24,Positive,Positive,1.0,1.1297526359558105,0.018824445083737373,0.15729182958602905,0.8238837718963623
uYzZB4ccG1Q$_$27,Positive,Positive,1.6666666269302368,1.3175618648529053,0.020083488896489143,0.103024423122406,0.8768921494483948
uYzZB4ccG1Q$_$5,Positive,Neutral,0.3333333432674408,-0.08360202610492706,0.042945120483636856,0.783372700214386,0.17368215322494507
uYzZB4ccG1Q$_$10,Positive,Neutral,0.6666666865348816,0.26701414585113525,0.0936708077788353,0.6463815569877625,0.2599475681781769
uYzZB4ccG1Q$_$15,Neutral,Neutral,0.0,0.09173853695392609,0.06982971727848053,0.6353515982627869,0.2948187589645386
uYzZB4ccG1Q$_$19,Negative,Negative,-0.3333333432674408,-0.3765542507171631,0.5361420512199402,0.3272984027862549,0.13655957579612732
uYzZB4ccG1Q$_$30,Positive,Positive,1.6666666269302368,1.044229507446289,0.018269585445523262,0.15053999423980713,0.8311904072761536
ueCWy7aTmyo$_$14,Negative,Negative,-0.6666666865348816,-1.5554299354553223,0.9126206040382385,0.05287914723157883,0.03450019285082817
ueCWy7aTmyo$_$3,Positive,Neutral,0.6666666865348816,0.46070605516433716,0.04932030290365219,0.47560974955558777,0.47506991028785706
ueCWy7aTmyo$_$5,Positive,Neutral,0.3333333432674408,0.1298694759607315,0.17479915916919708,0.47108083963394165,0.3541199862957001
uxHBEfIhY-E$_$2,Neutral,Neutral,0.0,-0.06378615647554398,0.34723877906799316,0.5573458075523376,0.09541553258895874
uy9MGhVqCp8$_$5,Negative,Negative,-0.3333333432674408,-1.123842716217041,0.8279848694801331,0.1329958587884903,0.03901922330260277
uyOrVTq8Tjk$_$3,Positive,Positive,0.3333333432674408,0.5491703748703003,0.026940971612930298,0.2604532539844513,0.7126057147979736
v1GKBjohgHc$_$2,Negative,Negative,-1.3333333730697632,-1.2402080297470093,0.8647264242172241,0.07137856632471085,0.06389499455690384
v2DFe9X-jCY$_$22,Positive,Positive,1.3333333730697632,0.5114234685897827,0.185224249958992,0.317288339138031,0.4974874258041382
v3l56fl6aJM$_$4,Neutral,Positive,0.0,0.4035273492336273,0.03897463157773018,0.4544993042945862,0.5065261125564575
v5AAvrZuR2U$_$6,Neutral,Positive,0.0,0.5885933637619019,0.05728325992822647,0.3265282213687897,0.6161885261535645
vCWpKubBbcw$_$1,Positive,Neutral,0.6666666865348816,0.32587218284606934,0.07760912925004959,0.5464064478874207,0.37598443031311035
vM3YB7LmMq4$_$28,Positive,Positive,0.3333333432674408,1.4295767545700073,0.011235849931836128,0.126932293176651,0.861831784248352
vM3YB7LmMq4$_$41,Positive,Positive,0.3333333432674408,1.087923526763916,0.01936408318579197,0.20664119720458984,0.7739948034286499
vM3YB7LmMq4$_$8,Positive,Positive,1.0,1.4348657131195068,0.012509885244071484,0.19598586857318878,0.7915042042732239
vM3YB7LmMq4$_$38,Positive,Positive,0.3333333432674408,0.9650251865386963,0.03522920608520508,0.18073846399784088,0.7840323448181152
vM3YB7LmMq4$_$13,Neutral,Positive,0.0,1.2184778451919556,0.012569727376103401,0.12152272462844849,0.8659074902534485
vM3YB7LmMq4$_$33,Positive,Positive,2.0,0.9387876987457275,0.035196155309677124,0.31976762413978577,0.6450362205505371
vM3YB7LmMq4$_$37,Positive,Positive,1.0,1.0331887006759644,0.07099994271993637,0.2193387746810913,0.7096613049507141
vM3YB7LmMq4$_$50,Positive,Neutral,0.6666666865348816,0.804865300655365,0.021814601495862007,0.5456937551498413,0.432491660118103
vM7m581tHn0$_$3,Neutral,Neutral,0.0,0.27036014199256897,0.0488266795873642,0.6217495799064636,0.329423725605011
vM7m581tHn0$_$4,Neutral,Neutral,0.0,0.4381696581840515,0.07431790232658386,0.5064738392829895,0.41920822858810425
vM9AH4EqCaA$_$2,Positive,Positive,1.0,0.5647544264793396,0.0626862496137619,0.25355765223503113,0.6837560534477234
vM9AH4EqCaA$_$6,Positive,Positive,0.6666666865348816,1.223067045211792,0.013176284730434418,0.2533697187900543,0.7334539890289307
vRhj2bLo1ho$_$5,Neutral,Neutral,0.0,-0.579914927482605,0.4202461540699005,0.5342553853988647,0.045498479157686234
vRhj2bLo1ho$_$8,Neutral,Neutral,0.0,-0.39457857608795166,0.15457963943481445,0.627784252166748,0.21763604879379272
vYOr36tdcpc$_$1,Positive,Positive,0.6666666865348816,1.0488260984420776,0.022571397945284843,0.12622269988059998,0.8512059450149536
vYOr36tdcpc$_$0,Positive,Positive,1.3333333730697632,0.6599148511886597,0.12290699034929276,0.2579152286052704,0.6191777586936951
vbVLgaP5IYU$_$0,Positive,Neutral,0.3333333432674408,0.037778157740831375,0.14773190021514893,0.47565484046936035,0.3766132891178131
vlnKSMw5v1o$_$6,Positive,Positive,1.3333333730697632,0.615471363067627,0.06696967035531998,0.3951006829738617,0.5379296541213989
vop7tN_K64I$_$14,Neutral,Neutral,0.0,0.1130727007985115,0.06769105792045593,0.7543262243270874,0.17798259854316711
vop7tN_K64I$_$17,Negative,Negative,-0.3333333432674408,-0.4718117415904999,0.482829749584198,0.4025399684906006,0.11463025957345963
vop7tN_K64I$_$1,Positive,Negative,0.6666666865348816,-0.5878220200538635,0.5643067955970764,0.2917458117008209,0.14394737780094147
vttEPA6Xffk$_$2,Negative,Positive,-0.3333333432674408,0.7887019515037537,0.07702388614416122,0.25214290618896484,0.670833170413971
vwUBtNvjrU4$_$26,Neutral,Neutral,0.0,0.17444956302642822,0.06960434466600418,0.7202278971672058,0.2101677805185318
vwUBtNvjrU4$_$16,Neutral,Neutral,0.0,0.1984718143939972,0.03287476301193237,0.7591444849967957,0.20798072218894958
vwUBtNvjrU4$_$23,Positive,Neutral,0.3333333432674408,0.5939522981643677,0.09376746416091919,0.5392822027206421,0.36695030331611633
vwUBtNvjrU4$_$25,Neutral,Neutral,0.0,0.05281408876180649,0.08778999745845795,0.7715249061584473,0.14068515598773956
w-PFjo89Dpw$_$14,Positive,Positive,0.3333333432674408,0.4745359420776367,0.04730412736535072,0.33818909525871277,0.6145067811012268
w-PFjo89Dpw$_$2,Neutral,Neutral,0.0,0.43714261054992676,0.04537428170442581,0.5082036256790161,0.4464220702648163
w-PFjo89Dpw$_$7,Neutral,Positive,0.0,0.7923847436904907,0.057447902858257294,0.2984522879123688,0.6440998315811157
w1MxXu5D7ho$_$0,Positive,Positive,2.0,1.8075342178344727,0.02446911111474037,0.06984078884124756,0.9056901335716248
wCtZdAdoIm8$_$0,Positive,Positive,0.3333333432674408,0.49346470832824707,0.06925993412733078,0.45557376742362976,0.475166380405426
wEs7pJH2mqQ$_$1,Positive,Positive,1.3333333730697632,1.3644285202026367,0.011417566798627377,0.14178387820720673,0.8467985391616821
wEs7pJH2mqQ$_$3,Negative,Negative,-0.3333333432674408,-0.7347933053970337,0.8000380992889404,0.15605252981185913,0.04390937089920044
wEs7pJH2mqQ$_$7,Negative,Negative,-1.3333333730697632,-0.47635772824287415,0.5800381302833557,0.29664355516433716,0.12331840395927429
wHQYmMZzyJY$_$24,Positive,Positive,1.0,1.3290343284606934,0.0070284390822052956,0.032084785401821136,0.9608867764472961
wHQYmMZzyJY$_$10,Positive,Positive,2.0,1.720165491104126,0.004060771316289902,0.029930924996733665,0.9660082459449768
wHQYmMZzyJY$_$20,Positive,Positive,1.0,0.16366398334503174,0.08329205960035324,0.3401029407978058,0.576604962348938
wHQYmMZzyJY$_$18,Positive,Positive,0.6666666865348816,0.8849530220031738,0.015691222622990608,0.16540080308914185,0.8189079165458679
wI7DDCRh4Nw$_$1,Negative,Positive,-0.6666666865348816,0.27559101581573486,0.23760747909545898,0.3487454056739807,0.41364702582359314
wI7DDCRh4Nw$_$2,Negative,Positive,-0.6666666865348816,0.3050845265388489,0.1088026612997055,0.4436569809913635,0.44754037261009216
wLj_gnNON7A$_$10,Negative,Negative,-1.6666666269302368,-0.9300346970558167,0.70603346824646,0.20358715951442719,0.09037937223911285
wLj_gnNON7A$_$12,Negative,Negative,-2.6666667461395264,-1.0320563316345215,0.8265618085861206,0.1182771846652031,0.05516105890274048
wLj_gnNON7A$_$14,Negative,Negative,-0.3333333432674408,-0.34145140647888184,0.6154510974884033,0.23849710822105408,0.1460518091917038
wLj_gnNON7A$_$5,Negative,Negative,-1.0,-0.9575842022895813,0.8085167407989502,0.12591975927352905,0.06556347012519836
wLj_gnNON7A$_$4,Negative,Neutral,-0.3333333432674408,0.7170903086662292,0.09339102357625961,0.4733562171459198,0.43325275182724
wMggOhhVouA$_$6,Neutral,Positive,0.0,0.8473573923110962,0.03902491182088852,0.46734118461608887,0.49363383650779724
wNx1ZnQ0MDQ$_$9,Positive,Positive,1.3333333730697632,1.3656724691390991,0.011852233670651913,0.14362330734729767,0.8445244431495667
wNx1ZnQ0MDQ$_$8,Neutral,Negative,0.0,-0.11069904267787933,0.3873133063316345,0.3719389736652374,0.24074774980545044
wNx1ZnQ0MDQ$_$4,Positive,Positive,0.3333333432674408,0.12822100520133972,0.27806445956230164,0.3523687720298767,0.3695667088031769
wOKWTFYYMuk$_$9,Positive,Positive,1.0,-0.12137432396411896,0.06527308374643326,0.44807636737823486,0.4866504967212677
wOjnqud5GBA$_$4,Positive,Neutral,0.3333333432674408,-0.09816305339336395,0.3239898681640625,0.5242069363594055,0.1518031805753708
wR3zalLV_6c$_$5,Negative,Neutral,-1.0,-0.21493573486804962,0.2851504385471344,0.45169496536254883,0.2631545960903168
wR3zalLV_6c$_$14,Positive,Positive,1.3333333730697632,0.5258983373641968,0.0680115595459938,0.4241267442703247,0.5078616738319397
wRKVNiABc0w$_$12,Positive,Neutral,1.0,0.20941145718097687,0.18624013662338257,0.5426552891731262,0.2711046040058136
wRKVNiABc0w$_$14,Negative,Neutral,-0.3333333432674408,-0.2920733094215393,0.11697494238615036,0.6279089450836182,0.2551160752773285
wRKVNiABc0w$_$1,Negative,Negative,-0.6666666865348816,-0.2198607325553894,0.4470903277397156,0.437796413898468,0.1151132881641388
w_qYZSVx2dM$_$13,Positive,Positive,0.6666666865348816,0.6576261520385742,0.041348885744810104,0.41734856367111206,0.541302502155304
w_qYZSVx2dM$_$12,Positive,Positive,0.3333333432674408,0.8638954162597656,0.01693417876958847,0.17124433815479279,0.811821460723877
w_qYZSVx2dM$_$9,Positive,Positive,2.0,0.7902615070343018,0.01464646216481924,0.45020392537117004,0.5351496934890747
wb7CfuiIZFQ$_$5,Positive,Positive,1.3333333730697632,1.437829613685608,0.013295020908117294,0.10992821305990219,0.8767767548561096
wd-LTpCtAzw$_$14,Positive,Negative,1.6666666269302368,-0.7819989323616028,0.6515311598777771,0.24371854960918427,0.1047503650188446
wd-LTpCtAzw$_$1,Positive,Positive,2.3333332538604736,1.6910085678100586,0.013630812056362629,0.047058045864105225,0.9393110871315002
wd-LTpCtAzw$_$9,Positive,Positive,1.0,0.5198304653167725,0.14447864890098572,0.3758368492126465,0.4796845316886902
wdU-0bttAkc$_$3,Positive,Neutral,0.6666666865348816,0.2648587226867676,0.10808882117271423,0.7201482057571411,0.17176298797130585
werKCgZ5dFE$_$14,Negative,Negative,-0.6666666865348816,-0.9047476053237915,0.8429577350616455,0.06728250533342361,0.08975975215435028
wfLrS6CdFs4$_$0,Positive,Positive,1.0,1.0982602834701538,0.031193871051073074,0.3034650385379791,0.6653410792350769
wgCSuviySwg$_$0,Positive,Positive,1.6666666269302368,1.3361132144927979,0.016028419137001038,0.3060521185398102,0.6779194474220276
wj3ur4fsiN4$_$24,Positive,Positive,0.3333333432674408,1.0444817543029785,0.03309723362326622,0.18721529841423035,0.7796875238418579
wj3ur4fsiN4$_$3,Positive,Neutral,0.3333333432674408,0.28882265090942383,0.0653659850358963,0.6852878928184509,0.249346062541008
wj3ur4fsiN4$_$2,Positive,Neutral,0.3333333432674408,0.19900983572006226,0.046900562942028046,0.5734025835990906,0.3796968162059784
wj3ur4fsiN4$_$13,Neutral,Neutral,0.0,0.08203007280826569,0.16869738698005676,0.5404319763183594,0.2908705770969391
wj3ur4fsiN4$_$17,Positive,Negative,0.6666666865348816,-0.06128878891468048,0.4284016788005829,0.30046209692955017,0.27113616466522217
wrQVnClcNPM$_$11,Positive,Positive,1.3333333730697632,1.5632004737854004,0.04396779462695122,0.07194717973470688,0.8840849995613098
wrQVnClcNPM$_$12,Positive,Positive,2.3333332538604736,1.7937445640563965,0.018525483086705208,0.054659899324178696,0.9268145561218262
wrQVnClcNPM$_$16,Positive,Positive,2.0,1.2286295890808105,0.04118206724524498,0.16094890236854553,0.7978690266609192
wrQVnClcNPM$_$2,Neutral,Neutral,0.0,0.31357917189598083,0.026364175602793694,0.8642580509185791,0.10937775671482086
wrQVnClcNPM$_$5,Neutral,Neutral,0.0,-0.04863815754652023,0.03392443060874939,0.8451648950576782,0.1209106519818306
wxxqXK9x-64$_$2,Neutral,Positive,0.0,0.48077887296676636,0.07419933378696442,0.3999035656452179,0.5258970260620117
wz3nVBPVgIA$_$6,Positive,Positive,1.0,0.7057329416275024,0.182953342795372,0.23913529515266418,0.577911376953125
x92920ole0w$_$18,Neutral,Positive,0.0,0.14406196773052216,0.16033242642879486,0.36426737904548645,0.4754002094268799
x9E8yaFCX0Y$_$5,Positive,Positive,0.6666666865348816,0.6282583475112915,0.15548615157604218,0.2787435054779053,0.5657703280448914
x9E8yaFCX0Y$_$4,Positive,Neutral,1.0,0.1417582631111145,0.1462743580341339,0.6244414448738098,0.22928419709205627
x9E8yaFCX0Y$_$7,Positive,Neutral,0.6666666865348816,-0.19843122363090515,0.32943615317344666,0.41976460814476013,0.25079911947250366
xNYsfeSgDCQ$_$1,Positive,Positive,1.3333333730697632,1.1294004917144775,0.020459935069084167,0.3130168914794922,0.6665231585502625
xNYsfeSgDCQ$_$4,Positive,Neutral,1.0,0.6179696321487427,0.05066334083676338,0.5118658542633057,0.43747082352638245
xP81rX2ATLI$_$2,Negative,Negative,-0.3333333432674408,-1.087634563446045,0.7369704246520996,0.16341836750507355,0.09961119294166565
xP81rX2ATLI$_$6,Negative,Neutral,-0.6666666865348816,0.12904785573482513,0.20870007574558258,0.4690583050251007,0.3222416043281555
xPhlDO-2Foc$_$2,Negative,Negative,-0.3333333432674408,-0.24090363085269928,0.6206629872322083,0.25015121698379517,0.1291857808828354
xRJXYUZVdas$_$1,Positive,Neutral,1.0,0.2738058269023895,0.0429384782910347,0.6042219400405884,0.35283949971199036
xTBBDx3DkXQ$_$10,Positive,Positive,1.6666666269302368,0.9141061305999756,0.037117429077625275,0.15754711627960205,0.8053354620933533
xUz5cCA-oTo$_$14,Neutral,Neutral,0.0,0.7747780680656433,0.05448028817772865,0.60612952709198,0.33939021825790405
xXIq7YPkdUQ$_$1,Positive,Neutral,0.3333333432674408,0.993537425994873,0.03865963965654373,0.4948943555355072,0.46644601225852966
xXIq7YPkdUQ$_$2,Positive,Neutral,0.3333333432674408,0.7481064200401306,0.04284810647368431,0.528507649898529,0.4286442697048187
xXIq7YPkdUQ$_$4,Positive,Positive,1.6666666269302368,1.5160291194915771,0.004998308140784502,0.08755896985530853,0.9074426889419556
xYtNgq9eTlg$_$6,Positive,Neutral,0.3333333432674408,0.3277548551559448,0.04810234531760216,0.5350645184516907,0.41683313250541687
xZ1FrxU6hcg$_$23,Positive,Neutral,0.3333333432674408,-0.3060794472694397,0.2792586386203766,0.4848743677139282,0.2358669936656952
xZ1FrxU6hcg$_$6,Positive,Positive,0.3333333432674408,0.44608187675476074,0.07493343949317932,0.3042716979980469,0.6207948327064514
xaSf1d13WoY$_$13,Positive,Positive,1.0,0.5387113094329834,0.07616908103227615,0.2957623302936554,0.6280686259269714
xaSf1d13WoY$_$1,Positive,Negative,1.0,-0.5945630073547363,0.674302875995636,0.2028798609972,0.12281724065542221
xaSf1d13WoY$_$4,Neutral,Neutral,0.0,-0.08185040950775146,0.04926588013768196,0.7279487252235413,0.2227853685617447
xbl7bU5PGBs$_$0,Positive,Negative,0.6666666865348816,0.3997045159339905,0.49677959084510803,0.18085671961307526,0.3223637342453003
xfP0bm6Z-7E$_$2,Positive,Positive,0.3333333432674408,0.9342650175094604,0.030458152294158936,0.16462939977645874,0.8049123883247375
xge9aYTxxOA$_$0,Negative,Negative,-1.3333333730697632,-0.8770524263381958,0.7885971069335938,0.13855500519275665,0.07284794747829437
xiRUWSUrGSg$_$0,Positive,Negative,0.3333333432674408,-0.23451614379882812,0.4161519408226013,0.22364464402198792,0.36020344495773315
xiRUWSUrGSg$_$4,Negative,Negative,-0.6666666865348816,-1.275229573249817,0.942125141620636,0.02765275351703167,0.0302220918238163
xk4C4p5vHDk$_$12,Positive,Positive,1.3333333730697632,0.6599998474121094,0.05494512990117073,0.17982067167758942,0.7652341723442078
xk4C4p5vHDk$_$1,Positive,Positive,2.0,1.4297904968261719,0.024748776108026505,0.1227613091468811,0.8524898886680603
xn9_4n4NpEw$_$10,Positive,Neutral,0.5,0.38172775506973267,0.029346222057938576,0.6191261410713196,0.3515276610851288
xn9_4n4NpEw$_$5,Positive,Neutral,0.6666666865348816,0.010603186674416065,0.09138128161430359,0.6050418615341187,0.30357688665390015
xn9_4n4NpEw$_$7,Positive,Neutral,0.1666666716337204,-0.28328415751457214,0.162409707903862,0.7206277847290039,0.1169624924659729
xnNZyfhusAk$_$2,Positive,Negative,0.3333333432674408,-0.4272284209728241,0.793645977973938,0.06730344891548157,0.13905058801174164
xomMHflvVDw$_$1,Neutral,Neutral,0.0,0.3985286355018616,0.06204693391919136,0.7006457448005676,0.2373073399066925
xomMHflvVDw$_$0,Neutral,Neutral,0.0,0.033513378351926804,0.03776346147060394,0.7476937770843506,0.21454276144504547
xomMHflvVDw$_$3,Neutral,Neutral,0.0,0.06867901980876923,0.036612387746572495,0.7269603610038757,0.23642727732658386
xomMHflvVDw$_$6,Neutral,Neutral,0.0,0.14817555248737335,0.06747845560312271,0.7450399398803711,0.18748167157173157
xu53lk4dhSc$_$13,Positive,Neutral,0.3333333432674408,0.2600173056125641,0.09095799922943115,0.5960984230041504,0.3129436671733856
xu53lk4dhSc$_$20,Neutral,Neutral,0.0,-0.28477743268013,0.18043199181556702,0.6610324382781982,0.15853555500507355
xu53lk4dhSc$_$14,Negative,Negative,-1.0,-0.5841803550720215,0.4890521466732025,0.42570847272872925,0.08523926883935928
xu53lk4dhSc$_$17,Positive,Positive,0.3333333432674408,0.20349673926830292,0.3036869466304779,0.30317437648773193,0.3931386172771454
xu53lk4dhSc$_$9,Positive,Negative,1.3333333730697632,-0.17486900091171265,0.5624101161956787,0.22050292789936066,0.21708694100379944
xvnFF0FiyS4$_$6,Neutral,Positive,0.0,1.2074406147003174,0.011712024919688702,0.23157575726509094,0.7567121982574463
xvnFF0FiyS4$_$8,Positive,Positive,1.0,1.0110385417938232,0.028003660961985588,0.3080073893070221,0.6639889478683472
xwNQ7QuXaps$_$5,Positive,Positive,1.3333333730697632,0.7656453251838684,0.26438185572624207,0.22145989537239075,0.5141581892967224
xyOa9ivNrg4$_$0,Neutral,Positive,0.0,0.7760791182518005,0.016644787043333054,0.4437046945095062,0.5396504998207092
y-nEcwAyQos$_$11,Positive,Positive,1.0,0.6328669190406799,0.040613915771245956,0.3369632065296173,0.6224228143692017
y-nEcwAyQos$_$4,Negative,Neutral,-0.3333333432674408,-0.10890848934650421,0.3425889015197754,0.4907156229019165,0.1666954904794693
yBGuxyO-ElM$_$2,Positive,Neutral,1.0,0.09731948375701904,0.20206589996814728,0.4081445038318634,0.3897895812988281
yDIFWzOBjXc$_$22,Positive,Positive,0.6666666865348816,0.4040023684501648,0.04323933273553848,0.4629528820514679,0.49380776286125183
yDIFWzOBjXc$_$23,Neutral,Neutral,0.0,0.4787673354148865,0.0656413808465004,0.47134289145469666,0.46301573514938354
yDIFWzOBjXc$_$40,Positive,Positive,1.0,1.2049496173858643,0.0071120006032288074,0.09319324791431427,0.8996947407722473
yDIFWzOBjXc$_$13,Positive,Neutral,0.3333333432674408,0.222102552652359,0.03446728363633156,0.6464092135429382,0.3191235661506653
yDIFWzOBjXc$_$15,Neutral,Neutral,0.0,0.050546396523714066,0.0765666663646698,0.5520383715629578,0.3713949918746948
yDIFWzOBjXc$_$19,Positive,Positive,0.3333333432674408,0.48008155822753906,0.022646192461252213,0.38096389174461365,0.5963900089263916
yDIFWzOBjXc$_$30,Neutral,Neutral,0.0,-0.11034399271011353,0.10709279775619507,0.7037326693534851,0.18917448818683624
yEtfjJOMMCs$_$21,Positive,Positive,0.6666666865348816,0.6904315948486328,0.10920093208551407,0.4189610183238983,0.4718380272388458
yEtfjJOMMCs$_$3,Negative,Positive,-0.3333333432674408,0.3670879006385803,0.10252565145492554,0.3693771958351135,0.5280971527099609
yEtfjJOMMCs$_$4,Negative,Negative,-0.3333333432674408,-0.43664708733558655,0.4898674190044403,0.3763454258441925,0.13378721475601196
yEtfjJOMMCs$_$7,Positive,Positive,0.3333333432674408,0.39951634407043457,0.2370416820049286,0.3636399507522583,0.3993183374404907
yEtfjJOMMCs$_$11,Positive,Positive,0.6666666865348816,0.9150863885879517,0.05663779750466347,0.3563208281993866,0.5870413780212402
yEtfjJOMMCs$_$15,Positive,Negative,0.3333333432674408,0.04075156897306442,0.6232349872589111,0.19422492384910583,0.18254004418849945
yEtfjJOMMCs$_$14,Neutral,Negative,0.0,-0.20263150334358215,0.454082727432251,0.35864120721817017,0.18727606534957886
yHtR71rx16I$_$3,Neutral,Neutral,0.0,-0.3942428231239319,0.4238446354866028,0.46891000866889954,0.1072452962398529
yKdIZR5xfcc$_$11,Positive,Neutral,1.0,0.2759929895401001,0.20498278737068176,0.5686695575714111,0.2263476401567459
yKdIZR5xfcc$_$12,Positive,Positive,2.0,1.501098871231079,0.0095684127882123,0.16106541454792023,0.8293662071228027
yKdIZR5xfcc$_$4,Negative,Neutral,-0.6666666865348816,-0.7045460939407349,0.3038925528526306,0.5601488947868347,0.13595858216285706
yKdIZR5xfcc$_$7,Neutral,Neutral,0.0,0.18054470419883728,0.0345458909869194,0.766146719455719,0.1993073970079422
yKdIZR5xfcc$_$9,Positive,Positive,0.6666666865348816,0.9971820116043091,0.011613340117037296,0.3253243565559387,0.6630622744560242
yKdIZR5xfcc$_$8,Positive,Positive,1.0,0.9233101606369019,0.023522835224866867,0.3720813989639282,0.6043957471847534
yOQHOiswVjc$_$13,Positive,Negative,0.6666666865348816,-0.3260352909564972,0.5179309844970703,0.1724408119916916,0.3096282482147217
yOQHOiswVjc$_$15,Positive,Positive,2.0,0.8412543535232544,0.03713861480355263,0.21622127294540405,0.746640145778656
yOQHOiswVjc$_$1,Positive,Positive,0.3333333432674408,0.031491026282310486,0.16610443592071533,0.26326966285705566,0.570625901222229
ySfHPyaDbqY$_$7,Neutral,Neutral,0.0,0.10060416162014008,0.20185250043869019,0.49250873923301697,0.30563873052597046
ygb8Cfxghbs$_$15,Positive,Positive,0.6666666865348816,0.6422744989395142,0.018492907285690308,0.2402091920375824,0.7412979006767273
ygb8Cfxghbs$_$14,Positive,Positive,0.3333333432674408,0.39739447832107544,0.017918145284056664,0.47305676341056824,0.5090251564979553
ygb8Cfxghbs$_$0,Positive,Positive,1.0,0.6437875628471375,0.026102768257260323,0.3709224760532379,0.6029747128486633
ygb8Cfxghbs$_$7,Neutral,Neutral,0.0,0.2476683259010315,0.0559040904045105,0.6456739902496338,0.2984218895435333
ymPQOY2O_nw$_$0,Neutral,Neutral,0.0,-0.4143427312374115,0.08278533816337585,0.7088131308555603,0.20840145647525787
yp6Gd2NPwOU$_$6,Positive,Positive,0.3333333432674408,0.4283628463745117,0.11069508641958237,0.39015910029411316,0.4991457760334015
yp6Gd2NPwOU$_$9,Positive,Positive,1.3333333730697632,0.9200670719146729,0.02495678700506687,0.253345251083374,0.721697986125946
yrIXBklJ5YQ$_$1,Neutral,Positive,0.0,0.7151825428009033,0.08526681363582611,0.4171198010444641,0.4976133108139038
yrIXBklJ5YQ$_$0,Negative,Negative,-1.0,-0.9305271506309509,0.7451735734939575,0.22323626279830933,0.03159025311470032
yrIXBklJ5YQ$_$3,Positive,Positive,1.6666666269302368,1.0259590148925781,0.16304178535938263,0.15419979393482208,0.6827583909034729
yyToAEoUuek$_$3,Neutral,Neutral,0.0,-0.0638624057173729,0.045510947704315186,0.7394790053367615,0.21500997245311737
z6E-ocntPo4$_$2,Positive,Positive,1.3333333730697632,0.9954344034194946,0.09054309874773026,0.1508522629737854,0.7586045861244202
z6E-ocntPo4$_$4,Positive,Positive,2.0,1.429687738418579,0.018210329115390778,0.10557837784290314,0.8762113451957703
z6E-ocntPo4$_$9,Positive,Neutral,1.3333333730697632,-0.11051484942436218,0.2696331739425659,0.42182493209838867,0.3085419237613678
z6E-ocntPo4$_$8,Neutral,Neutral,0.0,0.059173353016376495,0.23669379949569702,0.5474135279655457,0.2158927023410797
z7FicxE_pMU$_$18,Positive,Negative,0.3333333432674408,-0.8594335317611694,0.8911393284797668,0.04991554468870163,0.05894513055682182
z7FicxE_pMU$_$7,Positive,Negative,1.3333333730697632,-0.41690582036972046,0.4912918508052826,0.31223294138908386,0.19647520780563354
z8bWG2z-bMM$_$1,Positive,Positive,0.6666666865348816,0.39062291383743286,0.05986713990569115,0.4272194802761078,0.5129134058952332
z8bWG2z-bMM$_$5,Neutral,Neutral,0.0,0.31270119547843933,0.0629030242562294,0.538179337978363,0.39891764521598816
zFTuwjr3xq0$_$4,Negative,Neutral,-0.3333333432674408,-0.21008603274822235,0.3496066927909851,0.6005092263221741,0.049884095788002014
zFuRNvfC4So$_$14,Positive,Positive,0.3333333432674408,0.48890209197998047,0.07087793201208115,0.36573776602745056,0.5633842945098877
zFuRNvfC4So$_$7,Positive,Positive,1.6666666269302368,0.5234031677246094,0.09794656932353973,0.32939839363098145,0.5726550817489624
zJWmmDk9fCE$_$0,Neutral,Neutral,0.0,0.12837974727153778,0.07925195246934891,0.5316975116729736,0.38905054330825806
zJWmmDk9fCE$_$10,Positive,Neutral,0.3333333432674408,-0.08125263452529907,0.3477809727191925,0.4425886869430542,0.2096303254365921
zOHZDq2BvGo$_$0,Positive,Positive,0.3333333432674408,-0.03101489692926407,0.3480035960674286,0.24913963675498962,0.402856707572937
zPskvGHHQtE$_$0,Positive,Positive,0.3333333432674408,0.7284150719642639,0.020725704729557037,0.3444038927555084,0.6348704099655151
zR62DCEMWgs$_$0,Positive,Positive,1.3333333730697632,0.7548644542694092,0.3172983229160309,0.13145339488983154,0.5512482523918152
zU2_X9lIcUM$_$2,Positive,Neutral,0.3333333432674408,-0.21168461441993713,0.18564532697200775,0.6236691474914551,0.19068560004234314
zU2_X9lIcUM$_$5,Neutral,Neutral,0.0,0.4947221875190735,0.06117534637451172,0.5137572884559631,0.42506739497184753
zU2_X9lIcUM$_$4,Positive,Positive,0.6666666865348816,0.831422746181488,0.04064222425222397,0.41302043199539185,0.5463373064994812
zaTyjiyrHnk$_$6,Positive,Positive,1.6666666269302368,1.4680230617523193,0.007104611024260521,0.10947337746620178,0.8834220170974731
zeQKU2L173M$_$5,Neutral,Neutral,0.0,0.22792041301727295,0.05164202302694321,0.7121911644935608,0.2361668050289154
zeQKU2L173M$_$9,Positive,Positive,1.6666666269302368,0.3561822772026062,0.07162685692310333,0.4067486524581909,0.5216245055198669
zg-ZIxVsBbQ$_$0,Positive,Negative,0.3333333432674408,-0.4100302457809448,0.5795487761497498,0.2965627610683441,0.12388841062784195
zj4PzGtFwJM$_$1,Neutral,Neutral,0.0,-0.6590976715087891,0.384358674287796,0.51474529504776,0.10089608281850815
zqkawTdHN5s$_$1,Positive,Positive,1.0,1.1207468509674072,0.021815098822116852,0.1893429458141327,0.7888419032096863
zrFZAofNGi4$_$10,Negative,Negative,-2.3333332538604736,-0.9998019933700562,0.8799960613250732,0.04914942756295204,0.07085458189249039
zwTrXwi54us$_$12,Positive,Positive,1.6666666269302368,1.2424662113189697,0.012518202885985374,0.08773981034755707,0.8997420072555542
zwTrXwi54us$_$0,Neutral,Neutral,0.0,0.20727697014808655,0.04997023940086365,0.5659835338592529,0.38404619693756104
zwTrXwi54us$_$9,Positive,Positive,0.6666666865348816,0.20866066217422485,0.1204816922545433,0.3958113193511963,0.4837069809436798
